id,target
1094682,6
1150260,6
1196783,6
1257567,6
1176766,6
1063479,6
1101996,6
1140779,6
1151597,6
1067794,6
1316705,6
1186622,6
1006497,6
1044644,6
1226494,6
1196236,6
1191206,6
1072919,6
1156729,6
1258578,6
1106647,6
1088813,6
1207903,6
1021105,6
1131932,6
1154440,6
1073073,6
1285557,6
1183964,6
1234489,6
1298857,6
1319242,6
1176703,6
1277924,6
1053878,6
1025987,6
1240412,6
1095542,6
1270590,6
1134577,6
1082826,6
1113345,6
1017311,6
1244042,6
1143426,6
1276167,6
1001147,6
1086369,6
1190648,6
1168667,6
1091687,6
1207952,6
1315534,6
1192733,6
1018522,6
1012459,6
1197253,6
1087867,6
1092494,6
1007583,6
1259805,6
1146001,6
1027971,6
1119573,6
1275994,6
1151426,6
1149516,6
1167270,6
1130507,6
1263504,6
1040415,6
1281670,6
1201892,6
1114269,6
1084994,6
1049724,6
1189082,6
1146531,6
1155358,6
1317519,6
1314231,6
1031859,6
1076457,6
1115357,6
1301328,6
1026965,6
1239061,6
1133727,6
1218783,6
1153788,6
1041920,6
1110034,6
1108793,6
1209292,6
1209313,6
1135313,6
1266344,6
1295095,6
1300636,6
1002961,6
1113722,6
1114832,6
1048942,6
1144293,6
1135260,6
1243769,6
1088910,6
1226109,6
1080762,6
1082454,6
1116494,6
1224621,6
1186813,6
1163938,6
1162106,6
1038938,6
1210331,6
1072457,6
1111032,6
1011591,6
1228633,6
1131381,6
1265074,6
1284888,6
1131985,6
1122843,6
1207945,6
1126346,6
1322884,6
1082032,6
1321150,6
1113178,6
1297924,6
1085567,6
1281380,6
1244611,6
1321901,6
1212181,6
1036651,6
1249622,6
1076132,6
1308624,6
1222482,6
1083484,6
1309944,6
1291318,6
1046714,6
1095614,6
1196779,6
1093189,6
1212354,6
1012828,6
1178423,6
1087817,6
1206589,6
1164153,6
1185544,6
1012210,6
1296749,6
1048923,6
1304675,6
1280795,6
1038278,6
1074306,6
1298659,6
1136059,6
1220631,6
1058296,6
1196312,6
1246194,6
1016525,6
1121372,6
1252491,6
1123737,6
1268492,6
1220292,6
1027688,6
1207154,6
1258440,6
1088257,6
1045834,6
1222619,6
1193827,6
1079722,6
1090022,6
1205846,6
1047873,6
1022666,6
1122149,6
1010797,6
1275146,6
1114586,6
1138258,6
1221026,6
1121884,6
1093243,6
1117449,6
1299758,6
1242076,6
1288398,6
1054374,6
1268168,6
1111288,6
1256669,6
1317194,6
1038748,6
1052549,6
1294082,6
1157985,6
1291458,6
1182069,6
1139684,6
1008705,6
1287572,6
1084871,6
1168666,6
1134441,6
1246559,6
1088410,6
1319546,6
1120666,6
1312955,6
1262856,6
1292171,6
1314910,6
1267569,6
1282119,6
1294664,6
1084957,6
1093525,6
1145722,6
1116067,6
1137641,6
1148943,6
1034421,6
1167374,6
1276004,6
1280608,6
1104384,6
1166037,6
1178063,6
1150297,6
1127011,6
1101335,6
1079005,6
1208141,6
1098574,6
1043643,6
1001113,6
1164951,6
1018872,6
1226304,6
1255899,6
1188258,6
1048656,6
1218923,6
1272323,6
1113616,6
1148126,6
1214036,6
1075270,6
1113403,6
1172723,6
1040263,6
1018102,6
1196468,6
1296825,6
1314797,6
1075911,6
1031139,6
1161020,6
1243450,6
1162181,6
1181371,6
1063933,6
1311454,6
1156349,6
1063136,6
1063429,6
1264873,6
1172694,6
1044639,6
1185872,6
1005568,6
1038740,6
1214792,6
1299824,6
1101034,6
1053922,6
1002841,6
1159341,6
1307577,6
1173953,6
1057841,6
1151112,6
1154706,6
1325090,6
1122749,6
1176955,6
1297040,6
1171741,6
1124684,6
1096325,6
1146155,6
1179074,6
1246894,6
1210244,6
1071580,6
1299896,6
1185036,6
1226699,6
1205066,6
1009726,6
1227177,6
1099616,6
1292204,6
1085828,6
1041619,6
1007398,6
1060051,6
1081681,6
1135758,6
1241207,6
1280910,6
1069932,6
1285477,6
1285252,6
1210011,6
1091732,6
1139788,6
1131857,6
1282760,6
1052439,6
1172220,6
1260896,6
1016217,6
1233224,6
1223169,6
1086007,6
1135985,6
1306790,6
1070283,6
1177535,6
1145529,6
1021688,6
1052920,6
1269359,6
1273072,6
1268347,6
1285306,6
1061575,6
1103807,6
1145928,6
1244237,6
1176121,6
1212008,6
1161897,6
1001142,6
1025697,6
1197866,6
1000543,6
1174364,6
1160787,6
1111951,6
1052338,6
1051562,6
1019600,6
1310481,6
1143852,6
1132129,6
1062296,6
1273126,6
1227155,6
1221433,6
1005770,6
1245912,6
1108436,6
1227201,6
1142859,6
1168702,6
1101501,6
1057590,6
1124039,6
1138467,6
1140820,6
1303442,6
1246728,6
1264442,6
1025068,6
1046926,6
1318455,6
1177623,6
1022304,6
1222491,6
1150186,6
1300770,6
1177213,6
1088862,6
1001470,6
1164626,6
1243076,6
1208190,6
1266726,6
1138365,6
1059868,6
1137880,6
1268787,6
1005120,6
1021003,6
1171536,6
1230227,6
1058571,6
1138313,6
1272639,6
1134015,6
1189151,6
1136062,6
1177704,6
1197182,6
1233633,6
1122425,6
1321024,6
1276963,6
1074011,6
1122994,6
1201595,6
1130740,6
1201344,6
1069396,6
1181045,6
1186669,6
1178561,6
1239952,6
1319055,6
1061382,6
1122414,6
1018788,6
1061010,6
1141653,6
1166656,6
1059457,6
1254696,6
1099211,6
1149467,6
1246463,6
1258390,6
1121010,6
1177799,6
1029751,6
1156907,6
1028125,6
1297222,6
1047233,6
1170601,6
1223480,6
1299295,6
1026219,6
1185212,6
1325468,6
1320518,6
1219863,6
1284375,6
1104792,6
1029887,6
1032265,6
1200220,6
1053191,6
1061590,6
1264743,6
1260341,6
1168795,6
1038725,6
1224628,6
1240428,6
1243510,6
1217469,6
1003369,6
1157374,6
1188797,6
1162642,6
1052971,6
1095358,6
1284241,6
1098730,6
1097502,6
1199547,6
1176007,6
1039618,6
1268754,6
1064462,6
1172248,6
1192724,6
1230398,6
1254147,6
1258699,6
1251189,6
1115533,6
1248216,6
1249881,6
1301084,6
1187961,6
1082246,6
1179999,6
1281004,6
1314411,6
1209858,6
1051279,6
1163726,6
1055545,6
1238814,6
1303637,6
1018136,6
1013374,6
1130893,6
1006822,6
1100875,6
1281302,6
1166688,6
1044919,6
1307306,6
1113675,6
1028615,6
1114179,6
1159163,6
1053002,6
1277143,6
1023776,6
1183316,6
1139676,6
1125519,6
1310725,6
1230912,6
1012267,6
1135410,6
1291803,6
1144713,6
1247310,6
1129169,6
1028320,6
1063600,6
1053694,6
1231024,6
1008673,6
1019506,6
1034700,6
1216491,6
1105976,6
1082944,6
1211448,6
1162849,6
1283354,6
1080017,6
1306087,6
1317294,6
1079122,6
1301568,6
1173754,6
1111277,6
1154896,6
1314075,6
1183193,6
1227534,6
1035040,6
1123558,6
1055218,6
1304855,6
1165364,6
1137176,6
1003923,6
1048353,6
1099168,6
1118844,6
1225798,6
1234813,6
1310943,6
1079161,6
1270479,6
1280335,6
1124919,6
1060180,6
1066224,6
1000891,6
1318812,6
1294863,6
1198500,6
1036631,6
1050839,6
1243512,6
1249577,6
1090972,6
1243152,6
1059844,6
1043136,6
1130115,6
1193823,6
1090605,6
1150355,6
1260926,6
1270026,6
1019585,6
1097776,6
1201935,6
1237497,6
1022338,6
1052703,6
1265516,6
1307479,6
1322351,6
1243753,6
1303999,6
1243636,6
1233108,6
1053886,6
1264818,6
1142995,6
1023307,6
1185074,6
1124581,6
1135370,6
1235182,6
1101250,6
1042012,6
1093259,6
1263622,6
1053485,6
1007865,6
1274898,6
1084857,6
1097249,6
1018881,6
1207346,6
1224935,6
1225299,6
1219516,6
1055073,6
1020715,6
1125714,6
1076930,6
1242126,6
1256198,6
1302990,6
1250716,6
1013388,6
1061850,6
1102264,6
1121989,6
1052205,6
1017181,6
1265339,6
1050097,6
1134416,6
1319855,6
1193958,6
1319025,6
1116608,6
1098409,6
1227194,6
1119333,6
1097315,6
1257943,6
1233126,6
1242167,6
1306660,6
1208627,6
1296464,6
1005663,6
1025865,6
1325664,6
1193051,6
1059119,6
1050611,6
1232779,6
1219664,6
1061890,6
1325748,6
1246825,6
1174149,6
1198104,6
1245532,6
1238299,6
1145616,6
1120006,6
1288462,6
1295340,6
1030389,6
1176344,6
1146537,6
1200973,6
1027551,6
1016468,6
1021710,6
1205853,6
1125466,6
1294392,6
1160331,6
1100834,6
1210324,6
1086772,6
1285069,6
1045665,6
1034963,6
1061345,6
1134688,6
1011051,6
1066924,6
1142131,6
1101307,6
1259317,6
1271704,6
1119266,6
1302743,6
1046641,6
1170873,6
1019148,6
1134383,6
1244617,6
1278394,6
1266510,6
1114517,6
1295596,6
1025158,6
1220145,6
1114335,6
1272363,6
1023872,6
1011918,6
1041836,6
1010863,6
1263794,6
1164064,6
1313243,6
1304795,6
1263786,6
1296105,6
1318319,6
1130384,6
1302783,6
1086296,6
1133862,6
1291758,6
1100893,6
1131747,6
1011146,6
1166040,6
1209328,6
1157679,6
1301847,6
1031733,6
1123757,6
1158531,6
1148008,6
1073828,6
1297971,6
1058187,6
1125170,6
1046977,6
1298906,6
1015297,6
1108280,6
1125071,6
1323969,6
1257835,6
1085238,6
1093198,6
1282748,6
1229288,6
1271408,6
1175393,6
1096912,6
1261451,6
1282845,6
1262519,6
1142718,6
1212483,6
1281319,6
1064823,6
1025453,6
1259731,6
1297531,6
1004247,6
1028348,6
1249895,6
1188267,6
1054062,6
1133738,6
1041550,6
1047946,6
1303121,6
1299827,6
1231744,6
1235724,6
1276422,6
1240706,6
1291706,6
1318757,6
1045625,6
1110173,6
1304036,6
1202052,6
1160873,6
1242450,6
1154532,6
1291859,6
1289749,6
1130276,6
1048530,6
1074302,6
1300779,6
1062022,6
1143193,6
1115881,6
1283268,6
1002013,6
1103085,6
1224080,6
1030764,6
1039338,6
1221514,6
1088177,6
1239756,6
1187611,6
1214825,6
1220494,6
1267939,6
1110648,6
1003675,6
1246209,6
1121070,6
1149657,6
1294325,6
1037371,6
1178665,6
1301758,6
1190427,6
1314756,6
1030910,6
1098072,6
1270678,6
1232115,6
1022663,6
1073743,6
1283358,6
1159186,6
1045362,6
1150800,6
1243754,6
1102979,6
1110117,6
1212706,6
1094637,6
1130966,6
1287718,6
1148388,6
1059114,6
1104175,6
1075574,6
1173190,6
1274802,6
1098821,6
1039348,6
1213615,6
1131941,6
1295773,6
1066340,6
1047199,6
1138114,6
1261687,6
1066073,6
1151352,6
1139856,6
1213374,6
1154254,6
1188835,6
1197582,6
1275028,6
1130551,6
1172666,6
1084103,6
1080807,6
1069180,6
1033234,6
1267084,6
1094224,6
1141830,6
1216402,6
1145009,6
1023543,6
1012640,6
1115117,6
1054279,6
1144764,6
1324701,6
1306555,6
1101801,6
1245910,6
1168150,6
1183595,6
1187612,6
1066582,6
1088688,6
1225411,6
1022455,6
1006102,6
1205184,6
1283685,6
1044270,6
1232821,6
1091286,6
1198690,6
1205021,6
1036626,6
1245734,6
1312070,6
1110519,6
1048448,6
1116550,6
1025705,6
1306694,6
1316660,6
1228348,6
1143115,6
1126022,6
1174165,6
1172527,6
1072365,6
1175909,6
1056966,6
1059202,6
1227599,6
1227034,6
1174712,6
1060881,6
1050617,6
1112204,6
1118451,6
1130088,6
1318147,6
1091952,6
1245525,6
1309986,6
1006225,6
1025794,6
1031121,6
1313662,6
1300756,6
1218431,6
1097387,6
1021750,6
1284172,6
1317357,6
1222736,6
1304672,6
1008911,6
1098612,6
1131617,6
1034424,6
1212876,6
1318043,6
1126184,6
1309198,6
1305280,6
1145913,6
1148997,6
1006463,6
1167901,6
1062106,6
1097424,6
1053157,6
1057035,6
1050844,6
1117849,6
1236478,6
1150083,6
1119893,6
1317612,6
1270454,6
1115053,6
1002780,6
1193024,6
1066936,6
1280516,6
1079983,6
1121154,6
1069761,6
1096112,6
1265589,6
1213055,6
1287396,6
1017397,6
1321955,6
1310910,6
1122825,6
1232452,6
1151756,6
1116226,6
1201729,6
1215915,6
1190520,6
1197607,6
1078904,6
1007416,6
1323956,6
1097841,6
1237452,6
1280449,6
1017844,6
1108184,6
1151318,6
1027229,6
1195711,6
1240292,6
1161971,6
1285563,6
1160153,6
1011652,6
1167987,6
1281081,6
1092300,6
1075795,6
1191348,6
1063892,6
1309303,6
1167555,6
1144759,6
1130137,6
1178739,6
1166929,6
1038334,6
1267506,6
1243539,6
1314133,6
1285999,6
1148066,6
1225553,6
1229990,6
1167066,6
1074584,6
1123067,6
1132716,6
1073187,6
1013580,6
1211096,6
1038173,6
1217421,6
1218548,6
1180519,6
1067019,6
1256617,6
1323526,6
1115356,6
1139476,6
1310971,6
1147611,6
1185840,6
1024095,6
1285393,6
1193075,6
1159043,6
1268837,6
1280805,6
1243827,6
1067796,6
1123917,6
1264922,6
1298825,6
1078505,6
1246810,6
1225347,6
1055620,6
1263319,6
1173990,6
1064837,6
1310017,6
1010251,6
1068949,6
1183610,6
1193041,6
1164841,6
1070282,6
1226091,6
1070826,6
1240901,6
1078202,6
1320313,6
1044075,6
1285603,6
1245751,6
1057411,6
1136959,6
1132876,6
1176071,6
1072429,6
1081652,6
1054591,6
1275129,6
1045387,6
1174804,6
1181309,6
1222709,6
1211352,6
1225552,6
1024634,6
1189172,6
1087022,6
1191311,6
1049613,6
1280966,6
1085607,6
1103680,6
1269201,6
1097882,6
1031693,6
1284154,6
1267128,6
1123023,6
1146780,6
1323229,6
1194418,6
1252061,6
1171559,6
1092098,6
1140528,6
1315293,6
1270626,6
1070110,6
1188501,6
1187295,6
1141750,6
1033564,6
1180924,6
1286694,6
1075602,6
1157413,6
1099511,6
1270023,6
1295272,6
1050181,6
1099869,6
1257761,6
1247141,6
1159885,6
1100153,6
1311080,6
1201566,6
1056556,6
1034986,6
1276346,6
1288666,6
1187843,6
1268254,6
1225700,6
1006338,6
1261271,6
1248221,6
1217125,6
1137025,6
1024493,6
1223197,6
1322974,6
1321278,6
1136862,6
1141286,6
1158894,6
1172030,6
1010384,6
1273953,6
1127302,6
1232856,6
1116136,6
1154376,6
1023605,6
1143696,6
1176486,6
1139728,6
1217808,6
1228886,6
1072126,6
1093014,6
1234550,6
1290590,6
1222362,6
1152192,6
1142617,6
1065226,6
1223591,6
1226552,6
1063369,6
1184387,6
1071354,6
1056121,6
1298928,6
1176036,6
1160487,6
1317293,6
1252893,6
1194895,6
1300588,6
1251903,6
1082304,6
1154384,6
1221821,6
1163138,6
1018208,6
1009797,6
1292354,6
1155055,6
1133278,6
1016959,6
1147003,6
1305706,6
1312463,6
1144981,6
1034935,6
1266636,6
1015585,6
1117588,6
1136471,6
1153417,6
1219881,6
1235969,6
1124492,6
1295177,6
1290659,6
1268191,6
1063866,6
1053227,6
1145291,6
1288590,6
1048585,6
1037501,6
1164114,6
1035089,6
1230759,6
1026057,6
1013543,6
1301091,6
1104126,6
1192545,6
1015365,6
1249508,6
1189792,6
1157802,6
1228323,6
1186680,6
1039244,6
1282866,6
1102279,6
1017496,6
1246763,6
1062862,6
1046527,6
1108244,6
1122322,6
1201418,6
1091570,6
1119996,6
1029613,6
1143045,6
1100219,6
1284489,6
1056703,6
1093031,6
1309366,6
1300649,6
1055280,6
1218196,6
1249155,6
1002614,6
1180676,6
1309654,6
1246630,6
1289928,6
1228718,6
1135632,6
1046826,6
1203542,6
1097121,6
1064617,6
1279472,6
1002494,6
1318557,6
1209455,6
1231179,6
1062400,6
1302856,6
1061282,6
1053163,6
1228777,6
1184092,6
1301772,6
1228970,6
1208517,6
1209703,6
1180759,6
1283425,6
1015030,6
1313610,6
1153269,6
1212295,6
1321304,6
1053082,6
1174228,6
1294762,6
1280346,6
1286062,6
1206225,6
1028635,6
1291842,6
1153473,6
1064578,6
1260152,6
1018928,6
1269264,6
1269199,6
1108237,6
1035493,6
1314873,6
1233445,6
1305360,6
1060519,6
1203269,6
1108885,6
1204982,6
1299292,6
1040540,6
1082277,6
1143628,6
1018188,6
1125706,6
1233632,6
1245954,6
1082906,6
1223220,6
1198616,6
1169193,6
1242996,6
1251958,6
1124272,6
1084561,6
1168981,6
1306825,6
1094803,6
1130278,6
1026576,6
1310630,6
1252789,6
1029609,6
1219572,6
1230380,6
1055879,6
1203645,6
1016083,6
1122284,6
1109669,6
1096738,6
1127181,6
1089991,6
1249225,6
1216416,6
1098017,6
1046047,6
1252898,6
1079342,6
1046133,6
1240817,6
1127363,6
1065880,6
1160865,6
1089091,6
1307668,6
1146904,6
1059428,6
1294309,6
1092938,6
1293785,6
1288748,6
1290476,6
1162686,6
1018691,6
1267850,6
1095820,6
1286186,6
1139914,6
1230455,6
1019104,6
1149689,6
1225900,6
1093389,6
1158607,6
1019031,6
1149693,6
1269106,6
1255167,6
1075214,6
1278709,6
1317824,6
1145576,6
1035905,6
1010314,6
1093995,6
1180400,6
1315142,6
1202243,6
1006244,6
1161273,6
1201222,6
1089704,6
1315636,6
1220703,6
1295396,6
1222287,6
1229167,6
1300169,6
1125066,6
1040334,6
1002761,6
1290404,6
1078672,6
1238340,6
1266306,6
1321521,6
1002346,6
1070388,6
1304499,6
1073590,6
1027383,6
1306254,6
1303365,6
1240707,6
1180122,6
1125504,6
1174340,6
1294504,6
1302700,6
1171826,6
1109775,6
1128647,6
1106712,6
1187599,6
1103499,6
1035412,6
1193616,6
1171966,6
1105664,6
1038398,6
1278552,6
1005895,6
1284232,6
1217343,6
1168226,6
1274406,6
1053734,6
1148245,6
1021808,6
1029634,6
1134272,6
1081684,6
1153344,6
1124688,6
1303629,6
1300825,6
1093948,6
1200189,6
1237897,6
1111855,6
1097560,6
1121388,6
1296666,6
1273343,6
1260174,6
1229903,6
1032822,6
1113731,6
1090850,6
1196036,6
1123181,6
1142798,6
1178531,6
1189465,6
1266704,6
1137840,6
1183576,6
1289211,6
1028592,6
1006655,6
1232374,6
1106404,6
1211823,6
1121919,6
1005630,6
1224008,6
1196996,6
1034780,6
1104171,6
1196456,6
1278029,6
1098711,6
1172063,6
1054749,6
1112262,6
1256831,6
1267130,6
1201204,6
1176215,6
1083036,6
1121816,6
1255915,6
1149919,6
1089465,6
1058327,6
1035026,6
1227518,6
1158034,6
1305194,6
1067029,6
1122888,6
1025438,6
1321844,6
1112369,6
1034364,6
1181884,6
1322460,6
1010612,6
1169337,6
1305634,6
1261854,6
1210815,6
1099437,6
1279771,6
1176084,6
1168552,6
1292572,6
1193324,6
1053788,6
1213618,6
1012295,6
1228386,6
1227806,6
1030783,6
1122282,6
1099963,6
1066385,6
1009113,6
1005776,6
1110083,6
1313898,6
1294530,6
1251829,6
1060885,6
1190712,6
1266138,6
1233166,6
1268274,6
1261688,6
1035643,6
1228158,6
1142353,6
1082880,6
1047626,6
1322248,6
1177501,6
1188011,6
1315529,6
1162921,6
1251820,6
1142469,6
1180136,6
1274391,6
1150692,6
1052187,6
1148363,6
1293834,6
1175089,6
1313969,6
1235587,6
1106932,6
1191694,6
1083849,6
1304904,6
1217003,6
1189745,6
1108917,6
1290834,6
1025719,6
1083766,6
1142984,6
1314315,6
1238166,6
1028538,6
1252407,6
1065847,6
1073464,6
1067945,6
1243246,6
1000455,6
1017688,6
1219425,6
1155303,6
1063220,6
1212231,6
1210817,6
1032076,6
1257288,6
1228217,6
1258766,6
1244287,6
1074628,6
1110351,6
1314306,6
1022154,6
1151765,6
1177957,6
1088786,6
1008999,6
1067232,6
1153278,6
1259161,6
1047378,6
1191185,6
1216361,6
1265176,6
1066692,6
1182600,6
1053800,6
1313474,6
1153592,6
1242973,6
1155140,6
1234602,6
1119183,6
1249286,6
1059381,6
1314725,6
1178696,6
1245886,6
1210461,6
1111477,6
1150872,6
1101653,6
1099832,6
1140188,6
1308179,6
1239268,6
1143636,6
1264982,6
1117368,6
1178082,6
1314703,6
1105481,6
1096540,6
1169904,6
1184006,6
1150036,6
1069726,6
1186046,6
1167180,6
1314769,6
1049599,6
1201394,6
1058270,6
1056437,6
1273034,6
1105527,6
1178481,6
1253051,6
1112321,6
1241041,6
1134231,6
1210305,6
1164127,6
1294700,6
1012815,6
1152200,6
1119994,6
1180858,6
1061873,6
1055273,6
1057901,6
1267314,6
1186053,6
1081129,6
1049601,6
1116308,6
1004693,6
1254596,6
1070270,6
1044584,6
1051343,6
1019534,6
1042550,6
1295221,6
1072914,6
1032690,6
1087917,6
1124288,6
1234927,6
1138073,6
1290568,6
1149643,6
1198056,6
1305034,6
1210024,6
1316476,6
1102778,6
1292541,6
1068525,6
1082689,6
1248690,6
1019626,6
1324200,6
1004580,6
1091151,6
1017621,6
1228579,6
1008889,6
1197922,6
1022727,6
1047423,6
1058553,6
1252783,6
1174837,6
1028203,6
1035485,6
1139167,6
1212140,6
1248936,6
1195342,6
1067488,6
1122986,6
1309463,6
1138675,6
1274370,6
1192549,6
1296769,6
1207252,6
1011617,6
1085312,6
1322550,6
1211220,6
1224041,6
1147394,6
1224814,6
1183413,6
1291896,6
1135618,6
1125453,6
1186878,6
1138182,6
1061421,6
1230787,6
1166878,6
1071754,6
1037564,6
1027193,6
1051754,6
1159422,6
1246015,6
1293046,6
1120870,6
1208261,6
1252216,6
1264049,6
1103882,6
1048009,6
1048244,6
1106587,6
1202539,6
1204023,6
1140945,6
1037231,6
1077331,6
1014660,6
1013802,6
1213738,6
1221358,6
1082303,6
1019074,6
1179657,6
1323544,6
1242305,6
1181933,6
1259111,6
1208072,6
1136147,6
1035818,6
1175320,6
1255957,6
1015035,6
1304003,6
1314870,6
1056617,6
1289219,6
1256116,6
1324255,6
1189621,6
1298518,6
1268410,6
1280331,6
1053495,6
1193571,6
1101824,6
1312253,6
1206539,6
1118533,6
1048533,6
1172619,6
1312115,6
1117101,6
1224390,6
1048960,6
1279597,6
1194196,6
1076216,6
1322374,6
1094557,6
1218903,6
1316183,6
1093836,6
1072433,6
1155480,6
1123453,6
1066663,6
1254502,6
1125456,6
1146145,6
1052063,6
1014024,6
1021084,6
1022623,6
1270362,6
1255091,6
1018281,6
1020729,6
1124651,6
1190375,6
1102118,6
1061764,6
1115468,6
1047498,6
1042288,6
1145397,6
1121398,6
1047879,6
1308568,6
1054948,6
1226549,6
1252884,6
1292033,6
1001240,6
1084086,6
1111656,6
1002523,6
1153381,6
1094035,6
1240559,6
1128934,6
1064825,6
1194565,6
1188390,6
1284498,6
1114297,6
1043776,6
1117135,6
1125855,6
1119511,6
1000606,6
1088703,6
1211832,6
1023130,6
1123275,6
1088714,6
1312915,6
1173967,6
1190838,6
1208609,6
1024011,6
1144780,6
1122019,6
1272389,6
1058130,6
1182877,6
1128735,6
1259530,6
1064537,6
1218272,6
1281015,6
1005627,6
1152241,6
1081641,6
1103391,6
1054579,6
1136346,6
1076135,6
1105543,6
1256194,6
1242029,6
1321980,6
1106252,6
1287699,6
1009756,6
1298554,6
1057713,6
1134205,6
1108769,6
1164952,6
1020399,6
1310659,6
1059541,6
1106311,6
1146276,6
1315519,6
1041151,6
1136126,6
1050544,6
1120122,6
1322671,6
1240155,6
1099146,6
1086759,6
1286856,6
1115170,6
1174365,6
1290549,6
1071753,6
1154294,6
1001116,6
1286685,6
1256056,6
1038526,6
1005363,6
1139053,6
1125280,6
1287042,6
1209096,6
1137446,6
1145746,6
1002255,6
1102779,6
1322093,6
1160356,6
1225485,6
1083393,6
1056025,6
1048682,6
1222296,6
1188293,6
1158954,6
1217535,6
1039624,6
1280945,6
1301840,6
1230403,6
1318846,6
1110189,6
1099780,6
1040465,6
1149339,6
1306440,6
1267249,6
1262064,6
1005083,6
1058145,6
1197492,6
1213527,6
1276993,6
1027270,6
1238381,6
1259843,6
1226266,6
1130168,6
1106160,6
1072702,6
1047430,6
1063603,6
1114055,6
1035868,6
1197753,6
1270031,6
1316409,6
1041922,6
1143861,6
1027474,6
1307219,6
1026253,6
1260852,6
1286488,6
1057299,6
1274589,6
1004318,6
1198228,6
1237823,6
1151637,6
1100878,6
1132415,6
1111629,6
1262229,6
1053141,6
1124237,6
1079193,6
1104039,6
1279947,6
1296414,6
1313345,6
1172388,6
1280749,6
1089328,6
1282912,6
1215496,6
1165916,6
1086001,6
1159654,6
1098551,6
1274367,6
1301037,6
1069701,6
1250131,6
1252909,6
1249805,6
1130719,6
1117127,6
1112208,6
1109215,6
1303517,6
1266355,6
1128278,6
1082430,6
1110895,6
1116264,6
1136612,6
1180321,6
1128892,6
1035810,6
1032323,6
1058591,6
1186565,6
1137394,6
1121271,6
1149819,6
1207034,6
1296426,6
1022257,6
1121221,6
1186168,6
1181939,6
1077073,6
1219785,6
1243528,6
1225247,6
1157665,6
1318886,6
1047864,6
1240254,6
1212625,6
1159637,6
1136368,6
1112698,6
1218844,6
1317106,6
1304657,6
1175845,6
1202123,6
1276718,6
1174681,6
1219274,6
1152916,6
1123041,6
1138265,6
1254538,6
1034615,6
1231065,6
1215004,6
1028432,6
1104359,6
1117521,6
1244328,6
1283792,6
1038717,6
1197383,6
1239034,6
1221238,6
1159936,6
1000501,6
1263749,6
1216184,6
1201622,6
1173830,6
1068810,6
1294070,6
1191855,6
1206288,6
1234270,6
1259159,6
1264365,6
1091148,6
1294199,6
1043819,6
1197691,6
1144313,6
1010302,6
1078808,6
1232466,6
1218845,6
1019672,6
1078093,6
1195755,6
1144127,6
1236048,6
1219573,6
1309486,6
1045541,6
1225162,6
1143430,6
1191506,6
1255590,6
1218462,6
1126142,6
1140940,6
1134143,6
1095697,6
1035520,6
1027503,6
1033419,6
1026419,6
1255561,6
1107108,6
1050859,6
1112759,6
1103143,6
1122712,6
1314546,6
1101367,6
1103779,6
1134035,6
1208646,6
1269529,6
1054986,6
1125250,6
1112974,6
1197069,6
1058626,6
1308467,6
1024090,6
1017310,6
1111725,6
1134668,6
1208233,6
1233878,6
1181948,6
1316858,6
1099328,6
1097057,6
1106359,6
1194062,6
1050207,6
1254340,6
1281057,6
1192015,6
1149384,6
1009807,6
1217988,6
1293172,6
1254380,6
1093553,6
1068086,6
1087687,6
1106698,6
1160535,6
1241149,6
1242155,6
1036159,6
1084186,6
1107240,6
1143417,6
1182667,6
1122676,6
1158808,6
1315723,6
1139471,6
1131797,6
1098872,6
1154575,6
1041407,6
1064261,6
1120826,6
1070789,6
1007898,6
1080048,6
1195226,6
1219355,6
1096930,6
1281907,6
1086420,6
1172417,6
1096375,6
1139888,6
1281762,6
1076197,6
1237448,6
1031538,6
1166167,6
1171890,6
1303380,6
1107547,6
1163756,6
1110874,6
1134852,6
1267214,6
1296024,6
1067014,6
1037391,6
1099338,6
1205056,6
1210251,6
1320093,6
1073151,6
1065821,6
1295062,6
1259754,6
1057675,6
1055665,6
1276677,6
1017414,6
1251210,6
1045595,6
1318309,6
1199035,6
1303248,6
1033110,6
1321419,6
1259544,6
1167319,6
1249988,6
1208289,6
1050278,6
1322223,6
1193239,6
1171232,6
1125296,6
1202319,6
1301849,6
1287748,6
1129637,6
1247831,6
1132179,6
1216777,6
1191604,6
1253591,6
1098714,6
1325118,6
1238667,6
1241322,6
1322181,6
1280532,6
1115649,6
1164284,6
1169094,6
1073717,6
1287481,6
1224310,6
1037114,6
1057323,6
1279529,6
1279015,6
1122427,6
1139515,6
1081644,6
1145148,6
1144489,6
1157817,6
1311391,6
1321212,6
1137629,6
1256408,6
1304337,6
1316852,6
1153735,6
1237475,6
1218389,6
1255805,6
1148290,6
1312177,6
1178703,6
1152712,6
1167080,6
1237694,6
1305823,6
1256921,6
1066958,6
1325480,6
1051843,6
1045403,6
1023857,6
1047080,6
1255670,6
1166354,6
1314692,6
1006832,6
1149879,6
1161540,6
1113171,6
1117983,6
1275274,6
1299653,6
1081738,6
1104966,6
1043241,6
1089309,6
1161270,6
1109683,6
1215991,6
1318234,6
1266981,6
1039409,6
1244254,6
1136056,6
1200141,6
1098676,6
1018773,6
1295240,6
1068927,6
1024640,6
1097117,6
1269541,6
1243672,6
1182427,6
1177428,6
1322092,6
1176314,6
1248182,6
1209486,6
1201132,6
1114291,6
1218526,6
1238357,6
1113228,6
1172029,6
1160371,6
1181512,6
1112068,6
1183837,6
1285259,6
1134420,6
1254373,6
1230687,6
1002381,6
1028205,6
1140437,6
1221995,6
1137224,6
1174702,6
1232502,6
1095323,6
1242569,6
1013039,6
1305641,6
1148881,6
1209862,6
1304071,6
1079126,6
1266538,6
1161696,6
1248468,6
1019200,6
1244969,6
1226226,6
1208155,6
1235101,6
1256931,6
1136330,6
1280672,6
1042641,6
1286956,6
1006515,6
1139333,6
1170191,6
1207663,6
1292752,6
1295691,6
1039340,6
1002587,6
1324572,6
1106827,6
1251200,6
1105969,6
1318261,6
1142321,6
1135224,6
1204789,6
1083574,6
1061175,6
1094137,6
1234701,6
1275504,6
1154595,6
1006872,6
1038868,6
1171067,6
1063542,6
1191572,6
1148929,6
1086229,6
1223945,6
1120916,6
1214157,6
1021781,6
1303484,6
1205704,6
1270713,6
1316477,6
1120684,6
1117243,6
1315563,6
1010510,6
1095344,6
1264071,6
1282767,6
1177847,6
1098105,6
1075367,6
1108033,6
1302513,6
1033315,6
1059454,6
1287233,6
1223262,6
1148076,6
1001883,6
1119984,6
1262444,6
1099826,6
1255598,6
1262512,6
1130267,6
1257250,6
1153328,6
1173359,6
1154584,6
1059242,6
1256129,6
1315486,6
1134442,6
1302736,6
1166638,6
1109551,6
1304607,6
1011913,6
1081779,6
1313009,6
1216897,6
1194065,6
1072270,6
1114058,6
1278069,6
1243241,6
1237377,6
1186722,6
1157444,6
1241521,6
1150152,6
1119079,6
1267895,6
1246169,6
1011265,6
1299090,6
1001375,6
1316168,6
1014080,6
1189486,6
1098527,6
1002045,6
1142578,6
1128732,6
1091489,6
1050776,6
1176568,6
1000771,6
1304651,6
1039001,6
1223158,6
1059725,6
1116634,6
1031200,6
1023260,6
1049753,6
1046178,6
1281375,6
1096882,6
1068930,6
1103186,6
1192883,6
1264298,6
1028332,6
1034796,6
1160352,6
1324402,6
1287021,6
1112560,6
1073286,6
1239282,6
1156655,6
1104032,6
1096605,6
1143419,6
1056011,6
1026040,6
1174666,6
1295155,6
1130352,6
1077195,6
1159385,6
1184748,6
1247628,6
1107682,6
1033768,6
1269589,6
1050679,6
1223602,6
1006877,6
1253159,6
1037342,6
1107877,6
1304202,6
1267199,6
1036842,6
1199443,6
1140165,6
1225237,6
1012414,6
1120012,6
1226803,6
1116133,6
1283589,6
1110540,6
1200199,6
1249432,6
1187661,6
1272157,6
1029872,6
1178053,6
1107414,6
1190622,6
1261158,6
1134410,6
1076582,6
1276116,6
1138980,6
1221734,6
1088998,6
1087497,6
1173360,6
1064096,6
1258777,6
1076161,6
1260066,6
1102452,6
1177678,6
1204025,6
1317609,6
1183773,6
1010536,6
1321567,6
1138278,6
1136846,6
1015793,6
1005687,6
1158200,6
1289459,6
1322045,6
1163949,6
1133239,6
1066200,6
1205496,6
1129123,6
1197153,6
1039959,6
1295255,6
1022919,6
1097439,6
1269167,6
1196824,6
1296997,6
1204253,6
1152270,6
1242128,6
1078862,6
1093271,6
1210764,6
1298464,6
1179609,6
1299033,6
1199434,6
1205218,6
1307025,6
1129175,6
1017114,6
1242416,6
1014603,6
1160142,6
1002437,6
1064300,6
1178407,6
1269595,6
1139022,6
1028515,6
1226308,6
1044281,6
1180586,6
1217781,6
1011970,6
1034932,6
1154074,6
1243561,6
1222615,6
1162109,6
1083543,6
1273193,6
1297944,6
1024719,6
1083160,6
1110172,6
1218069,6
1129625,6
1258823,6
1062501,6
1265751,6
1130266,6
1048058,6
1281058,6
1125149,6
1215986,6
1311179,6
1264170,6
1225306,6
1146745,6
1188371,6
1072530,6
1175010,6
1065836,6
1284251,6
1243224,6
1058004,6
1021919,6
1301679,6
1022885,6
1179314,6
1070674,6
1290170,6
1135286,6
1263560,6
1250427,6
1032824,6
1009320,6
1121720,6
1055193,6
1113747,6
1089193,6
1159616,6
1307202,6
1136544,6
1081519,6
1039208,6
1077780,6
1308967,6
1034892,6
1140018,6
1019281,6
1309779,6
1153967,6
1032671,6
1000991,6
1156831,6
1072721,6
1297000,6
1273190,6
1278853,6
1284729,6
1042321,6
1103596,6
1292817,6
1208625,6
1091050,6
1225782,6
1093911,6
1166744,6
1312216,6
1000646,6
1002923,6
1207975,6
1073560,6
1206407,6
1230540,6
1034924,6
1251391,6
1217100,6
1261518,6
1197122,6
1255004,6
1252718,6
1293741,6
1061858,6
1249375,6
1132433,6
1009223,6
1228921,6
1241510,6
1210066,6
1101449,6
1124071,6
1006169,6
1277285,6
1060129,6
1278627,6
1099969,6
1084490,6
1144984,6
1137514,6
1081805,6
1240339,6
1217768,6
1008591,6
1130606,6
1217030,6
1085530,6
1057954,6
1235277,6
1204099,6
1166894,6
1050263,6
1124031,6
1300735,6
1265168,6
1248648,6
1121419,6
1024687,6
1221454,6
1223367,6
1221319,6
1220725,6
1278315,6
1200586,6
1016681,6
1108099,6
1129819,6
1024002,6
1294857,6
1196438,6
1311172,6
1026422,6
1204486,6
1086545,6
1031386,6
1003487,6
1281919,6
1206761,6
1111889,6
1129262,6
1010458,6
1071675,6
1097037,6
1105171,6
1221383,6
1284617,6
1274587,6
1182008,6
1111792,6
1162084,6
1157174,6
1095633,6
1282373,6
1026179,6
1018321,6
1290772,6
1076736,6
1107891,6
1227004,6
1043964,6
1303754,6
1031113,6
1311010,6
1229559,6
1126154,6
1058744,6
1081667,6
1212074,6
1246557,6
1084295,6
1126369,6
1202505,6
1005034,6
1293893,6
1087686,6
1165048,6
1120723,6
1156325,6
1178684,6
1287182,6
1243610,6
1002937,6
1059920,6
1275665,6
1040235,6
1046055,6
1101671,6
1106136,6
1054764,6
1191513,6
1172020,6
1025377,6
1091715,6
1123432,6
1189573,6
1204746,6
1314577,6
1126052,6
1158689,6
1117072,6
1294167,6
1299918,6
1149298,6
1227138,6
1150274,6
1171277,6
1323031,6
1199371,6
1298725,6
1088074,6
1011749,6
1056098,6
1089141,6
1042368,6
1000512,6
1134130,6
1319054,6
1319481,6
1210638,6
1276949,6
1281531,6
1124848,6
1202460,6
1002509,6
1117695,6
1075783,6
1107825,6
1264976,6
1323122,6
1064684,6
1128942,6
1019279,6
1226905,6
1289136,6
1275133,6
1041251,6
1118329,6
1030547,6
1028433,6
1033888,6
1010591,6
1215872,6
1188410,6
1316352,6
1230605,6
1161907,6
1164921,6
1193502,6
1047977,6
1125963,6
1020196,6
1136367,6
1122516,6
1027344,6
1243941,6
1321569,6
1279588,6
1139370,6
1232863,6
1273189,6
1230486,6
1106179,6
1171837,6
1086771,6
1305129,6
1161437,6
1191001,6
1010700,6
1212741,6
1033211,6
1273328,6
1257792,6
1141480,6
1239500,6
1108999,6
1123294,6
1305438,6
1035035,6
1175463,6
1147723,6
1164777,6
1036362,6
1254564,6
1170229,6
1042741,6
1217555,6
1108843,6
1275851,6
1095257,6
1199085,6
1066367,6
1046844,6
1193567,6
1031773,6
1189424,6
1049686,6
1048536,6
1229360,6
1168337,6
1240485,6
1269717,6
1207508,6
1166232,6
1102833,6
1313625,6
1270057,6
1051125,6
1077536,6
1063805,6
1222614,6
1000164,6
1263621,6
1194884,6
1237576,6
1187422,6
1090838,6
1023375,6
1079804,6
1240635,6
1042403,6
1307543,6
1242655,6
1276772,6
1141887,6
1088467,6
1026687,6
1041839,6
1007804,6
1034850,6
1085546,6
1312832,6
1134256,6
1238254,6
1174051,6
1122101,6
1306827,6
1008150,6
1034556,6
1147915,6
1065388,6
1266361,6
1219367,6
1104604,6
1087881,6
1121500,6
1238616,6
1203382,6
1279149,6
1264847,6
1150745,6
1269042,6
1004711,6
1181817,6
1020939,6
1104591,6
1287653,6
1204333,6
1033044,6
1060890,6
1294999,6
1004057,6
1246864,6
1164232,6
1313588,6
1099500,6
1256648,6
1003480,6
1127665,6
1277977,6
1115403,6
1168467,6
1181612,6
1285519,6
1247904,6
1061696,6
1171047,6
1273423,6
1125388,6
1219522,6
1001095,6
1256032,6
1285592,6
1169507,6
1315592,6
1325612,6
1137639,6
1137961,6
1034719,6
1306436,6
1305483,6
1280447,6
1086444,6
1064880,6
1083596,6
1055717,6
1020771,6
1230165,6
1297045,6
1139128,6
1202140,6
1022503,6
1110456,6
1288445,6
1093169,6
1156016,6
1142324,6
1090991,6
1047417,6
1236138,6
1215125,6
1212861,6
1196966,6
1126959,6
1036636,6
1263185,6
1241250,6
1199758,6
1027203,6
1109434,6
1248323,6
1071931,6
1247789,6
1235777,6
1279419,6
1251991,6
1205261,6
1138400,6
1220411,6
1276674,6
1095769,6
1208290,6
1012522,6
1214306,6
1308674,6
1174435,6
1113811,6
1132779,6
1169888,6
1176859,6
1178571,6
1027267,6
1308585,6
1189361,6
1072561,6
1273681,6
1167018,6
1285121,6
1147578,6
1100236,6
1283434,6
1069458,6
1149241,6
1310377,6
1280502,6
1037623,6
1162107,6
1106237,6
1136795,6
1202200,6
1309511,6
1142234,6
1112869,6
1272177,6
1322549,6
1278333,6
1108921,6
1073809,6
1324197,6
1204888,6
1149166,6
1072052,6
1290632,6
1083500,6
1317195,6
1243200,6
1298346,6
1241705,6
1200113,6
1315982,6
1301061,6
1263910,6
1222352,6
1325065,6
1289831,6
1310637,6
1040522,6
1152696,6
1186655,6
1196668,6
1237872,6
1154457,6
1001634,6
1070864,6
1214434,6
1280638,6
1209101,6
1061965,6
1136999,6
1266052,6
1042151,6
1216954,6
1028468,6
1057004,6
1282478,6
1286720,6
1141602,6
1026110,6
1240097,6
1251449,6
1037260,6
1023229,6
1231469,6
1188706,6
1169647,6
1034084,6
1239658,6
1271246,6
1279769,6
1092460,6
1195644,6
1121734,6
1030477,6
1141901,6
1305617,6
1033991,6
1074421,6
1254671,6
1150459,6
1125478,6
1194792,6
1076073,6
1314275,6
1268246,6
1137057,6
1032856,6
1262216,6
1129488,6
1078157,6
1261351,6
1241848,6
1317907,6
1074417,6
1085079,6
1291932,6
1032946,6
1109782,6
1224493,6
1111010,6
1263233,6
1197230,6
1082780,6
1156066,6
1227566,6
1001438,6
1232530,6
1095958,6
1196718,6
1123975,6
1121093,6
1186955,6
1108689,6
1126627,6
1263203,6
1131786,6
1308135,6
1311334,6
1237411,6
1218449,6
1083374,6
1269844,6
1060002,6
1168110,6
1041731,6
1295669,6
1032753,6
1098540,6
1313642,6
1215673,6
1068531,6
1035949,6
1244639,6
1141138,6
1307682,6
1311804,6
1180942,6
1087696,6
1179651,6
1113124,6
1020686,6
1175582,6
1262134,6
1227373,6
1144630,6
1320515,6
1145159,6
1074493,6
1085642,6
1274938,6
1137437,6
1037770,6
1119117,6
1228726,6
1216281,6
1176378,6
1301916,6
1002966,6
1284790,6
1191489,6
1090087,6
1189297,6
1305195,6
1040512,6
1001957,6
1227015,6
1052591,6
1294382,6
1178187,6
1050112,6
1216225,6
1221090,6
1224612,6
1295950,6
1316052,6
1297295,6
1195850,6
1025692,6
1088365,6
1080385,6
1239573,6
1188575,6
1266714,6
1088618,6
1313989,6
1149340,6
1045311,6
1228022,6
1139918,6
1223600,6
1300286,6
1022657,6
1253941,6
1196066,6
1310963,6
1255346,6
1282106,6
1006185,6
1171567,6
1254352,6
1296069,6
1190635,6
1140245,6
1182110,6
1025253,6
1302145,6
1084350,6
1135928,6
1150296,6
1180348,6
1253662,6
1068483,6
1187194,6
1237749,6
1070217,6
1065679,6
1138561,6
1163376,6
1295752,6
1049189,6
1086680,6
1116682,6
1284091,6
1308968,6
1060446,6
1027132,6
1187029,6
1167049,6
1045063,6
1026512,6
1075980,6
1064114,6
1106608,6
1207428,6
1093767,6
1035062,6
1266657,6
1300072,6
1157117,6
1226831,6
1086051,6
1121718,6
1064827,6
1173729,6
1064709,6
1294216,6
1217074,6
1246176,6
1321793,6
1111543,6
1304385,6
1258956,6
1078405,6
1321077,6
1023740,6
1120309,6
1275467,6
1043676,6
1064718,6
1214867,6
1145420,6
1148450,6
1180164,6
1152045,6
1291014,6
1183906,6
1305333,6
1100551,6
1279457,6
1320754,6
1206697,6
1245825,6
1245123,6
1106765,6
1219404,6
1017502,6
1325080,6
1246248,6
1279862,6
1100544,6
1003433,6
1069716,6
1015078,6
1019825,6
1225692,6
1092888,6
1153712,6
1172813,6
1191186,6
1107703,6
1140763,6
1219812,6
1316269,6
1002101,6
1047342,6
1152669,6
1069141,6
1143827,6
1244142,6
1029379,6
1089802,6
1213922,6
1288253,6
1321856,6
1253607,6
1109968,6
1197695,6
1046286,6
1184293,6
1306348,6
1187003,6
1172939,6
1281281,6
1315179,6
1280629,6
1255320,6
1259963,6
1015572,6
1197663,6
1189669,6
1317014,6
1079365,6
1153610,6
1269894,6
1194951,6
1276905,6
1153689,6
1288853,6
1127854,6
1013256,6
1053343,6
1250444,6
1170563,6
1099343,6
1029189,6
1077645,6
1044620,6
1263551,6
1016982,6
1315288,6
1117004,6
1176478,6
1301522,6
1313545,6
1276134,6
1098697,6
1055831,6
1114584,6
1275298,6
1000882,6
1074773,6
1202623,6
1188427,6
1062530,6
1035861,6
1196778,6
1290941,6
1146519,6
1009182,6
1059776,6
1245713,6
1189432,6
1325113,6
1123692,6
1319810,6
1012149,6
1256972,6
1241393,6
1138134,6
1117827,6
1217183,6
1036236,6
1270627,6
1188815,6
1121106,6
1084717,6
1089020,6
1225883,6
1211534,6
1156297,6
1105682,6
1089205,6
1018304,6
1018668,6
1258787,6
1266349,6
1294752,6
1172283,6
1027311,6
1198935,6
1278293,6
1160774,6
1122857,6
1266985,6
1053149,6
1124317,6
1218978,6
1047445,6
1130708,6
1171504,6
1288689,6
1313297,6
1062172,6
1134389,6
1136807,6
1171135,6
1117507,6
1290266,6
1188583,6
1196554,6
1004582,6
1165517,6
1200380,6
1070620,6
1185996,6
1071428,6
1076244,6
1056750,6
1239783,6
1121766,6
1166180,6
1064866,6
1161869,6
1123411,6
1203665,6
1063481,6
1273595,6
1081472,6
1108708,6
1058359,6
1255740,6
1000143,6
1132877,6
1135973,6
1259749,6
1290617,6
1162834,6
1005615,6
1102546,6
1048418,6
1066183,6
1167682,6
1218681,6
1095634,6
1079672,6
1087060,6
1301904,6
1207267,6
1136084,6
1001393,6
1149857,6
1305004,6
1222053,6
1245589,6
1155493,6
1090144,6
1133420,6
1254445,6
1024483,6
1325784,6
1226502,6
1078191,6
1153520,6
1157693,6
1162377,6
1057224,6
1317780,6
1115573,6
1151866,6
1296963,6
1077338,6
1053387,6
1310196,6
1217777,6
1156429,6
1047484,6
1141683,6
1191244,6
1238498,6
1323578,6
1237014,6
1074026,6
1042361,6
1316102,6
1225861,6
1016738,6
1161548,6
1245529,6
1043962,6
1244489,6
1086651,6
1265035,6
1112994,6
1275390,6
1165975,6
1074722,6
1024092,6
1169068,6
1229436,6
1176196,6
1238531,6
1300148,6
1271105,6
1058574,6
1019543,6
1250969,6
1234770,6
1312849,6
1180905,6
1055973,6
1317183,6
1019749,6
1154319,6
1104958,6
1132645,6
1153452,6
1153793,6
1114645,6
1006195,6
1086913,6
1089637,6
1149808,6
1184743,6
1155582,6
1316823,6
1056911,6
1033465,6
1123870,6
1231488,6
1238591,6
1247915,6
1147434,6
1222643,6
1306565,6
1299745,6
1009148,6
1168298,6
1005154,6
1108302,6
1258999,6
1166410,6
1067299,6
1320646,6
1137430,6
1139729,6
1267163,6
1089729,6
1128125,6
1067944,6
1144270,6
1214905,6
1290156,6
1085051,6
1022062,6
1253461,6
1267412,6
1147742,6
1257321,6
1022883,6
1177716,6
1208555,6
1172087,6
1218170,6
1118143,6
1192028,6
1042030,6
1125916,6
1136648,6
1027170,6
1270917,6
1197478,6
1231829,6
1179746,6
1267590,6
1235398,6
1276112,6
1323740,6
1131267,6
1061313,6
1285290,6
1050469,6
1109501,6
1258410,6
1306114,6
1081249,6
1250852,6
1120678,6
1069440,6
1095379,6
1124884,6
1103702,6
1047526,6
1176152,6
1034643,6
1154279,6
1225092,6
1213319,6
1010616,6
1101328,6
1273384,6
1115380,6
1065135,6
1305374,6
1190606,6
1057104,6
1314962,6
1016914,6
1131374,6
1283257,6
1050265,6
1154985,6
1251405,6
1304011,6
1095487,6
1261174,6
1137468,6
1174665,6
1125671,6
1157687,6
1288244,6
1299744,6
1234331,6
1245088,6
1109801,6
1153658,6
1247144,6
1178559,6
1156266,6
1251138,6
1096924,6
1258896,6
1324695,6
1123770,6
1010261,6
1179032,6
1176545,6
1108351,6
1233045,6
1239514,6
1104456,6
1003411,6
1071173,6
1051198,6
1042400,6
1183838,6
1130800,6
1056688,6
1201002,6
1142136,6
1091811,6
1172688,6
1267307,6
1181152,6
1014008,6
1257938,6
1107917,6
1134581,6
1147634,6
1265600,6
1088127,6
1016518,6
1283554,6
1106807,6
1271387,6
1309042,6
1238101,6
1306102,6
1123307,6
1205713,6
1114238,6
1073604,6
1010312,6
1247606,6
1238730,6
1157803,6
1321115,6
1024723,6
1203213,6
1018825,6
1070624,6
1271999,6
1223604,6
1018311,6
1070636,6
1029695,6
1144505,6
1296498,6
1266051,6
1024462,6
1126250,6
1153108,6
1109457,6
1127930,6
1049969,6
1250564,6
1282260,6
1184529,6
1207065,6
1001958,6
1004153,6
1313615,6
1004756,6
1307770,6
1107014,6
1295542,6
1156692,6
1064569,6
1311748,6
1064237,6
1140679,6
1059700,6
1312514,6
1294612,6
1164860,6
1184786,6
1124224,6
1031501,6
1155790,6
1070907,6
1050397,6
1185418,6
1010604,6
1161100,6
1262252,6
1263724,6
1281891,6
1297195,6
1279474,6
1029704,6
1065338,6
1134452,6
1149897,6
1091846,6
1213263,6
1188071,6
1299219,6
1022821,6
1130990,6
1096782,6
1182959,6
1092301,6
1226068,6
1036981,6
1080846,6
1167169,6
1184550,6
1033169,6
1216089,6
1314669,6
1073674,6
1322293,6
1215598,6
1223528,6
1209331,6
1308706,6
1309865,6
1033897,6
1106077,6
1073845,6
1107397,6
1111698,6
1206393,6
1122316,6
1171754,6
1207423,6
1125644,6
1180511,6
1191886,6
1132601,6
1287544,6
1058415,6
1151220,6
1155739,6
1189338,6
1039439,6
1220708,6
1322522,6
1260148,6
1162825,6
1147201,6
1296477,6
1191031,6
1244622,6
1059350,6
1117284,6
1135915,6
1013108,6
1194370,6
1212992,6
1214933,6
1023245,6
1126355,6
1203487,6
1181649,6
1302699,6
1049954,6
1325455,6
1272317,6
1224121,6
1002029,6
1007655,6
1320556,6
1319568,6
1150436,6
1163795,6
1206104,6
1153355,6
1149542,6
1311264,6
1004800,6
1116822,6
1120729,6
1040305,6
1075069,6
1021621,6
1046588,6
1055803,6
1309715,6
1187051,6
1106783,6
1276516,6
1088753,6
1008157,6
1217356,6
1211714,6
1162253,6
1139411,6
1306065,6
1131058,6
1066504,6
1320874,6
1306924,6
1219973,6
1222507,6
1034729,6
1064906,6
1085115,6
1302130,6
1090509,6
1192254,6
1114550,6
1312148,6
1305630,6
1146909,6
1278203,6
1324725,6
1023212,6
1049700,6
1283072,6
1180191,6
1066973,6
1013625,6
1068244,6
1130599,6
1031107,6
1173632,6
1082073,6
1106774,6
1123487,6
1325246,6
1185141,6
1053131,6
1058965,6
1269385,6
1323692,6
1130229,6
1171447,6
1215475,6
1075618,6
1259316,6
1073051,6
1125731,6
1094680,6
1319213,6
1296953,6
1301051,6
1058854,6
1263676,6
1087114,6
1051242,6
1127031,6
1046003,6
1247437,6
1214161,6
1245241,6
1322676,6
1091563,6
1121096,6
1227482,6
1178980,6
1050152,6
1206921,6
1259188,6
1128754,6
1253691,6
1018164,6
1084156,6
1310673,6
1231234,6
1210328,6
1171723,6
1136064,6
1017085,6
1085937,6
1290843,6
1279119,6
1017563,6
1197568,6
1047729,6
1253895,6
1275795,6
1258869,6
1083403,6
1158013,6
1219497,6
1294442,6
1009543,6
1088791,6
1058577,6
1181426,6
1161718,6
1292293,6
1244270,6
1227229,6
1093351,6
1254466,6
1317680,6
1278768,6
1263032,6
1055744,6
1092299,6
1213076,6
1049818,6
1324794,6
1091933,6
1129492,6
1131482,6
1077840,6
1102326,6
1002324,6
1082652,6
1116135,6
1076597,6
1315897,6
1063027,6
1055571,6
1131543,6
1208808,6
1321513,6
1160885,6
1274037,6
1034116,6
1325325,6
1273630,6
1219832,6
1139708,6
1151817,6
1025076,6
1126631,6
1138276,6
1013355,6
1278042,6
1114459,6
1319356,6
1005993,6
1224022,6
1105995,6
1234271,6
1321285,6
1160446,6
1227109,6
1039557,6
1253577,6
1278859,6
1124850,6
1208852,6
1131834,6
1020945,6
1006758,6
1031526,6
1067311,6
1295552,6
1088572,6
1311093,6
1269482,6
1158309,6
1030532,6
1049396,6
1320334,6
1243499,6
1179761,6
1169710,6
1260945,6
1230796,6
1131020,6
1214527,6
1249671,6
1189232,6
1012152,6
1059084,6
1270288,6
1017296,6
1286396,6
1071235,6
1223385,6
1110188,6
1146601,6
1228903,6
1135474,6
1062283,6
1034216,6
1293113,6
1127450,6
1204712,6
1102858,6
1195433,6
1104395,6
1170148,6
1145727,6
1018960,6
1193933,6
1226607,6
1321750,6
1202439,6
1136130,6
1042708,6
1150983,6
1061630,6
1295686,6
1315695,6
1137823,6
1279821,6
1292060,6
1190001,6
1026186,6
1236165,6
1315299,6
1131614,6
1020204,6
1013667,6
1040090,6
1000851,6
1013836,6
1228105,6
1265185,6
1073374,6
1003834,6
1119252,6
1258605,6
1215789,6
1098035,6
1268263,6
1208652,6
1272858,6
1226690,6
1123845,6
1068699,6
1303451,6
1198873,6
1229867,6
1102552,6
1155392,6
1152796,6
1270869,6
1126089,6
1162895,6
1129429,6
1306392,6
1193366,6
1081961,6
1308221,6
1026889,6
1314368,6
1031670,6
1035778,6
1228130,6
1254773,6
1130465,6
1178973,6
1212578,6
1163122,6
1241174,6
1182167,6
1324974,6
1171427,6
1103541,6
1308881,6
1221586,6
1267255,6
1127723,6
1256902,6
1023597,6
1236235,6
1009438,6
1139323,6
1200426,6
1209329,6
1144046,6
1141583,6
1126938,6
1098674,6
1154851,6
1079184,6
1234535,6
1272377,6
1026256,6
1207407,6
1186932,6
1103436,6
1220919,6
1070761,6
1229465,6
1015352,6
1301943,6
1289783,6
1280359,6
1011333,6
1191689,6
1108126,6
1236698,6
1247150,6
1279967,6
1125670,6
1226050,6
1117438,6
1053418,6
1265846,6
1161176,6
1160109,6
1129953,6
1268850,6
1254165,6
1270836,6
1190248,6
1246844,6
1078331,6
1093875,6
1035953,6
1054995,6
1193687,6
1133817,6
1126834,6
1164404,6
1092383,6
1241309,6
1199383,6
1113888,6
1013144,6
1319973,6
1052224,6
1159805,6
1192902,6
1248069,6
1156518,6
1225415,6
1265119,6
1284686,6
1053874,6
1132574,6
1030849,6
1062181,6
1091661,6
1189703,6
1000889,6
1119680,6
1079073,6
1107737,6
1282801,6
1200787,6
1128770,6
1258361,6
1297761,6
1081286,6
1275261,6
1185771,6
1023024,6
1162208,6
1190128,6
1284651,6
1174948,6
1123582,6
1203784,6
1239235,6
1037102,6
1321004,6
1226683,6
1238675,6
1106055,6
1296657,6
1316793,6
1123785,6
1260163,6
1238586,6
1190938,6
1282092,6
1241432,6
1309619,6
1106529,6
1180611,6
1068329,6
1033337,6
1287811,6
1182558,6
1262839,6
1319320,6
1101621,6
1081924,6
1015255,6
1085328,6
1070613,6
1224787,6
1104462,6
1114787,6
1139507,6
1009346,6
1202041,6
1040258,6
1213277,6
1005612,6
1083839,6
1098630,6
1087312,6
1079377,6
1111529,6
1165386,6
1091591,6
1264263,6
1246121,6
1063693,6
1323924,6
1061712,6
1243978,6
1178221,6
1217493,6
1299482,6
1088134,6
1235817,6
1273429,6
1274220,6
1072576,6
1002781,6
1200151,6
1061507,6
1269780,6
1046280,6
1198952,6
1229868,6
1286343,6
1096608,6
1021967,6
1231101,6
1083819,6
1035918,6
1230138,6
1103385,6
1146603,6
1163335,6
1151925,6
1118790,6
1066723,6
1080755,6
1171042,6
1231110,6
1075254,6
1055702,6
1230729,6
1213910,6
1141453,6
1033103,6
1196560,6
1125366,6
1188820,6
1015634,6
1149483,6
1273821,6
1274380,6
1297047,6
1176556,6
1111518,6
1106478,6
1064533,6
1026799,6
1255602,6
1165100,6
1194925,6
1013367,6
1156618,6
1198897,6
1271793,6
1105632,6
1087979,6
1046893,6
1112391,6
1296629,6
1148514,6
1227319,6
1228864,6
1047140,6
1068749,6
1116533,6
1064864,6
1322972,6
1231729,6
1250499,6
1164010,6
1311503,6
1144463,6
1003173,6
1180839,6
1320105,6
1168833,6
1108465,6
1262404,6
1088752,6
1037810,6
1314281,6
1155831,6
1128541,6
1037451,6
1298675,6
1065426,6
1083425,6
1119585,6
1061194,6
1228014,6
1019834,6
1183291,6
1259291,6
1148721,6
1293442,6
1201450,6
1252773,6
1204152,6
1035550,6
1236576,6
1164799,6
1075638,6
1194976,6
1034475,6
1004893,6
1094326,6
1093643,6
1251798,6
1315893,6
1112300,6
1121541,6
1301992,6
1298488,6
1109622,6
1299708,6
1084777,6
1137811,6
1019617,6
1214274,6
1130821,6
1056999,6
1180484,6
1092985,6
1097501,6
1242197,6
1216194,6
1166423,6
1122820,6
1179718,6
1323661,6
1270444,6
1273946,6
1165573,6
1233688,6
1307068,6
1117621,6
1135140,6
1101763,6
1307784,6
1169030,6
1213303,6
1202934,6
1232652,6
1219902,6
1173462,6
1039997,6
1000945,6
1230066,6
1102516,6
1191959,6
1186897,6
1306972,6
1197103,6
1250689,6
1131072,6
1112483,6
1297564,6
1147784,6
1008526,6
1082972,6
1324429,6
1134764,6
1125133,6
1215027,6
1151929,6
1208348,6
1172329,6
1324206,6
1244820,6
1127337,6
1074488,6
1313532,6
1132524,6
1243225,6
1185559,6
1095091,6
1010159,6
1095605,6
1232527,6
1106881,6
1096163,6
1238956,6
1152166,6
1265999,6
1310064,6
1059347,6
1078425,6
1065331,6
1292517,6
1139232,6
1063289,6
1278782,6
1070564,6
1010002,6
1093158,6
1099144,6
1281628,6
1218098,6
1268500,6
1202451,6
1220941,6
1172492,6
1243287,6
1227123,6
1149796,6
1128473,6
1154889,6
1277099,6
1268446,6
1219706,6
1283368,6
1230080,6
1170995,6
1181656,6
1054787,6
1125661,6
1060197,6
1222039,6
1019671,6
1217468,6
1207146,6
1128428,6
1246803,6
1242975,6
1291805,6
1158153,6
1105321,6
1005323,6
1054695,6
1275366,6
1148765,6
1041365,6
1169901,6
1319085,6
1023133,6
1271452,6
1304873,6
1189553,6
1166011,6
1219185,6
1201629,6
1195007,6
1010507,6
1165478,6
1313731,6
1241130,6
1079939,6
1270371,6
1210745,6
1175788,6
1116424,6
1119813,6
1073529,6
1013057,6
1253891,6
1325765,6
1078220,6
1068433,6
1152051,6
1131595,6
1190400,6
1302022,6
1070398,6
1090853,6
1232416,6
1163405,6
1118189,6
1127209,6
1270409,6
1078765,6
1101197,6
1162419,6
1125197,6
1218383,6
1260792,6
1126857,6
1175462,6
1261807,6
1160304,6
1061086,6
1114959,6
1099540,6
1004602,6
1065863,6
1268874,6
1277201,6
1047593,6
1296676,6
1224809,6
1322305,6
1296596,6
1125011,6
1144688,6
1102908,6
1199575,6
1004587,6
1267015,6
1277220,6
1108857,6
1051274,6
1158942,6
1078029,6
1203105,6
1174155,6
1276197,6
1167034,6
1029030,6
1170959,6
1182982,6
1124634,6
1297201,6
1213106,6
1024878,6
1193248,6
1147529,6
1153769,6
1024937,6
1151250,6
1052650,6
1207710,6
1315624,6
1117532,6
1214334,6
1202240,6
1104043,6
1252505,6
1062094,6
1193539,6
1221206,6
1227084,6
1316506,6
1106376,6
1169934,6
1277618,6
1302873,6
1249355,6
1051366,6
1219243,6
1142832,6
1321409,6
1140342,6
1098096,6
1076347,6
1016345,6
1285506,6
1043353,6
1229063,6
1071163,6
1228763,6
1011961,6
1303661,6
1172408,6
1201489,6
1077987,6
1236339,6
1070230,6
1260889,6
1299957,6
1027128,6
1039349,6
1181249,6
1023831,6
1265528,6
1102039,6
1064153,6
1216927,6
1042221,6
1127446,6
1016979,6
1198814,6
1053484,6
1324985,6
1059016,6
1014353,6
1278322,6
1132765,6
1188760,6
1213515,6
1161468,6
1168617,6
1186356,6
1225567,6
1106450,6
1007885,6
1265052,6
1066572,6
1161059,6
1014710,6
1019370,6
1203406,6
1023774,6
1064789,6
1059922,6
1086046,6
1290035,6
1199507,6
1059490,6
1082900,6
1166548,6
1033725,6
1123368,6
1080166,6
1059220,6
1143964,6
1002486,6
1050841,6
1059561,6
1059878,6
1306382,6
1066329,6
1152447,6
1180552,6
1050967,6
1322541,6
1297433,6
1296704,6
1243258,6
1128301,6
1317779,6
1028639,6
1141283,6
1181441,6
1233014,6
1069403,6
1054674,6
1000493,6
1080624,6
1193430,6
1143838,6
1317314,6
1238524,6
1065040,6
1197934,6
1237868,6
1197267,6
1020257,6
1174436,6
1310384,6
1203043,6
1125446,6
1226634,6
1295527,6
1300132,6
1302684,6
1064690,6
1261764,6
1009405,6
1022043,6
1106265,6
1084546,6
1245207,6
1075409,6
1007048,6
1031421,6
1058142,6
1242751,6
1234848,6
1307266,6
1086700,6
1274997,6
1181110,6
1019487,6
1261395,6
1073839,6
1277647,6
1130280,6
1237136,6
1317725,6
1057644,6
1003408,6
1195917,6
1267433,6
1200785,6
1281191,6
1148129,6
1260924,6
1100856,6
1310448,6
1216078,6
1164247,6
1304199,6
1161719,6
1306441,6
1022524,6
1228896,6
1270256,6
1226098,6
1297766,6
1101186,6
1263712,6
1044521,6
1203934,6
1246217,6
1064958,6
1195196,6
1234469,6
1279270,6
1166474,6
1187726,6
1002153,6
1204639,6
1216837,6
1310139,6
1298113,6
1295803,6
1245080,6
1166063,6
1069011,6
1224269,6
1319768,6
1179996,6
1285400,6
1073211,6
1283314,6
1052522,6
1320544,6
1213502,6
1105793,6
1225413,6
1139665,6
1168647,6
1306482,6
1259327,6
1003175,6
1181652,6
1114491,6
1030405,6
1316069,6
1270053,6
1235372,6
1223631,6
1258884,6
1238143,6
1224555,6
1167778,6
1231600,6
1018860,6
1135840,6
1097887,6
1145905,6
1018018,6
1053341,6
1041282,6
1000546,6
1044373,6
1029843,6
1041180,6
1083187,6
1301455,6
1184152,6
1119473,6
1079291,6
1007936,6
1027745,6
1004871,6
1071220,6
1255344,6
1237310,6
1007228,6
1103235,6
1007642,6
1252911,6
1148853,6
1147657,6
1258370,6
1312575,6
1131213,6
1148965,6
1173969,6
1222105,6
1183273,6
1121838,6
1025653,6
1109325,6
1010698,6
1119968,6
1225121,6
1064282,6
1308320,6
1121391,6
1186080,6
1110199,6
1023273,6
1305284,6
1017819,6
1097667,6
1035958,6
1041269,6
1207977,6
1267288,6
1299974,6
1103208,6
1151571,6
1205163,6
1143127,6
1278131,6
1074303,6
1073618,6
1079368,6
1063365,6
1233204,6
1310483,6
1086870,6
1038537,6
1213830,6
1312186,6
1289418,6
1244708,6
1013201,6
1319575,6
1156385,6
1231464,6
1103789,6
1311399,6
1014846,6
1113930,6
1315943,6
1154860,6
1002396,6
1092436,6
1076841,6
1281192,6
1092565,6
1128835,6
1005719,6
1076495,6
1061074,6
1145715,6
1230288,6
1218688,6
1236585,6
1150498,6
1086852,6
1004528,6
1261823,6
1109301,6
1231695,6
1094441,6
1160849,6
1113232,6
1273025,6
1216661,6
1321257,6
1099988,6
1155893,6
1125905,6
1123778,6
1212495,6
1226247,6
1272175,6
1319596,6
1171869,6
1033843,6
1055319,6
1142805,6
1072003,6
1250462,6
1177014,6
1293774,6
1325635,6
1263229,6
1290022,6
1251338,6
1103159,6
1036094,6
1089568,6
1305588,6
1047170,6
1314283,6
1125012,6
1030822,6
1156070,6
1192744,6
1279906,6
1223150,6
1022522,6
1289515,6
1144771,6
1195042,6
1220557,6
1156190,6
1242698,6
1280591,6
1046285,6
1269058,6
1187310,6
1094807,6
1134252,6
1285841,6
1273934,6
1266713,6
1054961,6
1110841,6
1253213,6
1077271,6
1023107,6
1027234,6
1143501,6
1267467,6
1217133,6
1043554,6
1010185,6
1057794,6
1298994,6
1165569,6
1029618,6
1190292,6
1075057,6
1050029,6
1197195,6
1049720,6
1260329,6
1021016,6
1147060,6
1231015,6
1200827,6
1304712,6
1010003,6
1130636,6
1247125,6
1080686,6
1303051,6
1192592,6
1089163,6
1253513,6
1323481,6
1009384,6
1308818,6
1176203,6
1304783,6
1253111,6
1105364,6
1033361,6
1129645,6
1237966,6
1294012,6
1052602,6
1321944,6
1063853,6
1269818,6
1035769,6
1241820,6
1198965,6
1045266,6
1177815,6
1075347,6
1193658,6
1251407,6
1182463,6
1055965,6
1297862,6
1028621,6
1115740,6
1017507,6
1282793,6
1032914,6
1276783,6
1212002,6
1050501,6
1127225,6
1068118,6
1056593,6
1006718,6
1112218,6
1289386,6
1029391,6
1209272,6
1152551,6
1018309,6
1097038,6
1113392,6
1302885,6
1227183,6
1281177,6
1132920,6
1140875,6
1240380,6
1207420,6
1163763,6
1029290,6
1247923,6
1304742,6
1050475,6
1302652,6
1121341,6
1068851,6
1211967,6
1147573,6
1149191,6
1078209,6
1276229,6
1023641,6
1140020,6
1220362,6
1226943,6
1245378,6
1237103,6
1035623,6
1307038,6
1016097,6
1248505,6
1080832,6
1261318,6
1128415,6
1142674,6
1024977,6
1152169,6
1071768,6
1012832,6
1032613,6
1312627,6
1151508,6
1269088,6
1289073,6
1325323,6
1162288,6
1046566,6
1152888,6
1045284,6
1050036,6
1173971,6
1024126,6
1260967,6
1295275,6
1295711,6
1030513,6
1147555,6
1110099,6
1169779,6
1136730,6
1121949,6
1283585,6
1208647,6
1041381,6
1157153,6
1089793,6
1051226,6
1074413,6
1156235,6
1317323,6
1161357,6
1186208,6
1194786,6
1230152,6
1070149,6
1199410,6
1130897,6
1102423,6
1268428,6
1182981,6
1088931,6
1308629,6
1241859,6
1091859,6
1201885,6
1062171,6
1049619,6
1263997,6
1278332,6
1209316,6
1171341,6
1005762,6
1075151,6
1251489,6
1022901,6
1183876,6
1111634,6
1074858,6
1111947,6
1221662,6
1101380,6
1136411,6
1048654,6
1044743,6
1008309,6
1028894,6
1028732,6
1245466,6
1089161,6
1056899,6
1249943,6
1058483,6
1091953,6
1261486,6
1012373,6
1016584,6
1230906,6
1239322,6
1295238,6
1133712,6
1037240,6
1104246,6
1209700,6
1100368,6
1101049,6
1112246,6
1079963,6
1023734,6
1311505,6
1162945,6
1302219,6
1097521,6
1076007,6
1161817,6
1093288,6
1172356,6
1299648,6
1319103,6
1031491,6
1085936,6
1322495,6
1197118,6
1161587,6
1020408,6
1272485,6
1121705,6
1308207,6
1118823,6
1309528,6
1228032,6
1077053,6
1170662,6
1001477,6
1260905,6
1109088,6
1269061,6
1284931,6
1279660,6
1112982,6
1056532,6
1252039,6
1184892,6
1315355,6
1321020,6
1129087,6
1280488,6
1015340,6
1285101,6
1268700,6
1150162,6
1060509,6
1203065,6
1284972,6
1201158,6
1236604,6
1217705,6
1022841,6
1316411,6
1190319,6
1091409,6
1079530,6
1304283,6
1092609,6
1140873,6
1158868,6
1216119,6
1257936,6
1217159,6
1003026,6
1008350,6
1073741,6
1218970,6
1287935,6
1277709,6
1310747,6
1194540,6
1136041,6
1043988,6
1018055,6
1206811,6
1034055,6
1298635,6
1073047,6
1232611,6
1066317,6
1240495,6
1204674,6
1124109,6
1061822,6
1154450,6
1247545,6
1185791,6
1310969,6
1227774,6
1324602,6
1277379,6
1113245,6
1158206,6
1269797,6
1175479,6
1273993,6
1188528,6
1267092,6
1015273,6
1294047,6
1253373,6
1051112,6
1204235,6
1234077,6
1018835,6
1061922,6
1287483,6
1248501,6
1138108,6
1082282,6
1192075,6
1159912,6
1156305,6
1196662,6
1082557,6
1195438,6
1034320,6
1196627,6
1320314,6
1228033,6
1295635,6
1206538,6
1004095,6
1254350,6
1237097,6
1181868,6
1006740,6
1010045,6
1123408,6
1100588,6
1049783,6
1322035,6
1098835,6
1089479,6
1176275,6
1012254,6
1045923,6
1128695,6
1242654,6
1258625,6
1244135,6
1231080,6
1047875,6
1092722,6
1186076,6
1145174,6
1321770,6
1002302,6
1302309,6
1118914,6
1003035,6
1253920,6
1171499,6
1019046,6
1186772,6
1044251,6
1175188,6
1181739,6
1129562,6
1033468,6
1059633,6
1055727,6
1168579,6
1222109,6
1213535,6
1203943,6
1151215,6
1186738,6
1083762,6
1146616,6
1140204,6
1246446,6
1146726,6
1280475,6
1006927,6
1263442,6
1318224,6
1095929,6
1201896,6
1069801,6
1185387,6
1315829,6
1008440,6
1118433,6
1075887,6
1313902,6
1294329,6
1098127,6
1151516,6
1046741,6
1132863,6
1198526,6
1066779,6
1005803,6
1218485,6
1103274,6
1177534,6
1125234,6
1216933,6
1014054,6
1175677,6
1130333,6
1084063,6
1273471,6
1231582,6
1228649,6
1132281,6
1086118,6
1132009,6
1298254,6
1043649,6
1186858,6
1058361,6
1143717,6
1213678,6
1186461,6
1015540,6
1193169,6
1117132,6
1290540,6
1081517,6
1312635,6
1285357,6
1020239,6
1261007,6
1071174,6
1262441,6
1039287,6
1226671,6
1133006,6
1148088,6
1134813,6
1205993,6
1205034,6
1112133,6
1157754,6
1251956,6
1089267,6
1033444,6
1191029,6
1271391,6
1109663,6
1241606,6
1309114,6
1209757,6
1210075,6
1252074,6
1055776,6
1002163,6
1003468,6
1100688,6
1034638,6
1244146,6
1047293,6
1322788,6
1324922,6
1072521,6
1248073,6
1158923,6
1212053,6
1148189,6
1065661,6
1318698,6
1050775,6
1222960,6
1150888,6
1030832,6
1029394,6
1152894,6
1007605,6
1201645,6
1139182,6
1250530,6
1279215,6
1243113,6
1207718,6
1241918,6
1149803,6
1033432,6
1178970,6
1296864,6
1248580,6
1116777,6
1004300,6
1238479,6
1308788,6
1249114,6
1193340,6
1213741,6
1104613,6
1309773,6
1222000,6
1228551,6
1302129,6
1158542,6
1232091,6
1168160,6
1309271,6
1123668,6
1127653,6
1069156,6
1012652,6
1076465,6
1013357,6
1140931,6
1094115,6
1266978,6
1185911,6
1062975,6
1040379,6
1228973,6
1207687,6
1186373,6
1305059,6
1140429,6
1229728,6
1065361,6
1324966,6
1191059,6
1051616,6
1054321,6
1091315,6
1073362,6
1200963,6
1067581,6
1141049,6
1270048,6
1020241,6
1253237,6
1277254,6
1024246,6
1286677,6
1287432,6
1224251,6
1251228,6
1107977,6
1063427,6
1173503,6
1204386,6
1325481,6
1032179,6
1193369,6
1134963,6
1291090,6
1140695,6
1021586,6
1119236,6
1081427,6
1164998,6
1014245,6
1217606,6
1146251,6
1055478,6
1206205,6
1002772,6
1183315,6
1079989,6
1240187,6
1250060,6
1135904,6
1132116,6
1061057,6
1075991,6
1304763,6
1169178,6
1209843,6
1136938,6
1068070,6
1079595,6
1269919,6
1207801,6
1069914,6
1224602,6
1136629,6
1073995,6
1092013,6
1308098,6
1018464,6
1250537,6
1115767,6
1191908,6
1047667,6
1254387,6
1011629,6
1066896,6
1309755,6
1146950,6
1073402,6
1248604,6
1223126,6
1026818,6
1163971,6
1238443,6
1309435,6
1067210,6
1034044,6
1305672,6
1148798,6
1093957,6
1050426,6
1084448,6
1298028,6
1222971,6
1026981,6
1125010,6
1201076,6
1029723,6
1292250,6
1129718,6
1286088,6
1115734,6
1278683,6
1297115,6
1004997,6
1183169,6
1157753,6
1199780,6
1078232,6
1161141,6
1033606,6
1265749,6
1159764,6
1271002,6
1226334,6
1128597,6
1043146,6
1299748,6
1283723,6
1165056,6
1256646,6
1297901,6
1213340,6
1104625,6
1285676,6
1221582,6
1190380,6
1123337,6
1061301,6
1128115,6
1298532,6
1318442,6
1078449,6
1250712,6
1086178,6
1299893,6
1292883,6
1164767,6
1222254,6
1187514,6
1047845,6
1306261,6
1221741,6
1075938,6
1278773,6
1315000,6
1241881,6
1323295,6
1318283,6
1247434,6
1162139,6
1300506,6
1026109,6
1047787,6
1238346,6
1070314,6
1247186,6
1008070,6
1204063,6
1209090,6
1074725,6
1212848,6
1070029,6
1023290,6
1203755,6
1123667,6
1306130,6
1220468,6
1106615,6
1009415,6
1197585,6
1099266,6
1234697,6
1011281,6
1322242,6
1074298,6
1305441,6
1021106,6
1213034,6
1164716,6
1110798,6
1139466,6
1247642,6
1124432,6
1185647,6
1193518,6
1226285,6
1013019,6
1131296,6
1251298,6
1185262,6
1273144,6
1264423,6
1172841,6
1250289,6
1110634,6
1176269,6
1064670,6
1021305,6
1235821,6
1256090,6
1237052,6
1138009,6
1053942,6
1218435,6
1073061,6
1059519,6
1007072,6
1289997,6
1131787,6
1240882,6
1005832,6
1091000,6
1067075,6
1271604,6
1108283,6
1202888,6
1125701,6
1115782,6
1248942,6
1260209,6
1021832,6
1217033,6
1315757,6
1202755,6
1296470,6
1212794,6
1022767,6
1249856,6
1047321,6
1254938,6
1050215,6
1107343,6
1269185,6
1000781,6
1040844,6
1115144,6
1002099,6
1285568,6
1205747,6
1270062,6
1028925,6
1047220,6
1206072,6
1097526,6
1113921,6
1278105,6
1088898,6
1303219,6
1281231,6
1027099,6
1060809,6
1287664,6
1299232,6
1215874,6
1245181,6
1105233,6
1141288,6
1197064,6
1021734,6
1026101,6
1192504,6
1142605,6
1126869,6
1146557,6
1218555,6
1195492,6
1282524,6
1000691,6
1051735,6
1014579,6
1152721,6
1208823,6
1270600,6
1263589,6
1002735,6
1182888,6
1118295,6
1274354,6
1094665,6
1115257,6
1114630,6
1313199,6
1119039,6
1273446,6
1216131,6
1220519,6
1293567,6
1166954,6
1199765,6
1053190,6
1272538,6
1037310,6
1103910,6
1253514,6
1220839,6
1056120,6
1089524,6
1045439,6
1289850,6
1271762,6
1123521,6
1098292,6
1258283,6
1198267,6
1223803,6
1040625,6
1181575,6
1103588,6
1171524,6
1002930,6
1053085,6
1033380,6
1244071,6
1272748,6
1164826,6
1324641,6
1260986,6
1303767,6
1077487,6
1225137,6
1254736,6
1187537,6
1017771,6
1007556,6
1086329,6
1106106,6
1072022,6
1319923,6
1089036,6
1226447,6
1101388,6
1110950,6
1068887,6
1088661,6
1243696,6
1307022,6
1049464,6
1055527,6
1203466,6
1234558,6
1121540,6
1148882,6
1074098,6
1226430,6
1311495,6
1103206,6
1174810,6
1008379,6
1310987,6
1285823,6
1262239,6
1215566,6
1045117,6
1090266,6
1147607,6
1247682,6
1237899,6
1180864,6
1181667,6
1153969,6
1233710,6
1031987,6
1286058,6
1161747,6
1094576,6
1086163,6
1220773,6
1156273,6
1104143,6
1303436,6
1051800,6
1290417,6
1282935,6
1125300,6
1166562,6
1173432,6
1175986,6
1021660,6
1291203,6
1266912,6
1140833,6
1269445,6
1233681,6
1049152,6
1178732,6
1272873,6
1085357,6
1137133,6
1029162,6
1004737,6
1011764,6
1217945,6
1192471,6
1263113,6
1274124,6
1247539,6
1207220,6
1082328,6
1170490,6
1139330,6
1177800,6
1313284,6
1240671,6
1157078,6
1093194,6
1226489,6
1239682,6
1267418,6
1236574,6
1030043,6
1014745,6
1016111,6
1215802,6
1137621,6
1127219,6
1061102,6
1218413,6
1047489,6
1128641,6
1179025,6
1123347,6
1071863,6
1280384,6
1139485,6
1116562,6
1133652,6
1273825,6
1236007,6
1010670,6
1270177,6
1093933,6
1309663,6
1255022,6
1299166,6
1247130,6
1302456,6
1063440,6
1296810,6
1041997,6
1292543,6
1227118,6
1047896,6
1024393,6
1085339,6
1030330,6
1183702,6
1079484,6
1293162,6
1123724,6
1072916,6
1064456,6
1311829,6
1288409,6
1313528,6
1057422,6
1059001,6
1181478,6
1248880,6
1067032,6
1183135,6
1208968,6
1154864,6
1057139,6
1314568,6
1093830,6
1262280,6
1116215,6
1086099,6
1254649,6
1266592,6
1262522,6
1012756,6
1063930,6
1033856,6
1007756,6
1251280,6
1054336,6
1264933,6
1072710,6
1254882,6
1005029,6
1057659,6
1009990,6
1157922,6
1020458,6
1267637,6
1082772,6
1322899,6
1018449,6
1317348,6
1197186,6
1114072,6
1222078,6
1285255,6
1293134,6
1218535,6
1325015,6
1062699,6
1219519,6
1144368,6
1260009,6
1282273,6
1152140,6
1179829,6
1156494,6
1053039,6
1139820,6
1094272,6
1120289,6
1005047,6
1273142,6
1107441,6
1083825,6
1297993,6
1297851,6
1312994,6
1200628,6
1071447,6
1316322,6
1077016,6
1254884,6
1226709,6
1080609,6
1173000,6
1291912,6
1143199,6
1077755,6
1129110,6
1025123,6
1055066,6
1081061,6
1325557,6
1109389,6
1246459,6
1064977,6
1182922,6
1217150,6
1306553,6
1120699,6
1132362,6
1161512,6
1090708,6
1236484,6
1322185,6
1161089,6
1313429,6
1015950,6
1274041,6
1280250,6
1232989,6
1200069,6
1205805,6
1315279,6
1108633,6
1206721,6
1211871,6
1282319,6
1134466,6
1194845,6
1198043,6
1320072,6
1298120,6
1317662,6
1131380,6
1080488,6
1042552,6
1162694,6
1131320,6
1190738,6
1153140,6
1098545,6
1203430,6
1291023,6
1062086,6
1134059,6
1074107,6
1235892,6
1074227,6
1161955,6
1043450,6
1048138,6
1100934,6
1196326,6
1214980,6
1070849,6
1266632,6
1025701,6
1162675,6
1011452,6
1282816,6
1271531,6
1117925,6
1015761,6
1196129,6
1275619,6
1017889,6
1045213,6
1257798,6
1013050,6
1001107,6
1278311,6
1004311,6
1051689,6
1070411,6
1167324,6
1186169,6
1293248,6
1094834,6
1146185,6
1037029,6
1255387,6
1056692,6
1139192,6
1227894,6
1184297,6
1241287,6
1323639,6
1021435,6
1283690,6
1123434,6
1164159,6
1070867,6
1182292,6
1183894,6
1127091,6
1303283,6
1132579,6
1078194,6
1218132,6
1174348,6
1263610,6
1208215,6
1273220,6
1146576,6
1133891,6
1070313,6
1101290,6
1023485,6
1066160,6
1303524,6
1082580,6
1086342,6
1058886,6
1010284,6
1282420,6
1024860,6
1214674,6
1264632,6
1260275,6
1313446,6
1035260,6
1211092,6
1095009,6
1180003,6
1135573,6
1097606,6
1040739,6
1059724,6
1056432,6
1117080,6
1181569,6
1003734,6
1131694,6
1200313,6
1280854,6
1309723,6
1274538,6
1251286,6
1067723,6
1308379,6
1039091,6
1210409,6
1172835,6
1163959,6
1222953,6
1113736,6
1248314,6
1291808,6
1247884,6
1320215,6
1320927,6
1275003,6
1224399,6
1021303,6
1207809,6
1164280,6
1250446,6
1284817,6
1152516,6
1097209,6
1283396,6
1243394,6
1244885,6
1043779,6
1075927,6
1126811,6
1104873,6
1267435,6
1089932,6
1058150,6
1303822,6
1234647,6
1087747,6
1211973,6
1088595,6
1230702,6
1213752,6
1103300,6
1042079,6
1238785,6
1105338,6
1168758,6
1113276,6
1269879,6
1281350,6
1224715,6
1127869,6
1084431,6
1287506,6
1079762,6
1131555,6
1246452,6
1268461,6
1086910,6
1034492,6
1178586,6
1123175,6
1100215,6
1156967,6
1284750,6
1272974,6
1161697,6
1125514,6
1260235,6
1188525,6
1238083,6
1160293,6
1150733,6
1233124,6
1246981,6
1241371,6
1228744,6
1203868,6
1003391,6
1269096,6
1068659,6
1319725,6
1185188,6
1247462,6
1265010,6
1047862,6
1216321,6
1084652,6
1030747,6
1005090,6
1048517,6
1002702,6
1193018,6
1022733,6
1063217,6
1238989,6
1277315,6
1065087,6
1303305,6
1244952,6
1320120,6
1135995,6
1028423,6
1101814,6
1036386,6
1205753,6
1123248,6
1201604,6
1067429,6
1263788,6
1174674,6
1322349,6
1010024,6
1132588,6
1221634,6
1277853,6
1237556,6
1265159,6
1312908,6
1015385,6
1232372,6
1054075,6
1142576,6
1131742,6
1155629,6
1134049,6
1125230,6
1172468,6
1013411,6
1202889,6
1016549,6
1250948,6
1137776,6
1302590,6
1181937,6
1168407,6
1150041,6
1079885,6
1034833,6
1295642,6
1221511,6
1083145,6
1026660,6
1087278,6
1022100,6
1131611,6
1009555,6
1232320,6
1037305,6
1096296,6
1118591,6
1084403,6
1213165,6
1162147,6
1147749,6
1209812,6
1260785,6
1047104,6
1296609,6
1228816,6
1000048,6
1056675,6
1236811,6
1149281,6
1192772,6
1076416,6
1064953,6
1073043,6
1085853,6
1210563,6
1108683,6
1296317,6
1214543,6
1103310,6
1045787,6
1283125,6
1166680,6
1258913,6
1310379,6
1061397,6
1319580,6
1183621,6
1044674,6
1276567,6
1217281,6
1232785,6
1116319,6
1300271,6
1304150,6
1166434,6
1096319,6
1292886,6
1135734,6
1168114,6
1169315,6
1057305,6
1031330,6
1215509,6
1246504,6
1260447,6
1279013,6
1042639,6
1115299,6
1175226,6
1055167,6
1057439,6
1264172,6
1134092,6
1240460,6
1211990,6
1303949,6
1162283,6
1040114,6
1014033,6
1295295,6
1207883,6
1089052,6
1015896,6
1074339,6
1311395,6
1039914,6
1177785,6
1137584,6
1203533,6
1135110,6
1262829,6
1216191,6
1233858,6
1260466,6
1313759,6
1191028,6
1229506,6
1127106,6
1315072,6
1133840,6
1218604,6
1307036,6
1282947,6
1246609,6
1062994,6
1145825,6
1061178,6
1239480,6
1028017,6
1075188,6
1219605,6
1026933,6
1235939,6
1284217,6
1135580,6
1151111,6
1305623,6
1178427,6
1146971,6
1093591,6
1254709,6
1231370,6
1032986,6
1117563,6
1059200,6
1178717,6
1234171,6
1299356,6
1270911,6
1086045,6
1047512,6
1190372,6
1228450,6
1319953,6
1186204,6
1129694,6
1155454,6
1051651,6
1251599,6
1037846,6
1179813,6
1005095,6
1144101,6
1035768,6
1253772,6
1156446,6
1275568,6
1107206,6
1175307,6
1038622,6
1275109,6
1096523,6
1008933,6
1058698,6
1218491,6
1251727,6
1036780,6
1123298,6
1128552,6
1094527,6
1169749,6
1277568,6
1274661,6
1317695,6
1012675,6
1243517,6
1154742,6
1118738,6
1087667,6
1153856,6
1203492,6
1122714,6
1224198,6
1170750,6
1264210,6
1310375,6
1139027,6
1259871,6
1148377,6
1008936,6
1306997,6
1025115,6
1278299,6
1280382,6
1274479,6
1320627,6
1095591,6
1082562,6
1251781,6
1289991,6
1284656,6
1216395,6
1100858,6
1130814,6
1317039,6
1093996,6
1195646,6
1092042,6
1117926,6
1279051,6
1160224,6
1191338,6
1159473,6
1079087,6
1192501,6
1254525,6
1001651,6
1319045,6
1225139,6
1175996,6
1107420,6
1062598,6
1152054,6
1265523,6
1197517,6
1011861,6
1215959,6
1120899,6
1021707,6
1260381,6
1140648,6
1121566,6
1239624,6
1171978,6
1069470,6
1175278,6
1101620,6
1197326,6
1151737,6
1263368,6
1180615,6
1274113,6
1216801,6
1074518,6
1017168,6
1182724,6
1249779,6
1204798,6
1023173,6
1270462,6
1250765,6
1066832,6
1208729,6
1183325,6
1185175,6
1214875,6
1163536,6
1070939,6
1259838,6
1129031,6
1015277,6
1291676,6
1311650,6
1053281,6
1290513,6
1133761,6
1177011,6
1022775,6
1133722,6
1260064,6
1158215,6
1023709,6
1255452,6
1132738,6
1221879,6
1060478,6
1090730,6
1126827,6
1045388,6
1303184,6
1081824,6
1103725,6
1233081,6
1196792,6
1287638,6
1249869,6
1157694,6
1308627,6
1029520,6
1078740,6
1225101,6
1083915,6
1074359,6
1173286,6
1279102,6
1038175,6
1218965,6
1265649,6
1258779,6
1201624,6
1145294,6
1104861,6
1261425,6
1321328,6
1090088,6
1278078,6
1038763,6
1266324,6
1155468,6
1162723,6
1291180,6
1182195,6
1087491,6
1297169,6
1167472,6
1135763,6
1077884,6
1093601,6
1121461,6
1284806,6
1265795,6
1171823,6
1200171,6
1281713,6
1271718,6
1194658,6
1013973,6
1226849,6
1234660,6
1045415,6
1305279,6
1131453,6
1028033,6
1102113,6
1204183,6
1219303,6
1135421,6
1139625,6
1256480,6
1013043,6
1273275,6
1229879,6
1084437,6
1277155,6
1239649,6
1000149,6
1186089,6
1091067,6
1178384,6
1299004,6
1024926,6
1201308,6
1031095,6
1215892,6
1160000,6
1215735,6
1121803,6
1028574,6
1253949,6
1149616,6
1231618,6
1000610,6
1025592,6
1205007,6
1247002,6
1234017,6
1260985,6
1168438,6
1071751,6
1237790,6
1319788,6
1057431,6
1041138,6
1295505,6
1156083,6
1042553,6
1209225,6
1252762,6
1138865,6
1133351,6
1285498,6
1143563,6
1153472,6
1164405,6
1209761,6
1087675,6
1117931,6
1011925,6
1039937,6
1252328,6
1324867,6
1292575,6
1257817,6
1038116,6
1161120,6
1056907,6
1208052,6
1012562,6
1022137,6
1090875,6
1292828,6
1261103,6
1320116,6
1084038,6
1039610,6
1265432,6
1228438,6
1079140,6
1089498,6
1113074,6
1161036,6
1033675,6
1070268,6
1070384,6
1259786,6
1279395,6
1083584,6
1304689,6
1005166,6
1223227,6
1100295,6
1105978,6
1271164,6
1044038,6
1162878,6
1312761,6
1027975,6
1049987,6
1231145,6
1080449,6
1198810,6
1276923,6
1080127,6
1272508,6
1150177,6
1178158,6
1181094,6
1301134,6
1208801,6
1185395,6
1310592,6
1260157,6
1009580,6
1219508,6
1160512,6
1265522,6
1293227,6
1230905,6
1035834,6
1020632,6
1061649,6
1078025,6
1322677,6
1233677,6
1272107,6
1150783,6
1226932,6
1136103,6
1285493,6
1039135,6
1072968,6
1120167,6
1046279,6
1082520,6
1289828,6
1088387,6
1029878,6
1298740,6
1144415,6
1289024,6
1039199,6
1248673,6
1045073,6
1305103,6
1081456,6
1010975,6
1123263,6
1244247,6
1014172,6
1066599,6
1069085,6
1031875,6
1211910,6
1110265,6
1176080,6
1205985,6
1009992,6
1224337,6
1236330,6
1212519,6
1164944,6
1220793,6
1223520,6
1017316,6
1023829,6
1276878,6
1071241,6
1163606,6
1175274,6
1106209,6
1081463,6
1252686,6
1238368,6
1233266,6
1000074,6
1080608,6
1030079,6
1055972,6
1208039,6
1300559,6
1052059,6
1191636,6
1272993,6
1288919,6
1112771,6
1047272,6
1159280,6
1022475,6
1001678,6
1132047,6
1310901,6
1131064,6
1161363,6
1257624,6
1202675,6
1177506,6
1259895,6
1213974,6
1321333,6
1096416,6
1112026,6
1027717,6
1034995,6
1298645,6
1269011,6
1092626,6
1177414,6
1181305,6
1044325,6
1119676,6
1123052,6
1170798,6
1057160,6
1269186,6
1112333,6
1151906,6
1016990,6
1204855,6
1102633,6
1068879,6
1314222,6
1296855,6
1029995,6
1302688,6
1215040,6
1063554,6
1301953,6
1322662,6
1092486,6
1058774,6
1092580,6
1033703,6
1238394,6
1220175,6
1120706,6
1134022,6
1321486,6
1141309,6
1076295,6
1086883,6
1082521,6
1106146,6
1173645,6
1287160,6
1236247,6
1317406,6
1036803,6
1013824,6
1055197,6
1012387,6
1044545,6
1110884,6
1023128,6
1177172,6
1125038,6
1202238,6
1152337,6
1292392,6
1249588,6
1025103,6
1272913,6
1148432,6
1065802,6
1123657,6
1096984,6
1121170,6
1120740,6
1246924,6
1086078,6
1077290,6
1171722,6
1055760,6
1163101,6
1100864,6
1312664,6
1130187,6
1043840,6
1281869,6
1276778,6
1205381,6
1014994,6
1086622,6
1099246,6
1154548,6
1106614,6
1286177,6
1179407,6
1080226,6
1116549,6
1167903,6
1079622,6
1261506,6
1010477,6
1004565,6
1015008,6
1004083,6
1244812,6
1019813,6
1079420,6
1050244,6
1182954,6
1157494,6
1044222,6
1193536,6
1273570,6
1097293,6
1071018,6
1138373,6
1116250,6
1105998,6
1161925,6
1100714,6
1024035,6
1215466,6
1237194,6
1047195,6
1246642,6
1109594,6
1032301,6
1039070,6
1300963,6
1090177,6
1150793,6
1298547,6
1001677,6
1298286,6
1111446,6
1067843,6
1067138,6
1105125,6
1291869,6
1159695,6
1112988,6
1197274,6
1068954,6
1095750,6
1108832,6
1069150,6
1203748,6
1159108,6
1187277,6
1189368,6
1184585,6
1302647,6
1195752,6
1221218,6
1033288,6
1191248,6
1308292,6
1306193,6
1138263,6
1193668,6
1282295,6
1137893,6
1138355,6
1107795,6
1281474,6
1110458,6
1184063,6
1253142,6
1234230,6
1211225,6
1138167,6
1301831,6
1243933,6
1282014,6
1264967,6
1252515,6
1176104,6
1227570,6
1191090,6
1205627,6
1271886,6
1093607,6
1052016,6
1097255,6
1197485,6
1202015,6
1021499,6
1119588,6
1105113,6
1111875,6
1266090,6
1239108,6
1253095,6
1324530,6
1282572,6
1007233,6
1261655,6
1140685,6
1140814,6
1022053,6
1295111,6
1224342,6
1074781,6
1077922,6
1104572,6
1287517,6
1231831,6
1118691,6
1048602,6
1277199,6
1284628,6
1034616,6
1248990,6
1230336,6
1314556,6
1303086,6
1159292,6
1246926,6
1163585,6
1104373,6
1317584,6
1222399,6
1318839,6
1196804,6
1192605,6
1046004,6
1122828,6
1293299,6
1036566,6
1294699,6
1275200,6
1027114,6
1199395,6
1238848,6
1153041,6
1082344,6
1266304,6
1266947,6
1282957,6
1314178,6
1063372,6
1279535,6
1118846,6
1136832,6
1054436,6
1188348,6
1043871,6
1126987,6
1189180,6
1233248,6
1050790,6
1013414,6
1183450,6
1114184,6
1044397,6
1265087,6
1231289,6
1220688,6
1171702,6
1095045,6
1249030,6
1090993,6
1224665,6
1058733,6
1110581,6
1128265,6
1246172,6
1053461,6
1305727,6
1172363,6
1053015,6
1009452,6
1315127,6
1249362,6
1311271,6
1262176,6
1004618,6
1323416,6
1017341,6
1098214,6
1166219,6
1084348,6
1210077,6
1021323,6
1061248,6
1293483,6
1121141,6
1246211,6
1159759,6
1115230,6
1121750,6
1049141,6
1151471,6
1189760,6
1037311,6
1089147,6
1011858,6
1145962,6
1312719,6
1278286,6
1073738,6
1167284,6
1255291,6
1263730,6
1178026,6
1184895,6
1144598,6
1035709,6
1200263,6
1165906,6
1225723,6
1038161,6
1127568,6
1191487,6
1022168,6
1083041,6
1208683,6
1201320,6
1089911,6
1224187,6
1071895,6
1004068,6
1254688,6
1068434,6
1213078,6
1143107,6
1053889,6
1204290,6
1192425,6
1286996,6
1091449,6
1119452,6
1263798,6
1059753,6
1309434,6
1120239,6
1245309,6
1077823,6
1292202,6
1284275,6
1275278,6
1120856,6
1201297,6
1257020,6
1134112,6
1173522,6
1176427,6
1000830,6
1096881,6
1032565,6
1319883,6
1312605,6
1313956,6
1002308,6
1014247,6
1225310,6
1166784,6
1095899,6
1123745,6
1092197,6
1116557,6
1308531,6
1053857,6
1070629,6
1292341,6
1156932,6
1323113,6
1183274,6
1286601,6
1050956,6
1268465,6
1037647,6
1171710,6
1076022,6
1131154,6
1071614,6
1048733,6
1225319,6
1037341,6
1186983,6
1149720,6
1182746,6
1262590,6
1053408,6
1084112,6
1306670,6
1116414,6
1004408,6
1236943,6
1158611,6
1127583,6
1148524,6
1238434,6
1072216,6
1307971,6
1238559,6
1183984,6
1151788,6
1088789,6
1113197,6
1124421,6
1229836,6
1259892,6
1126648,6
1151626,6
1193157,6
1300030,6
1162748,6
1009256,6
1215342,6
1199235,6
1137955,6
1270505,6
1163970,6
1270161,6
1308510,6
1109835,6
1091785,6
1100465,6
1108226,6
1004390,6
1275325,6
1086668,6
1245483,6
1219171,6
1276729,6
1135760,6
1106802,6
1112276,6
1227930,6
1213762,6
1019388,6
1149937,6
1098737,6
1078717,6
1215811,6
1146966,6
1182346,6
1128022,6
1300339,6
1114966,6
1100277,6
1098744,6
1025611,6
1201074,6
1150648,6
1130743,6
1306499,6
1014663,6
1179543,6
1076578,6
1146662,6
1035512,6
1073705,6
1231854,6
1103233,6
1249431,6
1303186,6
1070450,6
1193778,6
1259855,6
1322452,6
1013897,6
1168615,6
1313202,6
1186403,6
1156368,6
1097601,6
1272442,6
1061227,6
1039692,6
1039799,6
1220562,6
1220297,6
1040754,6
1169166,6
1241893,6
1230880,6
1103645,6
1109574,6
1132798,6
1099143,6
1110625,6
1056524,6
1012852,6
1278169,6
1036024,6
1236021,6
1073578,6
1205468,6
1266563,6
1305473,6
1084836,6
1257515,6
1299659,6
1281886,6
1056107,6
1214442,6
1263014,6
1006048,6
1270061,6
1048076,6
1214279,6
1019412,6
1222576,6
1242662,6
1250050,6
1206395,6
1229683,6
1035281,6
1253982,6
1134465,6
1092422,6
1062041,6
1191846,6
1149332,6
1225323,6
1100906,6
1124368,6
1177865,6
1251263,6
1093598,6
1046440,6
1066166,6
1149513,6
1177329,6
1066390,6
1201695,6
1316210,6
1112578,6
1122685,6
1240554,6
1046027,6
1272186,6
1157225,6
1068414,6
1028827,6
1134274,6
1165257,6
1091746,6
1244665,6
1079499,6
1263853,6
1024402,6
1114418,6
1032351,6
1275070,6
1076964,6
1316099,6
1122943,6
1293041,6
1040298,6
1316186,6
1114529,6
1250966,6
1066772,6
1217214,6
1234285,6
1149264,6
1277033,6
1225133,6
1225303,6
1294319,6
1174909,6
1116513,6
1248567,6
1312754,6
1088800,6
1237493,6
1281528,6
1145903,6
1212670,6
1086321,6
1142781,6
1284892,6
1290308,6
1116560,6
1097221,6
1035754,6
1323851,6
1061810,6
1237259,6
1324577,6
1196188,6
1184172,6
1148151,6
1198078,6
1289712,6
1102292,6
1113116,6
1118685,6
1174281,6
1191710,6
1051982,6
1300333,6
1201748,6
1022778,6
1048621,6
1226815,6
1191135,6
1164874,6
1074284,6
1002664,6
1110520,6
1107003,6
1159594,6
1313061,6
1097694,6
1234444,6
1018802,6
1029341,6
1208552,6
1005799,6
1291514,6
1185701,6
1282737,6
1090040,6
1175043,6
1221854,6
1281904,6
1176579,6
1292138,6
1084255,6
1137091,6
1280588,6
1201239,6
1062409,6
1315351,6
1034748,6
1195159,6
1170610,6
1290963,6
1297499,6
1118518,6
1073479,6
1175614,6
1099113,6
1140479,6
1023211,6
1144471,6
1168524,6
1004129,6
1170114,6
1272096,6
1317598,6
1127493,6
1275947,6
1304785,6
1223374,6
1285273,6
1241697,6
1038619,6
1106914,6
1077795,6
1028881,6
1130962,6
1291211,6
1227902,6
1312916,6
1102513,6
1048581,6
1068490,6
1275977,6
1075885,6
1193285,6
1265247,6
1106620,6
1001699,6
1142643,6
1250595,6
1219044,6
1028407,6
1325753,6
1323938,6
1187464,6
1300102,6
1300668,6
1285144,6
1064970,6
1243585,6
1291086,6
1077360,6
1299268,6
1275259,6
1078852,6
1149610,6
1281151,6
1191875,6
1106996,6
1267880,6
1118191,6
1323389,6
1058389,6
1077155,6
1249921,6
1026223,6
1040669,6
1220008,6
1176577,6
1258534,6
1002501,6
1147298,6
1109871,6
1219704,6
1074122,6
1137081,6
1279069,6
1067008,6
1098302,6
1076148,6
1202788,6
1274947,6
1223411,6
1134613,6
1218232,6
1145912,6
1286342,6
1065045,6
1275914,6
1227252,6
1139291,6
1064913,6
1043151,6
1086775,6
1205087,6
1049283,6
1155539,6
1080370,6
1098930,6
1256311,6
1037142,6
1205888,6
1163724,6
1224434,6
1237051,6
1279195,6
1106571,6
1090115,6
1295908,6
1181347,6
1201388,6
1096936,6
1235024,6
1119940,6
1128299,6
1126595,6
1090061,6
1030129,6
1099258,6
1325578,6
1257493,6
1218896,6
1236818,6
1194275,6
1068311,6
1151941,6
1324270,6
1116887,6
1305716,6
1249456,6
1285405,6
1000627,6
1232004,6
1283555,6
1202651,6
1206109,6
1000892,6
1131156,6
1180028,6
1274214,6
1318219,6
1167303,6
1013196,6
1251343,6
1017967,6
1087378,6
1235860,6
1083803,6
1187140,6
1064580,6
1119369,6
1189165,6
1132159,6
1273318,6
1019107,6
1262204,6
1130766,6
1040405,6
1234449,6
1173824,6
1221087,6
1037423,6
1029399,6
1115189,6
1218364,6
1135241,6
1091406,6
1002630,6
1217295,6
1212566,6
1055214,6
1260450,6
1259898,6
1164512,6
1296947,6
1174311,6
1071061,6
1025498,6
1000004,6
1311714,6
1206269,6
1043960,6
1159328,6
1028312,6
1083565,6
1240396,6
1099815,6
1142797,6
1008214,6
1112159,6
1026183,6
1117441,6
1308235,6
1135190,6
1194475,6
1182226,6
1325254,6
1262800,6
1306260,6
1005253,6
1287543,6
1102883,6
1163003,6
1212033,6
1117953,6
1085863,6
1167146,6
1148007,6
1232729,6
1043050,6
1253742,6
1261934,6
1076592,6
1148094,6
1003740,6
1214682,6
1050420,6
1165637,6
1135087,6
1225642,6
1081134,6
1020638,6
1147474,6
1131859,6
1076372,6
1027258,6
1085455,6
1317438,6
1108040,6
1319022,6
1119462,6
1195662,6
1318275,6
1208003,6
1118950,6
1000923,6
1321198,6
1187874,6
1290242,6
1228630,6
1306404,6
1178740,6
1248000,6
1321339,6
1152575,6
1307505,6
1150607,6
1173293,6
1116705,6
1138290,6
1289662,6
1044009,6
1006098,6
1297289,6
1082047,6
1266471,6
1250408,6
1162282,6
1111578,6
1259962,6
1273968,6
1055976,6
1066358,6
1106218,6
1057297,6
1180633,6
1303553,6
1287461,6
1288229,6
1170580,6
1213898,6
1071448,6
1305401,6
1282991,6
1206554,6
1301962,6
1320581,6
1067216,6
1299800,6
1066574,6
1197762,6
1114653,6
1267874,6
1241208,6
1170837,6
1243586,6
1022360,6
1243317,6
1144595,6
1242182,6
1000208,6
1067731,6
1249722,6
1291256,6
1069952,6
1184241,6
1022870,6
1232094,6
1048732,6
1010890,6
1286987,6
1019419,6
1129733,6
1228184,6
1176630,6
1078550,6
1088106,6
1208467,6
1122419,6
1080062,6
1053577,6
1002289,6
1197193,6
1261334,6
1176845,6
1271353,6
1178863,6
1165588,6
1292809,6
1115337,6
1202013,6
1102769,6
1034743,6
1069323,6
1305074,6
1258720,6
1240969,6
1203734,6
1143704,6
1225501,6
1323533,6
1288164,6
1186534,6
1010215,6
1000139,6
1082925,6
1117352,6
1204897,6
1288214,6
1110846,6
1313768,6
1155290,6
1060987,6
1238091,6
1188162,6
1271082,6
1261647,6
1135643,6
1091831,6
1316395,6
1140021,6
1149465,6
1028629,6
1308660,6
1040557,6
1074974,6
1248929,6
1192876,6
1054244,6
1068425,6
1184259,6
1226412,6
1195692,6
1083828,6
1129043,6
1253003,6
1295787,6
1064519,6
1052696,6
1251106,6
1317917,6
1073626,6
1132386,6
1315169,6
1128056,6
1120074,6
1081740,6
1177273,6
1034129,6
1253308,6
1029135,6
1169741,6
1205128,6
1280333,6
1151257,6
1018157,6
1198287,6
1315196,6
1254468,6
1004552,6
1303854,6
1060035,6
1205535,6
1048723,6
1075690,6
1218323,6
1138533,6
1011797,6
1091512,6
1113076,6
1008013,6
1250376,6
1106019,6
1262652,6
1154608,6
1267238,6
1314114,6
1107775,6
1236558,6
1008103,6
1105518,6
1160034,6
1130748,6
1004719,6
1179426,6
1126894,6
1189768,6
1289589,6
1029237,6
1270457,6
1015257,6
1019425,6
1000067,6
1059337,6
1116923,6
1169021,6
1169761,6
1115713,6
1153915,6
1320229,6
1061800,6
1324455,6
1108752,6
1264266,6
1137267,6
1018119,6
1251326,6
1186943,6
1259414,6
1209284,6
1253747,6
1216637,6
1165555,6
1311656,6
1183106,6
1291964,6
1197385,6
1089525,6
1067162,6
1160301,6
1069572,6
1254674,6
1163833,6
1254293,6
1008044,6
1090220,6
1239910,6
1313923,6
1029936,6
1157939,6
1209718,6
1111438,6
1281545,6
1233544,6
1214503,6
1324935,6
1173578,6
1029950,6
1201179,6
1087547,6
1064657,6
1175249,6
1043884,6
1113108,6
1251170,6
1218238,6
1252036,6
1060181,6
1134445,6
1116054,6
1298960,6
1074255,6
1172596,6
1024744,6
1299266,6
1066079,6
1184283,6
1325620,6
1034263,6
1079686,6
1005022,6
1011464,6
1058768,6
1204995,6
1314677,6
1302687,6
1047868,6
1246064,6
1243418,6
1093477,6
1130882,6
1273227,6
1049096,6
1078942,6
1319169,6
1012279,6
1223671,6
1039353,6
1039734,6
1284264,6
1093130,6
1103555,6
1223674,6
1086465,6
1124030,6
1261893,6
1062390,6
1257947,6
1105116,6
1212078,6
1063370,6
1204101,6
1003108,6
1029286,6
1040571,6
1226920,6
1282794,6
1066576,6
1027294,6
1090809,6
1321209,6
1046263,6
1243724,6
1156124,6
1020356,6
1154660,6
1185520,6
1151218,6
1241635,6
1297764,6
1175984,6
1047258,6
1085759,6
1234143,6
1224976,6
1237358,6
1302113,6
1228313,6
1060078,6
1176599,6
1005443,6
1259788,6
1260442,6
1002788,6
1000376,6
1222596,6
1183354,6
1240676,6
1011219,6
1116229,6
1127416,6
1284463,6
1062647,6
1189142,6
1021578,6
1214275,6
1157880,6
1170519,6
1027299,6
1264328,6
1049192,6
1190922,6
1114925,6
1169463,6
1098705,6
1143497,6
1204796,6
1039849,6
1004402,6
1156624,6
1021883,6
1067404,6
1077328,6
1314006,6
1081280,6
1030413,6
1124972,6
1064123,6
1282193,6
1136199,6
1121627,6
1317331,6
1124063,6
1238525,6
1145560,6
1188077,6
1171246,6
1165600,6
1218815,6
1168359,6
1289155,6
1297132,6
1200993,6
1054087,6
1171563,6
1102375,6
1245935,6
1017173,6
1071993,6
1158083,6
1097081,6
1186528,6
1171639,6
1152923,6
1193635,6
1246414,6
1150563,6
1204608,6
1002530,6
1274924,6
1134188,6
1203585,6
1094984,6
1217760,6
1063321,6
1243809,6
1241276,6
1250950,6
1321337,6
1010447,6
1169726,6
1307440,6
1259255,6
1303146,6
1307496,6
1205243,6
1085466,6
1069711,6
1000018,6
1267795,6
1045632,6
1136387,6
1130769,6
1230792,6
1017028,6
1073592,6
1041157,6
1265731,6
1323221,6
1124892,6
1258705,6
1126401,6
1028647,6
1237357,6
1185913,6
1201594,6
1037767,6
1178130,6
1106764,6
1164289,6
1064703,6
1078625,6
1316109,6
1134301,6
1098826,6
1080165,6
1241675,6
1270360,6
1148124,6
1252140,6
1018666,6
1224113,6
1316286,6
1170162,6
1068920,6
1305108,6
1309483,6
1234248,6
1137974,6
1267443,6
1143592,6
1163846,6
1007647,6
1313307,6
1210436,6
1015808,6
1203593,6
1298668,6
1176120,6
1239689,6
1116640,6
1257502,6
1126288,6
1294378,6
1036854,6
1209244,6
1323013,6
1025856,6
1008020,6
1153280,6
1256392,6
1317560,6
1315678,6
1323590,6
1239376,6
1127531,6
1232290,6
1238584,6
1291037,6
1190430,6
1251771,6
1189644,6
1248177,6
1057475,6
1061515,6
1212289,6
1144022,6
1105539,6
1235487,6
1098953,6
1266962,6
1136503,6
1322512,6
1092238,6
1189847,6
1196232,6
1064284,6
1296461,6
1074135,6
1154128,6
1090016,6
1196172,6
1318426,6
1092794,6
1109189,6
1167803,6
1107789,6
1031058,6
1094273,6
1056969,6
1224655,6
1280436,6
1239374,6
1249444,6
1152617,6
1250593,6
1103548,6
1143975,6
1008074,6
1152946,6
1085371,6
1174520,6
1129442,6
1041386,6
1280054,6
1300186,6
1287723,6
1047254,6
1123923,6
1150097,6
1240338,6
1114342,6
1054408,6
1291683,6
1136733,6
1076849,6
1265001,6
1039647,6
1273593,6
1171793,6
1157868,6
1301161,6
1074590,6
1081108,6
1107088,6
1125910,6
1313340,6
1264759,6
1225711,6
1065818,6
1069583,6
1092808,6
1251160,6
1102951,6
1011211,6
1043263,6
1086760,6
1183343,6
1121370,6
1026446,6
1098111,6
1057573,6
1248310,6
1024315,6
1199773,6
1204771,6
1294290,6
1005182,6
1027742,6
1208007,6
1323783,6
1017652,6
1223353,6
1063491,6
1267022,6
1225424,6
1150027,6
1086863,6
1064323,6
1035367,6
1292556,6
1192693,6
1108853,6
1163734,6
1298955,6
1030474,6
1033131,6
1091788,6
1253515,6
1082584,6
1312163,6
1076453,6
1217076,6
1318928,6
1269893,6
1119351,6
1027484,6
1098874,6
1120103,6
1311343,6
1223806,6
1107630,6
1018471,6
1306098,6
1204251,6
1077583,6
1168243,6
1225508,6
1057656,6
1162351,6
1077421,6
1194521,6
1001083,6
1217313,6
1152479,6
1005936,6
1324929,6
1147096,6
1000340,6
1215813,6
1297774,6
1321904,6
1152954,6
1183659,6
1198705,6
1263116,6
1153146,6
1182532,6
1029776,6
1090826,6
1047385,6
1022233,6
1323929,6
1226653,6
1219267,6
1117965,6
1052053,6
1001025,6
1248552,6
1183418,6
1147923,6
1273237,6
1004420,6
1014334,6
1323849,6
1180777,6
1081537,6
1178635,6
1202937,6
1295073,6
1313301,6
1266757,6
1194014,6
1190286,6
1015947,6
1317497,6
1321796,6
1212734,6
1286581,6
1207048,6
1046036,6
1154505,6
1265150,6
1054566,6
1082357,6
1090740,6
1220157,6
1253797,6
1227410,6
1250068,6
1248092,6
1216229,6
1315485,6
1046068,6
1196130,6
1209563,6
1028668,6
1131494,6
1247616,6
1030742,6
1007548,6
1071136,6
1276419,6
1190605,6
1272138,6
1033064,6
1270992,6
1292311,6
1042389,6
1159065,6
1125414,6
1167500,6
1183874,6
1302433,6
1004963,6
1087295,6
1215361,6
1125424,6
1320138,6
1194811,6
1263692,6
1076622,6
1277690,6
1213567,6
1269240,6
1316482,6
1211333,6
1089135,6
1150761,6
1101310,6
1078569,6
1307382,6
1239703,6
1125152,6
1091950,6
1303912,6
1309050,6
1130183,6
1313755,6
1297450,6
1110547,6
1140337,6
1273007,6
1168598,6
1260565,6
1047261,6
1288686,6
1249454,6
1148440,6
1223526,6
1245689,6
1295365,6
1099995,6
1067297,6
1068255,6
1001762,6
1058693,6
1223658,6
1058603,6
1141235,6
1309370,6
1006203,6
1117569,6
1148157,6
1162769,6
1237129,6
1232352,6
1079362,6
1025864,6
1234532,6
1039543,6
1247624,6
1302747,6
1113764,6
1055343,6
1092764,6
1050157,6
1190867,6
1290333,6
1083231,6
1060512,6
1008782,6
1215749,6
1034848,6
1042324,6
1047807,6
1034203,6
1288867,6
1057578,6
1316617,6
1020403,6
1251397,6
1144388,6
1183161,6
1204971,6
1096182,6
1191921,6
1118094,6
1059135,6
1264676,6
1191366,6
1094638,6
1206208,6
1195666,6
1122262,6
1120253,6
1237090,6
1135992,6
1177788,6
1277806,6
1087710,6
1163706,6
1139273,6
1287475,6
1027779,6
1149062,6
1206603,6
1063033,6
1272687,6
1047892,6
1268800,6
1306880,6
1060429,6
1265697,6
1298654,6
1257394,6
1220539,6
1072081,6
1092569,6
1080022,6
1008000,6
1001622,6
1055046,6
1142229,6
1074124,6
1112897,6
1165004,6
1282353,6
1229417,6
1104570,6
1077681,6
1106708,6
1251018,6
1105934,6
1266003,6
1181401,6
1059134,6
1301644,6
1103980,6
1299720,6
1146272,6
1296432,6
1191903,6
1269166,6
1050770,6
1039995,6
1092660,6
1241475,6
1311632,6
1309015,6
1319996,6
1077695,6
1299834,6
1061867,6
1002145,6
1291221,6
1269953,6
1286870,6
1310129,6
1213705,6
1117451,6
1303676,6
1320685,6
1220897,6
1168312,6
1024638,6
1087409,6
1119683,6
1186062,6
1275283,6
1312975,6
1288307,6
1092587,6
1002326,6
1141799,6
1163850,6
1165999,6
1183695,6
1047106,6
1081037,6
1179995,6
1142569,6
1174771,6
1163973,6
1003081,6
1315499,6
1030583,6
1148624,6
1243518,6
1147793,6
1021697,6
1180425,6
1003884,6
1124119,6
1250745,6
1122081,6
1052618,6
1151792,6
1007826,6
1324299,6
1136982,6
1020465,6
1028681,6
1294916,6
1204900,6
1107049,6
1134669,6
1308456,6
1033941,6
1272221,6
1219906,6
1198366,6
1055503,6
1127334,6
1230142,6
1210831,6
1102024,6
1146439,6
1025829,6
1267356,6
1065715,6
1040163,6
1225308,6
1275426,6
1294661,6
1152713,6
1146421,6
1103580,6
1265209,6
1176921,6
1203093,6
1043486,6
1267719,6
1273927,6
1154674,6
1292467,6
1065582,6
1170871,6
1116985,6
1095616,6
1117663,6
1038718,6
1161791,6
1046701,6
1048534,6
1060784,6
1110652,6
1133537,6
1072546,6
1161967,6
1146529,6
1060052,6
1033458,6
1256223,6
1277327,6
1191066,6
1061953,6
1107732,6
1090961,6
1217644,6
1237545,6
1094750,6
1200749,6
1232044,6
1165266,6
1160612,6
1197859,6
1021339,6
1314100,6
1011907,6
1163429,6
1228946,6
1046513,6
1227555,6
1035180,6
1024435,6
1094188,6
1194834,6
1282089,6
1044292,6
1216963,6
1250334,6
1294691,6
1255071,6
1171450,6
1265079,6
1304419,6
1300800,6
1199287,6
1120693,6
1194536,6
1188628,6
1112482,6
1074938,6
1204321,6
1070528,6
1196784,6
1110091,6
1059689,6
1225895,6
1133305,6
1113519,6
1019426,6
1030977,6
1083163,6
1196387,6
1050919,6
1251734,6
1085099,6
1213302,6
1033433,6
1081369,6
1087117,6
1123049,6
1151554,6
1085652,6
1174045,6
1045482,6
1288702,6
1166107,6
1078269,6
1019321,6
1230076,6
1255103,6
1088302,6
1218661,6
1248148,6
1325628,6
1263444,6
1184358,6
1309449,6
1115013,6
1059031,6
1305666,6
1162784,6
1027079,6
1162690,6
1114069,6
1016418,6
1290826,6
1224242,6
1218726,6
1034773,6
1301476,6
1148666,6
1282485,6
1211136,6
1296446,6
1139399,6
1183086,6
1223761,6
1317963,6
1265845,6
1058913,6
1310968,6
1075617,6
1209787,6
1236707,6
1079806,6
1177439,6
1233676,6
1114804,6
1041612,6
1122110,6
1241726,6
1006313,6
1009364,6
1125561,6
1282783,6
1170514,6
1220665,6
1158106,6
1059737,6
1008767,6
1235873,6
1237816,6
1077000,6
1286633,6
1187316,6
1022266,6
1283100,6
1016578,6
1097963,6
1307206,6
1314938,6
1145784,6
1010820,6
1005436,6
1277889,6
1114918,6
1007179,6
1035006,6
1198749,6
1045883,6
1269916,6
1054991,6
1086692,6
1210093,6
1009080,6
1224460,6
1180856,6
1278898,6
1033434,6
1131185,6
1311802,6
1261987,6
1274901,6
1150261,6
1161473,6
1008701,6
1130163,6
1194242,6
1168372,6
1144034,6
1168201,6
1164643,6
1184764,6
1258646,6
1030775,6
1019466,6
1113872,6
1293641,6
1199933,6
1200110,6
1132202,6
1062185,6
1242573,6
1085457,6
1002097,6
1248709,6
1159425,6
1258323,6
1025992,6
1188804,6
1112207,6
1123028,6
1316886,6
1085744,6
1089710,6
1231525,6
1179179,6
1155053,6
1096569,6
1048042,6
1100811,6
1266423,6
1240999,6
1099583,6
1098242,6
1065147,6
1213528,6
1187649,6
1154176,6
1305893,6
1167510,6
1206948,6
1049924,6
1191822,6
1001461,6
1075469,6
1184230,6
1102096,6
1264091,6
1020684,6
1012595,6
1092836,6
1118346,6
1169583,6
1039067,6
1060402,6
1084749,6
1295628,6
1103751,6
1262665,6
1183119,6
1019997,6
1323426,6
1317386,6
1224334,6
1099358,6
1208993,6
1234042,6
1181529,6
1061766,6
1232626,6
1210603,6
1242350,6
1111673,6
1088331,6
1162437,6
1154109,6
1045103,6
1256876,6
1184540,6
1180411,6
1094059,6
1104891,6
1054905,6
1236668,6
1282300,6
1176534,6
1073729,6
1071430,6
1204319,6
1176806,6
1173463,6
1050860,6
1240766,6
1309693,6
1129148,6
1090899,6
1247990,6
1092041,6
1210558,6
1031879,6
1217170,6
1249599,6
1253094,6
1163856,6
1266243,6
1305628,6
1315387,6
1253567,6
1024396,6
1166702,6
1234027,6
1024868,6
1263004,6
1262787,6
1104696,6
1055088,6
1193826,6
1150770,6
1252146,6
1281244,6
1166231,6
1153989,6
1112008,6
1294636,6
1096514,6
1296127,6
1236670,6
1065860,6
1279171,6
1207054,6
1238355,6
1274655,6
1259940,6
1185216,6
1208554,6
1061426,6
1073862,6
1070179,6
1134011,6
1300840,6
1053368,6
1092821,6
1081753,6
1031637,6
1167601,6
1206066,6
1056679,6
1169635,6
1105445,6
1027275,6
1218915,6
1253851,6
1078587,6
1196714,6
1226122,6
1267411,6
1205655,6
1299788,6
1315007,6
1325060,6
1255967,6
1157136,6
1268282,6
1090055,6
1125095,6
1142953,6
1299865,6
1280958,6
1098257,6
1215912,6
1235021,6
1276697,6
1023179,6
1004431,6
1258725,6
1287068,6
1259523,6
1171933,6
1154083,6
1302899,6
1295319,6
1021394,6
1030075,6
1095877,6
1094095,6
1096666,6
1115669,6
1149142,6
1118992,6
1173014,6
1124960,6
1292140,6
1048567,6
1089984,6
1020292,6
1078662,6
1101427,6
1167187,6
1014407,6
1000669,6
1099203,6
1146646,6
1297789,6
1289866,6
1255374,6
1111618,6
1144100,6
1008524,6
1189640,6
1157048,6
1249341,6
1220769,6
1132667,6
1207981,6
1149623,6
1166916,6
1226326,6
1007413,6
1134897,6
1239577,6
1028456,6
1277992,6
1031555,6
1074029,6
1143635,6
1274498,6
1159845,6
1207575,6
1085405,6
1175504,6
1129902,6
1255337,6
1267975,6
1276882,6
1197127,6
1282378,6
1101542,6
1143137,6
1180535,6
1085846,6
1164134,6
1191881,6
1179757,6
1310556,6
1069042,6
1117957,6
1191123,6
1002577,6
1015977,6
1050542,6
1297558,6
1302793,6
1183208,6
1275192,6
1213444,6
1060907,6
1241273,6
1105861,6
1008444,6
1266365,6
1322182,6
1174185,6
1010102,6
1083392,6
1039754,6
1034713,6
1045333,6
1149023,6
1093075,6
1155395,6
1308534,6
1039913,6
1148159,6
1092320,6
1099121,6
1192764,6
1272497,6
1125417,6
1164796,6
1086339,6
1164343,6
1309294,6
1243825,6
1269504,6
1214025,6
1041659,6
1295866,6
1311513,6
1082101,6
1114008,6
1160915,6
1085651,6
1236767,6
1123632,6
1013739,6
1035014,6
1271608,6
1186877,6
1017437,6
1250902,6
1323471,6
1282363,6
1104461,6
1304798,6
1020162,6
1276017,6
1021352,6
1250563,6
1298104,6
1032714,6
1155076,6
1169718,6
1231163,6
1171413,6
1154737,6
1273944,6
1107252,6
1307685,6
1026325,6
1214176,6
1113686,6
1177671,6
1046467,6
1056142,6
1208101,6
1199653,6
1225493,6
1198551,6
1172493,6
1047929,6
1190983,6
1241079,6
1165332,6
1228802,6
1196007,6
1053911,6
1118772,6
1005201,6
1076828,6
1169180,6
1134773,6
1128402,6
1283409,6
1211488,6
1258332,6
1041008,6
1303490,6
1180149,6
1174422,6
1058590,6
1202952,6
1166018,6
1197752,6
1287642,6
1014986,6
1313921,6
1215395,6
1049697,6
1064546,6
1115638,6
1253310,6
1049144,6
1184987,6
1140925,6
1053236,6
1170390,6
1163084,6
1149659,6
1145314,6
1164498,6
1206426,6
1125754,6
1274118,6
1019056,6
1155224,6
1195008,6
1286513,6
1069282,6
1317720,6
1310617,6
1258918,6
1269222,6
1048246,6
1110701,6
1256983,6
1105753,6
1240639,6
1246253,6
1081771,6
1058412,6
1091971,6
1090393,6
1291563,6
1139387,6
1176214,6
1040807,6
1021870,6
1188166,6
1163731,6
1310638,6
1257091,6
1299123,6
1166610,6
1272407,6
1162428,6
1056057,6
1233865,6
1066104,6
1193777,6
1065470,6
1311418,6
1252196,6
1171410,6
1194271,6
1229466,6
1004288,6
1322577,6
1217967,6
1032167,6
1192264,6
1188954,6
1130433,6
1276052,6
1115580,6
1270279,6
1142360,6
1022011,6
1061322,6
1139257,6
1004330,6
1238029,6
1017858,6
1059431,6
1207772,6
1154438,6
1211058,6
1132982,6
1245755,6
1325637,6
1163355,6
1198738,6
1015892,6
1300101,6
1041784,6
1209506,6
1036007,6
1077492,6
1299178,6
1030421,6
1021182,6
1145591,6
1240158,6
1210706,6
1102187,6
1084662,6
1109670,6
1162549,6
1263244,6
1124467,6
1013163,6
1076656,6
1105756,6
1308122,6
1313655,6
1188880,6
1001390,6
1234945,6
1112579,6
1179949,6
1039264,6
1297221,6
1175053,6
1163630,6
1078726,6
1073580,6
1155262,6
1221412,6
1299234,6
1011223,6
1063101,6
1284621,6
1194463,6
1074727,6
1112042,6
1284376,6
1137378,6
1197436,6
1021396,6
1246395,6
1109948,6
1026915,6
1234033,6
1084093,6
1084924,6
1185408,6
1281684,6
1053665,6
1041572,6
1011133,6
1284632,6
1307103,6
1179463,6
1278663,6
1226527,6
1142429,6
1322188,6
1240382,6
1197444,6
1078646,6
1196109,6
1025040,6
1325488,6
1116266,6
1106766,6
1022357,6
1189781,6
1278213,6
1096066,6
1094294,6
1142476,6
1236105,6
1097994,6
1142448,6
1231825,6
1162155,6
1135688,6
1186271,6
1063067,6
1223044,6
1089830,6
1248825,6
1045460,6
1072795,6
1224185,6
1203424,6
1261240,6
1119510,6
1130289,6
1171485,6
1273487,6
1251793,6
1131405,6
1183049,6
1302714,6
1211897,6
1052612,6
1167914,6
1293919,6
1284483,6
1206149,6
1110340,6
1284248,6
1218043,6
1141670,6
1133133,6
1065197,6
1059845,6
1299134,6
1045944,6
1104617,6
1207172,6
1194702,6
1084545,6
1015554,6
1122261,6
1277011,6
1146728,6
1277347,6
1282691,6
1235045,6
1179560,6
1146197,6
1242281,6
1116823,6
1023204,6
1105279,6
1037083,6
1322585,6
1277514,6
1219432,6
1300386,6
1168197,6
1164842,6
1073219,6
1191656,6
1312772,6
1143118,6
1113421,6
1043223,6
1177007,6
1021207,6
1249730,6
1284327,6
1077620,6
1160971,6
1045459,6
1073443,6
1083786,6
1298996,6
1005260,6
1199608,6
1013901,6
1262305,6
1101729,6
1188715,6
1107479,6
1308387,6
1244217,6
1014664,6
1260284,6
1143402,6
1320952,6
1274477,6
1132878,6
1186025,6
1264881,6
1003829,6
1156236,6
1140173,6
1282337,6
1032233,6
1000846,6
1221804,6
1174274,6
1105258,6
1042657,6
1216900,6
1030642,6
1247602,6
1295748,6
1104571,6
1173092,6
1283168,6
1318869,6
1031464,6
1125339,6
1068289,6
1215559,6
1266536,6
1174275,6
1325249,6
1000044,6
1144475,6
1275262,6
1293809,6
1294275,6
1257359,6
1116198,6
1250743,6
1226915,6
1008963,6
1126465,6
1121303,6
1254299,6
1095731,6
1284379,6
1065190,6
1035887,6
1194645,6
1124866,6
1137496,6
1197771,6
1267979,6
1300839,6
1060518,6
1285886,6
1011602,6
1230930,6
1307075,6
1260777,6
1283882,6
1065523,6
1183429,6
1271017,6
1007552,6
1147121,6
1235621,6
1271756,6
1148681,6
1079908,6
1060202,6
1088626,6
1117035,6
1249213,6
1250115,6
1315421,6
1141587,6
1179111,6
1178138,6
1194485,6
1038931,6
1312339,6
1320984,6
1290737,6
1266128,6
1296875,6
1080284,6
1034042,6
1281019,6
1296491,6
1012508,6
1120671,6
1289550,6
1080161,6
1066316,6
1034093,6
1186024,6
1109405,6
1079036,6
1190797,6
1282574,6
1228509,6
1056389,6
1240202,6
1004320,6
1012527,6
1254617,6
1260160,6
1012356,6
1036112,6
1226092,6
1320992,6
1240090,6
1159116,6
1134405,6
1042097,6
1014129,6
1043001,6
1203712,6
1059115,6
1084805,6
1236866,6
1208663,6
1131007,6
1240623,6
1137638,6
1180403,6
1008080,6
1032852,6
1176348,6
1168117,6
1262823,6
1140242,6
1140388,6
1076127,6
1192373,6
1216592,6
1120213,6
1133254,6
1220366,6
1261391,6
1320427,6
1115374,6
1085514,6
1077059,6
1295562,6
1065896,6
1111658,6
1253690,6
1117808,6
1188063,6
1081862,6
1007931,6
1096016,6
1220334,6
1064207,6
1259445,6
1005238,6
1273392,6
1319894,6
1016716,6
1275422,6
1191161,6
1193854,6
1193641,6
1234372,6
1232443,6
1300097,6
1024896,6
1131700,6
1245673,6
1127330,6
1051601,6
1069001,6
1196165,6
1010716,6
1112269,6
1101473,6
1315399,6
1288036,6
1051676,6
1144443,6
1282673,6
1303824,6
1127411,6
1078771,6
1294681,6
1195487,6
1092392,6
1075147,6
1216449,6
1300921,6
1019992,6
1083363,6
1314967,6
1136739,6
1166426,6
1103679,6
1273181,6
1228975,6
1321096,6
1218954,6
1313706,6
1018612,6
1304681,6
1297375,6
1228881,6
1090818,6
1174078,6
1181546,6
1107212,6
1310744,6
1098601,6
1279284,6
1310180,6
1003619,6
1180605,6
1224684,6
1138479,6
1170336,6
1193749,6
1238218,6
1213383,6
1233637,6
1318678,6
1142370,6
1037002,6
1141362,6
1269392,6
1260499,6
1169747,6
1273428,6
1221166,6
1014238,6
1149594,6
1216841,6
1266392,6
1033264,6
1233954,6
1200835,6
1113535,6
1064272,6
1157630,6
1244677,6
1067528,6
1190033,6
1100534,6
1314726,6
1206078,6
1271068,6
1248870,6
1120955,6
1215718,6
1260303,6
1305515,6
1267479,6
1091685,6
1072151,6
1046510,6
1252720,6
1177509,6
1174322,6
1140287,6
1191599,6
1023700,6
1011233,6
1179588,6
1039662,6
1181606,6
1233228,6
1061073,6
1164708,6
1301230,6
1167353,6
1111561,6
1296651,6
1104115,6
1223361,6
1265642,6
1078217,6
1202839,6
1111476,6
1031648,6
1139527,6
1182264,6
1285714,6
1275169,6
1083861,6
1232818,6
1250420,6
1143272,6
1260803,6
1132485,6
1260412,6
1052672,6
1012078,6
1110739,6
1248146,6
1134078,6
1157776,6
1161261,6
1155414,6
1211471,6
1312458,6
1139995,6
1034393,6
1105540,6
1309264,6
1122382,6
1147614,6
1132045,6
1249824,6
1305463,6
1164942,6
1291417,6
1131878,6
1152855,6
1076600,6
1086625,6
1229549,6
1110412,6
1269795,6
1146327,6
1241763,6
1275601,6
1134845,6
1253198,6
1041063,6
1106902,6
1251917,6
1203441,6
1178870,6
1216626,6
1042766,6
1053104,6
1228585,6
1062532,6
1243834,6
1159756,6
1149114,6
1294022,6
1306931,6
1031923,6
1218620,6
1179962,6
1209461,6
1309203,6
1091245,6
1311162,6
1184524,6
1240666,6
1034980,6
1290094,6
1030335,6
1217838,6
1004802,6
1066378,6
1317753,6
1256830,6
1094985,6
1175711,6
1010643,6
1202686,6
1111224,6
1125434,6
1155632,6
1024234,6
1310435,6
1003326,6
1075992,6
1100367,6
1234888,6
1186320,6
1316393,6
1300627,6
1057768,6
1014398,6
1314175,6
1231586,6
1078446,6
1076580,6
1022649,6
1026156,6
1212681,6
1219922,6
1107928,6
1109076,6
1048476,6
1229705,6
1212743,6
1230460,6
1014602,6
1302500,6
1080571,6
1178660,6
1264456,6
1092733,6
1161244,6
1303256,6
1127717,6
1069088,6
1275719,6
1030377,6
1056249,6
1186682,6
1065531,6
1233096,6
1031182,6
1068729,6
1166489,6
1149925,6
1213703,6
1082808,6
1029178,6
1200733,6
1053424,6
1281820,6
1036253,6
1160211,6
1301057,6
1288760,6
1140341,6
1108117,6
1011444,6
1097170,6
1194782,6
1005980,6
1146516,6
1257253,6
1139075,6
1000976,6
1257417,6
1136423,6
1040576,6
1218467,6
1038162,6
1111998,6
1280314,6
1303581,6
1314589,6
1320820,6
1115200,6
1208578,6
1124422,6
1122941,6
1148061,6
1053950,6
1113561,6
1057002,6
1223597,6
1080476,6
1098351,6
1015522,6
1240981,6
1123661,6
1124187,6
1114795,6
1049360,6
1002830,6
1204837,6
1118210,6
1277708,6
1084409,6
1165397,6
1293927,6
1191730,6
1263248,6
1047522,6
1305869,6
1243428,6
1158373,6
1212804,6
1043753,6
1204703,6
1087551,6
1318983,6
1029987,6
1227732,6
1067734,6
1084310,6
1001756,6
1204667,6
1148677,6
1021658,6
1276520,6
1228753,6
1107908,6
1307317,6
1299948,6
1191682,6
1198219,6
1154636,6
1315121,6
1083535,6
1250163,6
1280950,6
1287769,6
1102808,6
1238024,6
1210383,6
1079929,6
1109459,6
1144328,6
1267364,6
1257096,6
1314403,6
1021824,6
1144586,6
1208223,6
1165208,6
1229202,6
1136013,6
1306604,6
1031650,6
1132516,6
1118690,6
1139779,6
1009431,6
1082621,6
1079604,6
1209885,6
1287458,6
1033235,6
1161762,6
1158114,6
1093185,6
1304881,6
1186919,6
1135326,6
1006014,6
1088826,6
1025792,6
1153244,6
1268072,6
1293586,6
1070441,6
1082676,6
1217289,6
1261614,6
1059832,6
1166606,6
1086086,6
1264214,6
1187764,6
1211913,6
1065335,6
1308301,6
1213192,6
1058205,6
1302094,6
1028870,6
1224698,6
1261881,6
1249364,6
1009778,6
1146183,6
1033330,6
1091528,6
1273621,6
1137544,6
1072689,6
1044829,6
1129459,6
1053382,6
1287876,6
1091795,6
1073476,6
1121280,6
1135839,6
1213326,6
1091540,6
1161744,6
1132537,6
1167864,6
1161115,6
1079520,6
1088763,6
1143376,6
1260774,6
1032576,6
1071649,6
1226423,6
1285513,6
1228391,6
1072244,6
1044951,6
1010971,6
1021766,6
1229279,6
1044797,6
1177679,6
1210666,6
1087857,6
1219835,6
1019908,6
1248254,6
1105600,6
1188195,6
1031137,6
1251797,6
1088190,6
1319056,6
1317317,6
1044588,6
1197880,6
1286469,6
1176687,6
1060493,6
1310427,6
1206263,6
1237265,6
1278753,6
1213711,6
1097410,6
1013873,6
1106621,6
1181616,6
1045505,6
1311786,6
1296232,6
1153246,6
1144691,6
1167471,6
1022736,6
1071290,6
1284337,6
1005081,6
1253593,6
1155755,6
1082223,6
1100070,6
1079969,6
1134537,6
1144183,6
1119569,6
1212358,6
1097145,6
1287918,6
1060316,6
1309034,6
1011469,6
1225976,6
1197357,6
1156905,6
1117811,6
1001995,6
1227144,6
1243563,6
1004775,6
1173154,6
1040483,6
1178874,6
1106667,6
1036098,6
1137276,6
1244043,6
1272462,6
1276269,6
1056059,6
1283378,6
1253023,6
1293820,6
1011502,6
1294416,6
1078482,6
1316946,6
1123699,6
1240698,6
1213190,6
1140703,6
1002390,6
1122177,6
1171672,6
1292955,6
1325003,6
1134526,6
1060293,6
1286373,6
1308222,6
1205197,6
1099017,6
1024344,6
1049311,6
1095392,6
1015907,6
1011555,6
1175612,6
1103896,6
1233186,6
1125503,6
1004422,6
1309993,6
1005258,6
1243501,6
1130436,6
1203337,6
1095619,6
1138508,6
1030346,6
1308896,6
1215330,6
1021281,6
1291272,6
1116554,6
1072146,6
1301289,6
1032438,6
1108887,6
1023140,6
1209072,6
1204953,6
1265835,6
1218483,6
1179187,6
1010662,6
1135625,6
1102829,6
1204366,6
1316328,6
1233488,6
1264917,6
1121828,6
1148840,6
1107938,6
1323769,6
1188360,6
1061893,6
1243492,6
1300454,6
1182661,6
1003375,6
1033008,6
1263207,6
1155987,6
1283725,6
1083412,6
1216738,6
1299188,6
1093518,6
1218766,6
1053119,6
1308113,6
1308544,6
1090717,6
1289702,6
1153651,6
1075900,6
1311177,6
1312982,6
1193231,6
1160890,6
1078321,6
1190905,6
1144697,6
1251576,6
1017569,6
1163906,6
1055175,6
1207681,6
1016374,6
1059277,6
1242339,6
1128801,6
1315140,6
1208836,6
1025572,6
1071262,6
1279773,6
1132486,6
1114717,6
1307265,6
1014524,6
1000098,6
1267623,6
1100400,6
1078545,6
1300500,6
1291298,6
1229459,6
1010023,6
1249066,6
1202182,6
1244905,6
1118280,6
1159171,6
1062842,6
1277128,6
1152355,6
1089857,6
1208827,6
1251245,6
1096880,6
1297659,6
1074766,6
1104009,6
1134918,6
1225661,6
1185093,6
1321363,6
1071516,6
1163915,6
1293301,6
1220012,6
1074216,6
1069863,6
1028291,6
1051304,6
1132571,6
1230597,6
1252094,6
1068178,6
1106597,6
1228100,6
1302399,6
1154103,6
1154072,6
1269467,6
1195310,6
1144619,6
1099865,6
1304682,6
1108066,6
1323476,6
1235607,6
1260677,6
1276960,6
1080171,6
1303618,6
1069681,6
1194078,6
1019784,6
1112839,6
1068608,6
1162493,6
1108383,6
1173793,6
1011388,6
1214834,6
1287089,6
1094581,6
1089304,6
1159143,6
1199573,6
1177139,6
1130381,6
1207215,6
1251309,6
1079600,6
1122326,6
1154671,6
1098306,6
1043022,6
1237876,6
1084069,6
1260545,6
1110567,6
1037841,6
1116436,6
1312811,6
1124380,6
1041217,6
1285522,6
1288858,6
1173976,6
1035103,6
1320443,6
1269611,6
1100470,6
1306467,6
1266571,6
1176503,6
1023844,6
1325623,6
1281974,6
1250411,6
1320357,6
1092268,6
1071050,6
1095382,6
1255701,6
1051678,6
1219203,6
1249329,6
1278571,6
1150628,6
1301871,6
1286682,6
1213980,6
1011427,6
1009042,6
1209716,6
1293847,6
1264625,6
1321492,6
1146596,6
1093297,6
1265800,6
1239201,6
1050137,6
1101433,6
1176775,6
1241800,6
1254565,6
1071618,6
1274794,6
1093042,6
1188811,6
1182121,6
1220929,6
1257691,6
1304498,6
1289220,6
1299646,6
1263658,6
1203330,6
1137163,6
1103730,6
1244216,6
1009919,6
1240729,6
1027932,6
1180791,6
1187392,6
1246322,6
1304338,6
1085535,6
1112014,6
1007869,6
1194953,6
1325663,6
1195453,6
1109095,6
1298511,6
1305808,6
1107626,6
1184918,6
1293915,6
1300577,6
1040544,6
1246032,6
1162063,6
1081798,6
1085408,6
1176182,6
1117412,6
1278736,6
1118468,6
1169001,6
1039116,6
1098475,6
1286307,6
1147850,6
1043113,6
1072217,6
1144563,6
1253741,6
1272469,6
1101144,6
1164794,6
1168560,6
1168633,6
1311447,6
1183472,6
1109012,6
1294018,6
1207063,6
1318487,6
1243182,6
1116598,6
1318317,6
1111193,6
1189106,6
1189775,6
1094585,6
1150294,6
1301630,6
1000059,6
1293825,6
1103745,6
1242457,6
1073731,6
1246632,6
1293583,6
1078050,6
1188649,6
1124776,6
1091376,6
1073015,6
1034017,6
1004851,6
1010916,6
1093574,6
1307084,6
1185228,6
1218499,6
1241058,6
1099631,6
1235765,6
1035238,6
1116453,6
1087283,6
1175071,6
1039612,6
1296532,6
1251843,6
1027728,6
1159401,6
1194451,6
1094228,6
1269708,6
1238538,6
1300948,6
1122796,6
1254594,6
1205136,6
1043955,6
1212823,6
1139069,6
1030879,6
1249239,6
1289087,6
1034100,6
1072512,6
1175118,6
1311150,6
1077303,6
1274515,6
1254980,6
1046303,6
1084464,6
1072685,6
1155226,6
1302685,6
1124477,6
1187546,6
1294905,6
1137825,6
1063131,6
1116111,6
1199609,6
1026930,6
1199103,6
1056242,6
1281036,6
1197747,6
1324754,6
1013042,6
1280802,6
1024658,6
1309354,6
1048655,6
1118487,6
1026048,6
1265909,6
1302764,6
1019450,6
1133040,6
1174031,6
1005131,6
1046468,6
1271597,6
1188606,6
1188952,6
1277900,6
1166048,6
1292933,6
1271764,6
1183661,6
1096806,6
1265594,6
1194690,6
1243690,6
1223075,6
1055246,6
1252557,6
1190852,6
1019921,6
1058929,6
1174576,6
1323615,6
1290856,6
1002935,6
1161805,6
1257647,6
1234395,6
1067622,6
1184565,6
1138903,6
1001220,6
1069236,6
1154309,6
1000844,6
1048551,6
1254779,6
1067364,6
1213396,6
1184315,6
1299142,6
1191773,6
1085761,6
1265032,6
1259883,6
1223758,6
1322649,6
1000408,6
1149410,6
1150357,6
1277529,6
1203400,6
1317063,6
1168673,6
1145165,6
1157842,6
1098782,6
1115615,6
1057341,6
1207609,6
1092741,6
1030672,6
1076355,6
1227488,6
1103637,6
1290433,6
1038066,6
1134700,6
1120741,6
1285918,6
1273075,6
1151656,6
1216428,6
1172931,6
1241863,6
1228537,6
1059838,6
1010387,6
1063893,6
1185858,6
1106473,6
1285500,6
1066580,6
1168535,6
1113672,6
1092209,6
1169027,6
1072329,6
1108021,6
1130104,6
1037306,6
1208160,6
1054888,6
1269247,6
1051764,6
1240035,6
1000982,6
1015583,6
1049789,6
1281723,6
1222120,6
1093937,6
1197313,6
1076785,6
1065854,6
1308120,6
1135749,6
1198246,6
1086666,6
1191633,6
1143120,6
1193045,6
1067552,6
1036772,6
1093083,6
1244130,6
1097086,6
1300134,6
1121703,6
1172793,6
1182795,6
1003076,6
1020117,6
1220187,6
1301484,6
1210543,6
1100656,6
1097942,6
1151153,6
1046819,6
1207265,6
1018552,6
1277031,6
1050706,6
1008425,6
1111172,6
1261343,6
1320197,6
1285256,6
1283351,6
1180071,6
1176264,6
1300203,6
1320552,6
1086753,6
1292062,6
1012066,6
1266568,6
1085902,6
1199594,6
1094063,6
1055267,6
1006587,6
1104253,6
1021854,6
1214335,6
1229152,6
1267776,6
1117831,6
1012497,6
1142911,6
1189945,6
1215356,6
1232709,6
1325308,6
1042596,6
1184998,6
1105078,6
1141010,6
1284631,6
1056879,6
1128475,6
1196085,6
1186161,6
1262278,6
1139307,6
1073421,6
1230146,6
1209110,6
1106717,6
1188570,6
1315493,6
1150591,6
1185862,6
1211070,6
1071111,6
1217743,6
1070389,6
1145781,6
1225412,6
1275750,6
1245236,6
1148695,6
1029498,6
1202565,6
1268269,6
1007589,6
1195225,6
1047203,6
1196324,6
1034899,6
1010857,6
1131820,6
1056484,6
1052902,6
1125787,6
1145066,6
1131337,6
1169937,6
1172066,6
1253119,6
1137563,6
1099474,6
1309746,6
1232870,6
1048280,6
1312952,6
1161297,6
1255097,6
1219259,6
1287618,6
1138818,6
1178598,6
1178567,6
1015520,6
1288124,6
1217261,6
1070123,6
1045691,6
1223098,6
1210089,6
1209633,6
1300628,6
1224676,6
1200611,6
1039891,6
1059609,6
1159551,6
1072874,6
1160494,6
1073123,6
1094314,6
1090787,6
1224118,6
1240462,6
1024716,6
1126330,6
1152684,6
1106599,6
1181536,6
1192601,6
1128332,6
1165781,6
1112368,6
1120183,6
1253358,6
1289718,6
1087192,6
1157351,6
1316427,6
1227675,6
1170476,6
1200889,6
1312221,6
1017233,6
1309237,6
1037824,6
1030060,6
1216111,6
1035923,6
1150373,6
1135438,6
1208929,6
1061782,6
1003874,6
1171355,6
1050909,6
1187005,6
1159590,6
1323819,6
1300775,6
1314149,6
1024556,6
1097276,6
1002900,6
1078530,6
1049346,6
1117357,6
1101830,6
1001306,6
1158800,6
1033331,6
1061586,6
1185079,6
1032952,6
1138807,6
1150721,6
1217955,6
1127840,6
1072647,6
1126246,6
1021604,6
1152914,6
1015665,6
1181039,6
1082253,6
1192030,6
1010547,6
1029864,6
1270390,6
1234692,6
1306454,6
1126614,6
1013777,6
1277092,6
1069345,6
1190293,6
1013641,6
1276402,6
1188683,6
1305591,6
1064699,6
1207980,6
1103010,6
1235951,6
1245272,6
1028858,6
1138920,6
1020422,6
1109173,6
1120223,6
1185411,6
1242013,6
1195991,6
1200118,6
1050401,6
1270717,6
1159750,6
1091673,6
1183592,6
1024041,6
1033525,6
1281138,6
1079199,6
1007350,6
1100818,6
1307589,6
1315558,6
1240520,6
1301100,6
1062440,6
1220532,6
1273356,6
1286924,6
1306644,6
1070369,6
1268836,6
1006191,6
1076740,6
1103062,6
1005109,6
1222137,6
1306058,6
1041901,6
1310813,6
1198541,6
1227026,6
1124506,6
1115694,6
1070601,6
1184403,6
1138255,6
1275415,6
1217853,6
1004708,6
1209832,6
1103157,6
1274407,6
1303247,6
1242348,6
1273539,6
1243431,6
1142680,6
1265353,6
1244753,6
1281320,6
1012265,6
1324920,6
1228824,6
1109077,6
1079831,6
1028598,6
1041454,6
1284914,6
1310944,6
1073207,6
1190567,6
1080616,6
1239572,6
1301442,6
1267487,6
1041787,6
1049449,6
1166583,6
1221447,6
1087727,6
1273797,6
1059904,6
1008907,6
1076030,6
1094922,6
1234450,6
1160840,6
1122890,6
1075558,6
1226701,6
1037071,6
1146721,6
1211233,6
1241828,6
1152773,6
1116703,6
1226224,6
1158572,6
1194466,6
1135599,6
1256033,6
1222872,6
1063939,6
1221139,6
1105311,6
1083090,6
1218143,6
1107142,6
1240989,6
1118334,6
1248412,6
1062418,6
1284708,6
1181231,6
1210053,6
1244010,6
1221278,6
1272751,6
1275570,6
1254933,6
1124804,6
1252850,6
1067251,6
1224437,6
1200080,6
1323336,6
1265220,6
1113703,6
1210945,6
1171797,6
1174517,6
1124820,6
1200860,6
1300803,6
1069897,6
1279625,6
1255345,6
1287645,6
1251541,6
1194253,6
1258553,6
1318232,6
1098928,6
1070064,6
1288770,6
1249200,6
1138211,6
1119133,6
1182633,6
1056923,6
1274703,6
1225899,6
1218508,6
1042058,6
1246558,6
1306980,6
1133267,6
1163703,6
1262868,6
1128204,6
1169202,6
1162906,6
1084312,6
1106093,6
1240489,6
1086286,6
1062976,6
1084388,6
1296110,6
1041926,6
1184975,6
1065996,6
1320065,6
1103783,6
1061896,6
1027815,6
1318041,6
1089274,6
1027295,6
1260208,6
1265492,6
1271980,6
1303973,6
1279636,6
1141039,6
1322658,6
1312501,6
1100005,6
1122772,6
1324755,6
1268294,6
1004386,6
1147035,6
1105182,6
1319793,6
1026249,6
1024695,6
1279809,6
1195273,6
1060966,6
1158772,6
1271134,6
1013069,6
1039616,6
1155421,6
1143175,6
1108170,6
1218919,6
1201187,6
1220739,6
1244085,6
1308582,6
1148597,6
1039230,6
1024062,6
1300613,6
1172718,6
1120482,6
1310812,6
1274343,6
1151148,6
1200340,6
1025094,6
1164891,6
1059207,6
1026801,6
1054679,6
1113512,6
1155471,6
1262211,6
1277808,6
1247779,6
1065141,6
1066535,6
1306590,6
1162420,6
1317568,6
1164296,6
1139902,6
1162427,6
1135166,6
1291980,6
1253904,6
1010151,6
1117379,6
1286291,6
1077995,6
1271403,6
1020527,6
1130444,6
1086340,6
1083967,6
1150534,6
1156353,6
1245611,6
1115973,6
1179430,6
1085971,6
1076638,6
1245502,6
1224999,6
1322354,6
1322955,6
1120428,6
1133400,6
1038883,6
1041295,6
1308791,6
1118547,6
1298095,6
1284209,6
1240607,6
1082590,6
1306363,6
1183983,6
1198991,6
1055162,6
1275995,6
1279140,6
1261385,6
1104831,6
1298558,6
1153834,6
1168865,6
1046555,6
1231230,6
1310273,6
1282133,6
1154891,6
1301751,6
1266610,6
1292313,6
1093863,6
1233111,6
1075653,6
1291736,6
1261538,6
1233090,6
1137973,6
1291150,6
1097063,6
1219607,6
1218492,6
1264452,6
1189161,6
1161187,6
1136851,6
1313811,6
1084697,6
1272985,6
1228690,6
1061077,6
1210231,6
1021836,6
1264604,6
1025262,6
1198329,6
1008160,6
1233757,6
1135390,6
1291031,6
1117560,6
1225579,6
1155078,6
1050621,6
1288763,6
1158626,6
1322604,6
1283925,6
1285908,6
1318890,6
1082726,6
1264369,6
1042820,6
1200376,6
1267268,6
1152988,6
1288874,6
1119398,6
1192034,6
1224718,6
1245009,6
1321184,6
1067649,6
1135135,6
1146873,6
1248016,6
1292919,6
1270301,6
1142239,6
1083827,6
1144784,6
1288209,6
1301733,6
1279896,6
1130169,6
1200185,6
1029970,6
1163480,6
1137367,6
1051494,6
1189902,6
1017416,6
1203721,6
1001649,6
1270537,6
1198976,6
1197354,6
1143834,6
1051434,6
1049513,6
1158064,6
1112537,6
1242346,6
1054808,6
1322476,6
1057528,6
1205051,6
1318441,6
1100874,6
1043550,6
1236548,6
1219358,6
1026394,6
1126527,6
1068501,6
1072760,6
1316314,6
1294281,6
1165641,6
1286362,6
1224539,6
1097194,6
1020128,6
1262596,6
1207925,6
1143233,6
1169641,6
1317036,6
1066143,6
1038985,6
1181145,6
1071740,6
1149595,6
1263176,6
1068955,6
1059138,6
1060219,6
1306006,6
1003713,6
1053729,6
1284615,6
1107008,6
1149563,6
1280778,6
1116707,6
1288693,6
1258525,6
1255240,6
1153079,6
1001517,6
1171258,6
1024639,6
1096167,6
1157643,6
1115558,6
1100234,6
1263661,6
1318122,6
1044433,6
1207768,6
1056967,6
1302594,6
1040118,6
1124150,6
1013453,6
1264610,6
1069219,6
1308607,6
1080377,6
1245691,6
1211195,6
1275006,6
1157116,6
1186167,6
1109769,6
1094816,6
1025126,6
1224391,6
1084012,6
1305971,6
1285689,6
1163815,6
1312323,6
1241419,6
1186087,6
1085232,6
1172524,6
1111284,6
1015332,6
1186017,6
1136972,6
1206847,6
1257941,6
1140967,6
1144675,6
1306097,6
1285722,6
1056681,6
1263045,6
1322355,6
1171234,6
1096601,6
1170647,6
1259564,6
1274646,6
1251211,6
1193130,6
1262230,6
1277273,6
1181168,6
1116165,6
1082943,6
1134154,6
1196161,6
1190898,6
1064660,6
1269896,6
1275852,6
1209628,6
1093774,6
1306545,6
1164436,6
1286041,6
1094352,6
1251679,6
1004290,6
1285644,6
1078479,6
1185438,6
1211047,6
1275134,6
1195577,6
1260797,6
1033311,6
1066994,6
1224752,6
1289708,6
1007114,6
1113579,6
1209478,6
1261301,6
1299688,6
1256213,6
1021206,6
1309565,6
1297009,6
1164087,6
1261357,6
1286918,6
1209893,6
1103599,6
1230281,6
1128319,6
1209713,6
1207675,6
1031857,6
1135849,6
1187624,6
1012503,6
1229870,6
1062486,6
1147513,6
1115399,6
1220858,6
1195974,6
1222144,6
1012010,6
1246536,6
1315700,6
1047150,6
1075376,6
1014705,6
1153412,6
1019077,6
1028381,6
1204903,6
1290942,6
1137396,6
1289221,6
1123639,6
1257946,6
1312571,6
1098726,6
1112658,6
1018186,6
1225096,6
1149232,6
1230134,6
1269481,6
1324113,6
1126747,6
1200156,6
1299857,6
1259674,6
1078073,6
1045317,6
1043285,6
1149035,6
1121292,6
1050947,6
1015301,6
1264188,6
1083787,6
1115150,6
1302878,6
1321556,6
1059353,6
1149650,6
1268801,6
1163072,6
1294726,6
1140655,6
1178823,6
1170213,6
1096836,6
1183408,6
1012131,6
1029789,6
1317956,6
1057285,6
1262854,6
1160090,6
1248678,6
1099308,6
1222255,6
1242778,6
1206551,6
1011691,6
1094225,6
1289091,6
1217460,6
1073847,6
1160556,6
1185356,6
1270691,6
1317499,6
1166928,6
1180659,6
1078293,6
1113389,6
1140201,6
1232678,6
1300738,6
1040111,6
1189522,6
1304109,6
1060006,6
1220750,6
1184456,6
1181475,6
1029753,6
1109026,6
1298105,6
1137112,6
1262295,6
1063172,6
1150684,6
1120526,6
1016475,6
1200892,6
1162584,6
1043943,6
1238806,6
1096130,6
1164572,6
1016624,6
1007208,6
1212628,6
1043809,6
1128232,6
1031976,6
1020754,6
1056008,6
1297355,6
1241717,6
1257160,6
1173150,6
1011513,6
1263990,6
1026472,6
1206183,6
1138613,6
1165106,6
1202814,6
1197022,6
1306691,6
1317745,6
1127298,6
1304500,6
1146177,6
1131566,6
1100260,6
1270648,6
1077047,6
1158793,6
1278196,6
1320457,6
1165845,6
1284043,6
1024726,6
1270113,6
1044568,6
1199587,6
1248534,6
1037884,6
1227421,6
1001064,6
1272851,6
1243376,6
1288133,6
1141437,6
1167348,6
1323879,6
1297585,6
1081877,6
1043098,6
1011654,6
1051514,6
1102827,6
1218167,6
1202679,6
1311168,6
1305615,6
1103166,6
1124490,6
1067774,6
1295802,6
1278927,6
1174930,6
1147248,6
1295815,6
1182132,6
1063086,6
1278376,6
1297537,6
1174497,6
1093343,6
1239052,6
1077807,6
1180725,6
1193213,6
1183043,6
1037230,6
1033393,6
1153801,6
1009142,6
1289787,6
1129504,6
1288175,6
1257746,6
1029396,6
1103455,6
1024261,6
1178299,6
1179170,6
1265890,6
1153984,6
1055706,6
1100324,6
1272761,6
1117600,6
1035453,6
1090239,6
1072038,6
1208814,6
1015049,6
1230450,6
1008685,6
1095191,6
1094100,6
1072127,6
1044465,6
1171976,6
1092846,6
1143404,6
1144128,6
1082143,6
1069927,6
1112341,6
1285924,6
1317862,6
1122384,6
1246687,6
1132118,6
1251908,6
1299435,6
1274522,6
1306732,6
1151805,6
1028160,6
1252053,6
1154989,6
1179029,6
1101172,6
1082281,6
1002846,6
1201275,6
1045101,6
1235257,6
1080405,6
1000379,6
1034979,6
1018715,6
1112416,6
1028170,6
1304502,6
1080606,6
1132321,6
1171393,6
1004191,6
1137101,6
1103724,6
1288697,6
1149632,6
1231108,6
1114400,6
1321589,6
1295225,6
1039139,6
1220345,6
1299751,6
1241338,6
1089259,6
1137694,6
1178084,6
1261599,6
1235198,6
1133758,6
1249270,6
1193950,6
1269762,6
1066031,6
1273150,6
1190579,6
1043465,6
1076864,6
1233327,6
1103505,6
1066784,6
1224162,6
1080925,6
1272204,6
1100552,6
1022462,6
1274117,6
1246250,6
1296256,6
1320309,6
1237675,6
1022391,6
1031582,6
1319835,6
1036044,6
1181898,6
1222316,6
1121934,6
1159624,6
1281468,6
1176222,6
1277591,6
1235897,6
1165409,6
1282157,6
1073031,6
1021227,6
1007344,6
1215345,6
1249350,6
1082262,6
1047280,6
1041985,6
1306519,6
1115960,6
1054345,6
1055613,6
1109892,6
1043318,6
1100985,6
1004898,6
1189928,6
1158135,6
1254102,6
1050623,6
1238987,6
1190718,6
1276564,6
1110235,6
1185622,6
1200268,6
1005660,6
1240421,6
1237673,6
1116912,6
1075089,6
1228238,6
1064162,6
1065790,6
1044660,6
1095196,6
1123614,6
1136240,6
1185563,6
1249603,6
1220108,6
1247315,6
1065693,6
1050959,6
1059926,6
1318318,6
1246614,6
1193879,6
1198884,6
1304925,6
1099699,6
1251149,6
1212827,6
1113053,6
1168593,6
1244767,6
1005536,6
1128072,6
1309468,6
1193758,6
1070499,6
1193455,6
1151306,6
1278361,6
1151583,6
1156607,6
1248084,6
1173867,6
1248062,6
1138186,6
1096837,6
1175840,6
1303417,6
1036493,6
1223682,6
1060279,6
1179626,6
1229080,6
1114271,6
1287349,6
1034181,6
1292288,6
1237351,6
1119739,6
1065329,6
1162835,6
1175073,6
1057779,6
1263019,6
1056755,6
1275395,6
1148304,6
1022117,6
1075144,6
1020689,6
1298593,6
1174442,6
1000387,6
1016084,6
1127347,6
1108896,6
1286253,6
1108630,6
1310199,6
1120295,6
1172156,6
1232448,6
1105065,6
1117613,6
1127656,6
1247453,6
1145413,6
1229507,6
1105790,6
1142759,6
1201537,6
1306387,6
1262867,6
1235602,6
1101913,6
1290794,6
1157160,6
1251342,6
1296897,6
1057208,6
1132785,6
1198597,6
1113113,6
1220138,6
1116126,6
1003669,6
1242070,6
1188163,6
1236876,6
1039601,6
1015295,6
1110204,6
1060779,6
1196743,6
1025920,6
1223984,6
1015698,6
1177478,6
1244945,6
1322970,6
1223455,6
1222541,6
1255007,6
1229030,6
1172324,6
1166379,6
1133353,6
1089116,6
1067107,6
1146542,6
1195952,6
1256206,6
1189187,6
1139818,6
1296151,6
1298619,6
1139862,6
1036859,6
1005985,6
1260923,6
1271911,6
1297438,6
1192633,6
1170065,6
1157125,6
1028716,6
1100575,6
1296616,6
1316998,6
1172119,6
1031437,6
1026666,6
1273147,6
1261409,6
1224462,6
1164546,6
1060020,6
1042007,6
1239824,6
1290586,6
1038165,6
1239889,6
1242122,6
1187702,6
1304772,6
1052051,6
1024713,6
1287516,6
1321107,6
1145364,6
1097362,6
1246601,6
1146892,6
1191891,6
1136918,6
1095366,6
1237013,6
1170084,6
1036063,6
1071179,6
1267185,6
1090735,6
1146917,6
1152399,6
1026556,6
1181853,6
1278817,6
1270120,6
1206868,6
1178352,6
1210445,6
1165879,6
1046569,6
1307425,6
1222712,6
1226788,6
1179476,6
1063324,6
1157138,6
1045492,6
1007824,6
1283408,6
1215730,6
1173457,6
1309778,6
1162920,6
1202201,6
1052989,6
1235152,6
1291449,6
1001047,6
1276917,6
1033555,6
1264218,6
1147389,6
1155581,6
1011951,6
1049052,6
1319597,6
1171281,6
1177864,6
1217786,6
1209458,6
1127053,6
1079017,6
1053081,6
1156818,6
1100498,6
1321311,6
1071151,6
1019697,6
1130375,6
1001474,6
1056399,6
1053127,6
1070227,6
1205314,6
1287200,6
1011696,6
1300320,6
1271306,6
1217856,6
1100847,6
1040367,6
1066334,6
1219770,6
1195131,6
1214447,6
1006912,6
1072356,6
1192236,6
1313511,6
1254094,6
1120293,6
1169402,6
1262493,6
1076488,6
1224217,6
1290553,6
1292943,6
1269340,6
1310472,6
1097144,6
1148232,6
1183674,6
1093126,6
1219702,6
1205407,6
1230578,6
1273748,6
1260537,6
1157095,6
1257925,6
1198993,6
1193104,6
1158151,6
1132714,6
1167161,6
1185195,6
1089411,6
1256740,6
1302262,6
1322004,6
1105520,6
1247045,6
1320140,6
1071509,6
1091368,6
1083936,6
1190840,6
1074016,6
1048543,6
1109760,6
1046039,6
1142149,6
1124303,6
1107060,6
1293452,6
1226159,6
1142830,6
1016402,6
1066461,6
1092559,6
1085792,6
1011570,6
1256074,6
1142634,6
1075218,6
1087974,6
1043569,6
1277025,6
1208259,6
1128569,6
1078836,6
1137943,6
1125986,6
1201597,6
1251143,6
1018767,6
1054975,6
1314826,6
1226445,6
1212029,6
1159585,6
1248273,6
1080433,6
1065593,6
1223875,6
1027863,6
1126995,6
1041961,6
1020976,6
1198383,6
1131143,6
1077174,6
1236227,6
1266819,6
1059065,6
1117782,6
1213401,6
1154573,6
1179466,6
1036382,6
1320259,6
1216643,6
1188551,6
1298923,6
1288224,6
1032444,6
1071837,6
1080587,6
1057943,6
1036477,6
1249597,6
1177304,6
1063770,6
1259110,6
1012647,6
1055305,6
1004100,6
1074468,6
1050427,6
1324738,6
1156103,6
1008436,6
1170222,6
1095832,6
1017281,6
1142668,6
1101086,6
1086981,6
1226055,6
1261783,6
1235083,6
1271664,6
1304700,6
1249544,6
1172439,6
1066929,6
1157171,6
1114816,6
1121552,6
1150230,6
1015690,6
1030093,6
1268604,6
1221318,6
1093060,6
1180796,6
1239617,6
1156707,6
1082397,6
1290804,6
1255266,6
1176807,6
1079287,6
1136965,6
1005146,6
1171609,6
1232412,6
1212778,6
1161837,6
1132177,6
1164723,6
1118508,6
1123319,6
1019584,6
1118248,6
1082258,6
1267782,6
1242731,6
1291016,6
1105759,6
1287637,6
1238193,6
1041037,6
1273292,6
1315108,6
1114202,6
1040166,6
1210907,6
1104270,6
1157359,6
1228999,6
1107770,6
1183662,6
1027681,6
1038261,6
1322750,6
1301654,6
1240195,6
1060814,6
1079540,6
1007749,6
1172377,6
1167279,6
1147563,6
1309273,6
1168799,6
1038878,6
1237844,6
1167155,6
1000744,6
1101001,6
1256301,6
1151757,6
1239030,6
1101152,6
1238943,6
1261904,6
1284643,6
1167918,6
1061816,6
1276678,6
1130872,6
1023729,6
1149381,6
1139911,6
1294953,6
1179259,6
1049158,6
1169111,6
1016304,6
1197129,6
1081843,6
1246089,6
1037129,6
1161142,6
1077018,6
1028402,6
1144511,6
1300873,6
1253674,6
1238916,6
1217476,6
1166690,6
1061531,6
1122085,6
1029605,6
1089142,6
1302481,6
1307213,6
1026715,6
1031214,6
1299895,6
1228855,6
1138956,6
1268346,6
1005604,6
1128290,6
1229426,6
1101774,6
1067685,6
1085654,6
1156482,6
1203383,6
1218807,6
1011061,6
1121915,6
1029649,6
1126494,6
1319186,6
1123534,6
1003268,6
1107978,6
1160257,6
1041205,6
1234763,6
1056766,6
1199090,6
1194699,6
1323668,6
1086886,6
1063458,6
1039749,6
1308545,6
1317315,6
1160997,6
1004519,6
1272255,6
1298981,6
1303092,6
1128472,6
1212338,6
1268021,6
1034805,6
1174514,6
1261150,6
1153811,6
1303483,6
1282215,6
1064049,6
1142463,6
1248697,6
1022761,6
1110838,6
1033155,6
1260645,6
1268666,6
1265907,6
1000086,6
1039740,6
1214673,6
1057353,6
1227367,6
1091879,6
1071593,6
1053791,6
1217586,6
1109819,6
1140151,6
1020666,6
1307003,6
1082209,6
1037135,6
1174707,6
1273086,6
1116437,6
1247520,6
1032570,6
1198306,6
1069885,6
1074439,6
1319562,6
1214664,6
1316244,6
1023075,6
1236503,6
1293572,6
1221578,6
1136276,6
1089575,6
1244740,6
1252000,6
1035059,6
1025064,6
1260979,6
1169777,6
1215046,6
1038403,6
1285535,6
1013199,6
1310721,6
1229179,6
1091122,6
1114253,6
1029696,6
1313544,6
1095260,6
1314775,6
1046577,6
1032016,6
1276840,6
1278484,6
1214516,6
1198680,6
1165611,6
1195252,6
1059692,6
1216290,6
1138179,6
1106743,6
1011018,6
1195664,6
1274294,6
1030193,6
1165411,6
1221414,6
1088444,6
1227756,6
1044734,6
1107578,6
1045659,6
1001860,6
1108405,6
1194684,6
1250630,6
1114027,6
1002351,6
1041343,6
1093061,6
1311468,6
1315386,6
1249089,6
1120502,6
1158707,6
1185144,6
1068416,6
1256987,6
1189975,6
1009241,6
1091357,6
1273877,6
1033969,6
1067171,6
1064923,6
1201519,6
1061716,6
1272830,6
1204539,6
1127967,6
1186517,6
1264114,6
1120984,6
1288569,6
1218803,6
1120759,6
1294406,6
1057913,6
1231434,6
1102275,6
1001707,6
1158461,6
1266078,6
1234046,6
1111036,6
1257429,6
1088382,6
1262554,6
1261178,6
1160074,6
1170495,6
1311697,6
1195450,6
1264886,6
1219354,6
1029692,6
1009412,6
1086481,6
1079773,6
1111272,6
1020780,6
1159707,6
1014453,6
1121479,6
1302721,6
1247855,6
1048965,6
1062150,6
1030174,6
1282218,6
1298848,6
1172997,6
1099252,6
1164455,6
1322385,6
1136120,6
1146630,6
1246094,6
1124206,6
1139707,6
1182974,6
1038463,6
1219165,6
1202807,6
1275078,6
1136251,6
1113361,6
1297567,6
1259341,6
1131773,6
1245626,6
1110127,6
1311504,6
1143393,6
1308561,6
1126001,6
1169833,6
1000974,6
1168479,6
1167753,6
1089887,6
1061394,6
1039572,6
1206411,6
1096832,6
1034254,6
1204407,6
1297073,6
1046487,6
1195464,6
1170175,6
1273744,6
1247578,6
1230334,6
1319008,6
1070630,6
1249092,6
1181165,6
1139534,6
1238601,6
1062446,6
1041210,6
1278977,6
1066151,6
1252228,6
1042383,6
1112835,6
1258873,6
1080794,6
1178632,6
1077213,6
1101300,6
1165430,6
1263412,6
1097668,6
1058530,6
1172035,6
1164400,6
1173742,6
1158747,6
1096750,6
1227128,6
1218264,6
1215364,6
1049879,6
1034925,6
1011046,6
1042588,6
1211789,6
1047608,6
1178728,6
1298805,6
1240806,6
1034654,6
1317797,6
1261820,6
1248391,6
1253667,6
1009318,6
1171428,6
1174475,6
1300011,6
1016118,6
1006733,6
1175723,6
1214234,6
1045672,6
1270451,6
1015511,6
1052635,6
1160115,6
1132151,6
1150413,6
1000700,6
1155263,6
1283777,6
1319127,6
1216014,6
1207094,6
1149888,6
1113289,6
1087149,6
1209224,6
1200862,6
1317137,6
1210825,6
1108504,6
1162184,6
1213163,6
1253115,6
1186523,6
1150621,6
1013994,6
1266359,6
1018373,6
1098894,6
1116700,6
1300610,6
1252321,6
1318396,6
1093105,6
1250989,6
1237679,6
1142779,6
1041190,6
1271190,6
1304230,6
1089094,6
1039313,6
1132656,6
1179444,6
1198371,6
1062192,6
1299003,6
1119185,6
1178444,6
1066398,6
1074387,6
1254993,6
1321144,6
1010847,6
1116667,6
1280939,6
1097748,6
1107906,6
1232686,6
1032891,6
1152333,6
1123856,6
1263693,6
1080398,6
1011569,6
1037320,6
1079757,6
1137019,6
1098506,6
1148427,6
1197097,6
1199982,6
1110023,6
1062732,6
1151452,6
1014369,6
1320118,6
1178147,6
1176114,6
1292807,6
1258482,6
1045921,6
1180114,6
1223095,6
1040504,6
1224561,6
1153011,6
1180843,6
1201011,6
1078806,6
1158286,6
1216750,6
1144366,6
1001822,6
1048041,6
1142665,6
1323507,6
1293404,6
1288200,6
1204873,6
1102107,6
1088289,6
1228223,6
1168105,6
1251590,6
1100267,6
1042662,6
1299730,6
1299831,6
1315883,6
1268853,6
1023176,6
1022629,6
1180340,6
1264001,6
1285752,6
1314852,6
1150618,6
1127100,6
1134533,6
1273458,6
1231205,6
1263252,6
1229313,6
1254953,6
1089385,6
1249885,6
1152739,6
1110098,6
1279549,6
1035435,6
1090970,6
1159547,6
1058917,6
1071643,6
1064359,6
1202931,6
1176313,6
1010149,6
1176493,6
1118245,6
1049920,6
1228410,6
1228662,6
1090356,6
1076977,6
1321072,6
1090963,6
1213591,6
1214083,6
1210267,6
1295633,6
1204061,6
1284269,6
1311628,6
1294311,6
1075969,6
1306548,6
1125096,6
1113313,6
1221862,6
1092230,6
1013131,6
1092726,6
1093592,6
1183321,6
1009076,6
1084333,6
1014417,6
1217262,6
1192945,6
1227124,6
1079974,6
1266350,6
1054409,6
1119281,6
1009764,6
1109470,6
1266046,6
1218829,6
1014048,6
1179131,6
1301372,6
1119285,6
1044638,6
1078693,6
1316620,6
1172093,6
1129270,6
1190519,6
1295439,6
1296054,6
1214879,6
1319796,6
1148030,6
1240191,6
1239847,6
1166767,6
1275330,6
1209206,6
1279505,6
1183433,6
1296164,6
1249672,6
1068468,6
1298410,6
1298962,6
1161593,6
1100177,6
1097945,6
1039954,6
1019850,6
1178756,6
1290398,6
1322606,6
1182337,6
1032537,6
1253170,6
1127215,6
1308359,6
1083005,6
1149122,6
1188085,6
1036306,6
1098212,6
1257682,6
1241938,6
1126294,6
1055997,6
1045885,6
1317942,6
1205221,6
1171888,6
1229124,6
1203508,6
1026468,6
1053900,6
1166699,6
1278771,6
1107427,6
1259175,6
1109203,6
1094403,6
1159486,6
1183396,6
1223638,6
1029891,6
1048021,6
1221628,6
1121321,6
1071184,6
1319010,6
1066979,6
1012882,6
1093123,6
1096314,6
1241852,6
1214535,6
1039772,6
1228530,6
1205824,6
1269378,6
1251161,6
1314158,6
1151939,6
1098954,6
1071530,6
1224423,6
1050950,6
1319340,6
1173448,6
1300198,6
1135293,6
1310470,6
1296569,6
1298889,6
1151551,6
1209297,6
1080645,6
1270820,6
1292474,6
1317365,6
1106312,6
1212772,6
1102945,6
1200021,6
1179846,6
1213484,6
1230047,6
1016890,6
1209044,6
1051536,6
1091490,6
1038307,6
1041510,6
1149835,6
1256411,6
1072414,6
1298687,6
1007689,6
1304406,6
1180301,6
1241677,6
1091058,6
1312076,6
1066743,6
1074118,6
1152196,6
1291094,6
1085796,6
1191299,6
1270848,6
1069263,6
1095947,6
1119036,6
1138371,6
1311515,6
1212567,6
1214896,6
1085577,6
1306576,6
1122012,6
1233097,6
1157093,6
1262777,6
1168070,6
1007497,6
1270996,6
1012743,6
1166319,6
1065950,6
1015701,6
1154473,6
1119821,6
1030437,6
1276705,6
1226728,6
1278301,6
1115377,6
1150898,6
1215723,6
1032550,6
1096312,6
1136232,6
1018997,6
1080592,6
1091035,6
1290245,6
1004026,6
1178591,6
1182399,6
1163104,6
1248001,6
1091465,6
1083384,6
1273407,6
1223379,6
1186503,6
1008569,6
1189288,6
1117478,6
1284886,6
1073053,6
1298665,6
1257802,6
1068818,6
1155950,6
1265435,6
1014467,6
1209183,6
1180681,6
1258897,6
1051642,6
1257248,6
1146357,6
1129603,6
1264111,6
1144601,6
1131695,6
1096369,6
1053654,6
1000262,6
1103490,6
1029558,6
1194841,6
1320632,6
1097130,6
1112754,6
1249400,6
1268968,6
1236896,6
1026618,6
1310036,6
1010956,6
1247809,6
1229252,6
1083754,6
1087982,6
1199276,6
1239825,6
1016732,6
1153348,6
1098002,6
1135447,6
1054373,6
1256943,6
1061370,6
1312674,6
1068177,6
1131406,6
1064434,6
1269442,6
1264217,6
1146859,6
1052413,6
1182336,6
1179162,6
1261997,6
1248789,6
1126230,6
1032981,6
1248778,6
1281765,6
1114272,6
1067654,6
1202072,6
1120273,6
1215684,6
1204331,6
1111776,6
1303448,6
1217749,6
1118047,6
1272166,6
1024845,6
1063829,6
1126299,6
1270269,6
1313747,6
1183539,6
1079621,6
1194594,6
1323898,6
1092926,6
1128296,6
1104228,6
1242494,6
1018107,6
1218910,6
1163834,6
1149011,6
1051306,6
1283742,6
1010161,6
1009750,6
1021467,6
1143074,6
1190127,6
1178365,6
1321714,6
1262113,6
1180088,6
1212639,6
1069748,6
1271984,6
1147469,6
1082516,6
1185671,6
1042828,6
1013474,6
1237965,6
1236919,6
1276836,6
1297035,6
1181337,6
1258853,6
1176106,6
1235786,6
1066094,6
1135646,6
1211212,6
1187881,6
1120888,6
1211859,6
1155740,6
1000202,6
1052286,6
1156516,6
1238016,6
1056574,6
1168055,6
1168478,6
1272603,6
1192366,6
1025496,6
1092834,6
1019358,6
1296717,6
1157846,6
1126605,6
1010711,6
1315378,6
1229357,6
1109878,6
1074343,6
1027635,6
1006567,6
1141024,6
1291239,6
1196622,6
1226855,6
1157187,6
1163605,6
1006958,6
1006998,6
1160593,6
1312650,6
1284321,6
1247574,6
1109631,6
1002414,6
1102942,6
1067960,6
1098333,6
1191647,6
1226332,6
1238547,6
1120692,6
1133192,6
1088128,6
1021104,6
1049409,6
1067283,6
1086879,6
1250372,6
1069418,6
1201639,6
1225285,6
1179866,6
1012605,6
1042804,6
1121474,6
1191325,6
1074728,6
1043539,6
1162865,6
1197512,6
1044422,6
1256471,6
1265473,6
1321935,6
1030229,6
1272322,6
1215383,6
1092506,6
1200075,6
1051354,6
1134999,6
1196009,6
1260824,6
1257565,6
1226767,6
1012953,6
1122913,6
1236863,6
1225031,6
1228145,6
1156139,6
1080228,6
1297276,6
1028066,6
1142220,6
1230517,6
1289748,6
1273585,6
1032225,6
1106843,6
1185486,6
1001434,6
1180091,6
1126798,6
1110143,6
1080532,6
1267910,6
1023695,6
1094479,6
1173999,6
1159706,6
1094091,6
1260560,6
1150293,6
1292472,6
1281592,6
1135413,6
1249084,6
1212167,6
1320983,6
1268788,6
1159462,6
1199528,6
1081016,6
1138503,6
1113844,6
1053013,6
1279152,6
1283025,6
1173094,6
1188518,6
1313313,6
1124329,6
1249555,6
1190770,6
1005608,6
1066785,6
1274746,6
1162785,6
1128920,6
1170625,6
1245218,6
1112165,6
1214702,6
1248892,6
1161007,6
1225405,6
1030399,6
1065726,6
1236122,6
1154148,6
1013184,6
1086358,6
1017927,6
1199473,6
1143901,6
1024361,6
1170291,6
1200819,6
1013846,6
1185057,6
1085159,6
1188349,6
1103131,6
1076224,6
1001444,6
1069442,6
1071498,6
1192940,6
1194821,6
1150458,6
1243618,6
1026590,6
1096267,6
1017633,6
1050668,6
1154529,6
1036250,6
1083956,6
1109557,6
1110334,6
1257042,6
1062542,6
1184760,6
1299490,6
1217046,6
1085135,6
1280691,6
1295997,6
1200939,6
1134206,6
1111682,6
1150584,6
1223644,6
1117154,6
1250693,6
1172431,6
1295862,6
1152896,6
1167458,6
1222577,6
1320312,6
1261955,6
1198655,6
1135279,6
1172322,6
1261944,6
1184279,6
1232889,6
1031906,6
1037918,6
1292052,6
1273850,6
1179240,6
1227341,6
1024274,6
1150319,6
1307181,6
1249056,6
1098796,6
1204556,6
1228883,6
1070796,6
1176735,6
1218514,6
1253409,6
1206887,6
1199263,6
1315615,6
1111250,6
1290453,6
1179399,6
1102380,6
1241117,6
1289140,6
1163711,6
1001260,6
1082381,6
1096007,6
1210992,6
1151935,6
1273898,6
1310389,6
1049328,6
1027825,6
1080838,6
1136131,6
1241097,6
1312215,6
1242753,6
1262901,6
1026861,6
1028519,6
1036265,6
1232388,6
1146457,6
1030815,6
1241348,6
1031354,6
1067093,6
1183365,6
1257583,6
1131637,6
1245715,6
1306593,6
1143244,6
1015382,6
1034496,6
1247224,6
1115394,6
1065823,6
1199002,6
1267218,6
1070763,6
1136779,6
1265766,6
1070344,6
1115336,6
1063867,6
1045146,6
1038160,6
1081418,6
1284809,6
1110038,6
1232865,6
1304947,6
1218050,6
1178930,6
1012448,6
1116282,6
1140125,6
1152391,6
1274182,6
1105412,6
1303466,6
1111028,6
1234891,6
1274316,6
1224281,6
1109281,6
1141537,6
1008218,6
1312707,6
1060182,6
1307077,6
1268958,6
1138118,6
1222397,6
1117790,6
1270201,6
1290075,6
1089190,6
1219030,6
1240147,6
1057638,6
1169969,6
1277309,6
1231468,6
1305948,6
1181831,6
1085088,6
1099569,6
1301936,6
1123492,6
1135380,6
1168276,6
1097788,6
1135116,6
1079840,6
1055747,6
1126806,6
1280753,6
1259482,6
1125454,6
1090514,6
1173694,6
1015424,6
1214331,6
1129281,6
1010746,6
1194909,6
1126986,6
1072978,6
1142663,6
1077319,6
1048553,6
1105697,6
1164778,6
1167418,6
1184273,6
1292818,6
1147586,6
1074463,6
1089756,6
1135006,6
1139458,6
1216047,6
1137707,6
1101053,6
1300412,6
1301206,6
1179859,6
1258650,6
1278412,6
1156571,6
1324635,6
1005325,6
1013590,6
1097334,6
1197965,6
1079269,6
1101125,6
1068571,6
1142897,6
1033573,6
1324625,6
1156579,6
1295436,6
1266728,6
1083952,6
1212650,6
1221394,6
1150981,6
1036706,6
1056346,6
1306828,6
1079611,6
1186134,6
1211429,6
1008167,6
1197838,6
1053022,6
1079063,6
1021683,6
1229601,6
1116106,6
1176622,6
1229425,6
1026740,6
1227063,6
1268203,6
1261619,6
1239465,6
1311801,6
1026506,6
1221686,6
1059941,6
1075756,6
1014125,6
1153418,6
1121158,6
1048343,6
1311694,6
1125442,6
1089577,6
1248873,6
1256601,6
1299554,6
1111892,6
1216314,6
1203654,6
1198651,6
1266187,6
1310776,6
1125759,6
1054671,6
1041511,6
1142441,6
1045120,6
1022214,6
1166867,6
1312162,6
1269022,6
1146858,6
1264987,6
1010246,6
1038650,6
1097247,6
1146990,6
1056349,6
1291875,6
1101796,6
1093695,6
1268833,6
1211523,6
1073013,6
1255125,6
1264891,6
1172243,6
1144154,6
1322431,6
1313903,6
1290838,6
1210918,6
1059768,6
1192286,6
1286541,6
1020105,6
1124091,6
1289547,6
1038159,6
1250199,6
1204936,6
1108711,6
1006325,6
1077089,6
1054949,6
1287399,6
1250658,6
1196480,6
1186439,6
1200478,6
1064265,6
1239579,6
1323560,6
1174884,6
1101703,6
1186865,6
1206421,6
1125883,6
1183625,6
1054190,6
1215062,6
1001004,6
1261686,6
1242289,6
1026386,6
1210778,6
1211758,6
1257080,6
1182239,6
1032532,6
1106042,6
1106097,6
1115291,6
1216554,6
1136021,6
1263624,6
1131974,6
1259738,6
1047884,6
1051161,6
1011599,6
1275832,6
1160462,6
1030964,6
1088648,6
1267804,6
1131686,6
1279948,6
1023680,6
1093650,6
1102641,6
1091019,6
1243943,6
1322990,6
1048994,6
1299226,6
1085293,6
1120878,6
1142355,6
1203111,6
1193733,6
1175535,6
1026350,6
1154436,6
1228493,6
1243735,6
1074445,6
1287522,6
1083968,6
1237363,6
1296444,6
1032754,6
1254863,6
1193911,6
1305150,6
1218934,6
1197496,6
1311246,6
1202944,6
1002480,6
1037891,6
1226918,6
1165187,6
1072688,6
1224558,6
1317071,6
1114075,6
1190219,6
1045193,6
1170164,6
1247176,6
1200255,6
1269306,6
1283141,6
1107848,6
1288767,6
1309885,6
1294745,6
1035899,6
1301775,6
1046304,6
1047853,6
1160970,6
1060288,6
1152305,6
1186760,6
1038716,6
1160637,6
1241300,6
1293935,6
1110533,6
1236829,6
1020407,6
1029761,6
1294970,6
1079590,6
1037949,6
1099364,6
1034169,6
1227545,6
1288721,6
1293880,6
1077591,6
1245303,6
1221944,6
1307522,6
1098888,6
1025163,6
1223531,6
1119437,6
1230343,6
1320109,6
1150822,6
1121266,6
1081447,6
1044146,6
1223672,6
1195737,6
1181479,6
1216668,6
1218156,6
1137799,6
1017472,6
1075450,6
1152130,6
1134807,6
1245521,6
1004684,6
1017873,6
1067640,6
1104881,6
1247251,6
1090234,6
1050786,6
1107566,6
1032592,6
1309976,6
1008186,6
1162612,6
1087499,6
1304985,6
1321655,6
1288448,6
1292450,6
1143868,6
1039085,6
1100322,6
1067655,6
1033549,6
1108061,6
1134620,6
1047463,6
1252808,6
1170804,6
1014352,6
1136313,6
1041065,6
1269602,6
1084318,6
1090575,6
1061848,6
1103578,6
1266242,6
1046059,6
1187165,6
1065631,6
1094493,6
1320804,6
1237404,6
1297922,6
1092816,6
1318263,6
1098336,6
1169680,6
1298493,6
1119780,6
1120173,6
1265249,6
1064929,6
1072248,6
1087310,6
1246425,6
1096143,6
1089406,6
1222253,6
1066525,6
1102403,6
1134046,6
1187864,6
1249044,6
1295269,6
1063546,6
1063490,6
1077606,6
1167013,6
1194617,6
1113235,6
1091819,6
1039324,6
1151607,6
1306372,6
1004237,6
1212236,6
1152368,6
1025341,6
1046373,6
1042821,6
1250935,6
1120898,6
1223558,6
1019657,6
1141792,6
1214238,6
1203028,6
1190479,6
1127843,6
1129370,6
1098572,6
1006455,6
1248442,6
1169825,6
1005502,6
1118286,6
1306157,6
1094158,6
1079178,6
1117618,6
1116018,6
1150145,6
1306362,6
1112486,6
1047182,6
1192399,6
1154410,6
1059569,6
1239562,6
1257052,6
1045591,6
1234024,6
1116010,6
1097975,6
1083618,6
1051537,6
1113427,6
1296662,6
1189072,6
1204310,6
1001673,6
1108279,6
1046530,6
1219106,6
1274506,6
1016396,6
1215650,6
1154929,6
1055427,6
1135971,6
1183083,6
1246589,6
1216341,6
1030999,6
1118237,6
1079950,6
1017388,6
1320504,6
1301044,6
1113546,6
1290747,6
1005280,6
1009351,6
1294066,6
1145690,6
1215437,6
1158739,6
1255294,6
1086895,6
1081984,6
1227037,6
1255834,6
1139210,6
1220621,6
1201860,6
1064099,6
1243023,6
1292949,6
1175934,6
1036638,6
1310104,6
1066101,6
1314931,6
1255674,6
1322099,6
1123606,6
1260230,6
1087210,6
1021593,6
1173271,6
1114286,6
1071422,6
1075489,6
1183366,6
1150252,6
1050440,6
1263774,6
1085756,6
1117967,6
1163326,6
1078016,6
1153524,6
1151605,6
1092318,6
1016172,6
1272313,6
1211561,6
1250706,6
1156065,6
1116122,6
1214049,6
1018505,6
1067873,6
1129217,6
1261353,6
1262312,6
1055680,6
1006546,6
1028916,6
1318503,6
1279949,6
1041335,6
1070614,6
1003882,6
1110151,6
1303029,6
1086731,6
1013532,6
1011559,6
1054945,6
1137087,6
1197446,6
1123560,6
1239495,6
1164709,6
1238608,6
1218664,6
1030407,6
1163172,6
1310441,6
1171597,6
1025022,6
1211184,6
1075306,6
1073780,6
1149710,6
1022917,6
1183447,6
1073539,6
1222915,6
1182529,6
1009459,6
1310341,6
1010887,6
1284712,6
1227485,6
1218162,6
1317067,6
1227172,6
1218786,6
1040419,6
1141083,6
1014428,6
1121908,6
1135802,6
1210860,6
1144297,6
1031651,6
1061321,6
1114036,6
1241156,6
1008192,6
1257006,6
1314536,6
1230358,6
1088099,6
1253176,6
1234235,6
1058939,6
1001837,6
1261422,6
1163367,6
1204957,6
1260079,6
1102008,6
1159249,6
1147202,6
1323695,6
1177420,6
1305151,6
1060594,6
1176549,6
1228556,6
1224940,6
1091979,6
1040788,6
1177982,6
1262704,6
1216480,6
1257652,6
1054540,6
1099796,6
1316821,6
1243454,6
1247093,6
1269089,6
1147504,6
1091992,6
1207192,6
1077136,6
1207637,6
1223854,6
1118593,6
1100730,6
1273820,6
1179884,6
1296801,6
1228041,6
1195845,6
1198683,6
1164918,6
1287498,6
1020086,6
1138267,6
1142489,6
1020990,6
1006043,6
1166249,6
1126953,6
1236527,6
1251649,6
1064990,6
1114990,6
1034750,6
1296995,6
1252687,6
1203907,6
1147401,6
1273729,6
1206093,6
1089775,6
1203379,6
1210127,6
1138014,6
1183014,6
1033189,6
1077143,6
1003061,6
1216810,6
1137474,6
1285622,6
1164677,6
1268569,6
1095543,6
1210586,6
1269140,6
1154654,6
1236110,6
1161675,6
1071320,6
1151831,6
1281032,6
1246580,6
1016503,6
1215411,6
1182063,6
1017534,6
1217507,6
1048100,6
1280895,6
1159283,6
1128011,6
1244857,6
1174200,6
1071194,6
1285993,6
1176081,6
1321657,6
1167560,6
1319306,6
1222996,6
1157791,6
1040482,6
1077501,6
1297900,6
1284373,6
1126150,6
1286250,6
1317028,6
1019737,6
1022265,6
1181835,6
1259176,6
1086527,6
1084114,6
1312103,6
1026566,6
1260578,6
1276102,6
1036366,6
1080335,6
1039516,6
1248502,6
1247808,6
1188658,6
1235480,6
1095193,6
1101897,6
1235812,6
1043685,6
1289765,6
1180256,6
1165675,6
1029075,6
1110861,6
1087271,6
1167390,6
1056403,6
1180023,6
1143165,6
1056549,6
1266122,6
1034669,6
1279617,6
1294968,6
1280922,6
1012142,6
1135237,6
1136058,6
1038854,6
1160738,6
1229189,6
1196503,6
1052282,6
1053425,6
1154756,6
1188907,6
1275919,6
1182325,6
1170458,6
1103450,6
1257951,6
1042635,6
1210322,6
1083880,6
1239209,6
1170724,6
1294791,6
1115921,6
1236196,6
1308875,6
1133956,6
1011677,6
1178167,6
1144583,6
1035620,6
1103271,6
1034828,6
1116714,6
1064394,6
1135703,6
1298880,6
1238920,6
1002463,6
1253406,6
1031821,6
1110166,6
1081397,6
1029530,6
1200738,6
1193725,6
1217762,6
1167658,6
1004955,6
1308562,6
1177988,6
1108956,6
1222534,6
1142442,6
1182591,6
1024885,6
1245788,6
1307088,6
1097307,6
1142223,6
1096670,6
1043062,6
1275944,6
1317304,6
1194731,6
1194010,6
1210047,6
1317647,6
1008937,6
1151425,6
1276799,6
1271548,6
1293644,6
1038884,6
1162604,6
1285064,6
1309564,6
1182130,6
1062161,6
1291862,6
1123494,6
1306497,6
1106350,6
1250686,6
1053719,6
1021068,6
1054552,6
1254342,6
1008382,6
1114358,6
1241752,6
1051912,6
1121969,6
1052349,6
1105736,6
1045309,6
1273908,6
1268396,6
1214389,6
1044622,6
1121730,6
1144245,6
1259548,6
1286942,6
1025058,6
1010295,6
1187563,6
1123435,6
1065694,6
1108894,6
1125868,6
1225511,6
1016116,6
1206842,6
1037300,6
1220462,6
1147141,6
1306503,6
1082411,6
1223697,6
1136769,6
1107818,6
1162496,6
1008090,6
1124052,6
1282709,6
1038377,6
1168283,6
1107464,6
1097111,6
1322224,6
1017533,6
1234829,6
1262243,6
1016835,6
1006639,6
1143763,6
1103553,6
1141035,6
1060888,6
1315975,6
1106789,6
1084463,6
1301355,6
1233372,6
1177109,6
1127518,6
1042918,6
1190664,6
1300548,6
1183869,6
1143362,6
1027148,6
1183932,6
1270221,6
1279838,6
1117045,6
1172094,6
1270218,6
1243623,6
1267510,6
1099630,6
1165908,6
1296367,6
1232213,6
1179436,6
1156147,6
1195111,6
1284319,6
1184694,6
1237590,6
1019223,6
1028764,6
1036417,6
1136061,6
1155650,6
1278794,6
1015627,6
1202806,6
1128876,6
1309319,6
1047934,6
1292766,6
1280019,6
1287103,6
1218715,6
1138647,6
1050784,6
1079802,6
1203305,6
1064103,6
1194918,6
1305731,6
1214680,6
1027741,6
1045989,6
1246162,6
1222896,6
1001372,6
1100836,6
1164579,6
1012419,6
1120825,6
1011795,6
1270502,6
1156036,6
1274970,6
1088256,6
1007777,6
1301120,6
1254211,6
1217753,6
1076403,6
1272023,6
1224928,6
1140926,6
1064135,6
1093612,6
1286830,6
1076675,6
1305991,6
1268775,6
1062445,6
1320019,6
1068216,6
1128765,6
1218404,6
1259308,6
1321639,6
1277791,6
1080965,6
1120093,6
1225845,6
1084935,6
1152709,6
1113097,6
1157780,6
1260029,6
1027959,6
1303115,6
1254458,6
1107558,6
1180925,6
1246406,6
1143765,6
1270231,6
1191600,6
1149369,6
1271854,6
1240612,6
1182211,6
1102058,6
1092456,6
1146756,6
1317910,6
1292267,6
1299763,6
1204978,6
1211995,6
1087877,6
1234885,6
1269754,6
1070020,6
1183787,6
1286648,6
1054832,6
1125743,6
1169786,6
1018650,6
1279647,6
1180980,6
1169286,6
1045174,6
1184369,6
1076794,6
1171952,6
1261105,6
1174207,6
1153938,6
1219871,6
1120184,6
1212875,6
1132904,6
1162729,6
1113540,6
1279093,6
1056991,6
1244204,6
1268320,6
1201347,6
1103356,6
1100890,6
1062876,6
1274859,6
1300980,6
1160881,6
1293147,6
1198809,6
1115100,6
1014882,6
1075764,6
1136205,6
1183349,6
1213932,6
1034890,6
1276048,6
1111668,6
1131110,6
1074344,6
1171443,6
1103397,6
1266970,6
1013223,6
1281799,6
1091549,6
1038975,6
1031086,6
1054228,6
1267857,6
1304602,6
1121340,6
1211777,6
1142210,6
1315058,6
1090293,6
1184301,6
1100981,6
1323675,6
1095129,6
1298236,6
1248223,6
1293759,6
1230689,6
1231887,6
1063793,6
1035255,6
1007474,6
1242711,6
1191148,6
1139332,6
1195860,6
1236992,6
1264236,6
1223192,6
1135552,6
1085388,6
1165584,6
1236470,6
1120742,6
1086193,6
1286118,6
1258639,6
1090108,6
1299787,6
1297654,6
1292144,6
1212403,6
1295665,6
1271972,6
1070392,6
1052821,6
1238383,6
1149200,6
1087319,6
1020009,6
1063650,6
1033133,6
1028797,6
1257023,6
1119770,6
1280962,6
1122344,6
1057059,6
1076339,6
1027337,6
1268376,6
1126496,6
1192966,6
1128932,6
1226742,6
1253809,6
1068328,6
1055500,6
1182362,6
1206143,6
1207292,6
1070006,6
1066137,6
1134575,6
1134598,6
1106922,6
1013429,6
1202990,6
1250834,6
1121310,6
1282886,6
1235830,6
1322682,6
1123953,6
1204818,6
1214021,6
1054399,6
1256041,6
1319530,6
1056721,6
1187521,6
1049821,6
1191758,6
1113105,6
1218795,6
1088429,6
1140352,6
1159264,6
1299735,6
1220313,6
1105633,6
1166368,6
1144514,6
1239920,6
1016264,6
1145493,6
1095229,6
1187252,6
1140570,6
1316236,6
1221184,6
1246046,6
1021863,6
1106805,6
1107513,6
1026854,6
1225813,6
1175126,6
1004212,6
1012017,6
1196864,6
1204241,6
1149804,6
1190194,6
1118184,6
1241288,6
1273171,6
1277037,6
1224835,6
1128988,6
1050345,6
1208106,6
1011900,6
1020934,6
1209511,6
1121918,6
1200778,6
1303445,6
1279799,6
1041152,6
1135901,6
1072190,6
1242756,6
1110174,6
1126664,6
1305467,6
1057927,6
1109147,6
1057173,6
1073194,6
1243887,6
1020763,6
1089111,6
1116263,6
1196591,6
1091557,6
1267924,6
1272487,6
1130337,6
1014759,6
1319689,6
1160284,6
1117856,6
1047292,6
1099288,6
1270936,6
1046088,6
1077517,6
1207678,6
1048897,6
1285421,6
1167024,6
1075162,6
1271556,6
1017248,6
1061997,6
1255340,6
1112381,6
1211925,6
1045484,6
1037319,6
1258684,6
1037514,6
1284510,6
1015886,6
1260586,6
1172194,6
1022436,6
1071941,6
1055942,6
1178005,6
1030266,6
1318092,6
1286268,6
1123601,6
1217721,6
1222625,6
1080680,6
1232060,6
1197048,6
1082913,6
1134021,6
1323435,6
1293503,6
1250698,6
1217573,6
1074202,6
1214366,6
1112746,6
1280367,6
1238227,6
1237263,6
1217153,6
1223204,6
1005407,6
1000036,6
1109266,6
1294822,6
1134368,6
1050662,6
1171093,6
1082744,6
1278218,6
1207796,6
1137348,6
1008014,6
1145631,6
1118564,6
1252222,6
1317870,6
1173495,6
1253824,6
1045027,6
1050832,6
1064014,6
1254164,6
1269533,6
1091437,6
1276164,6
1072695,6
1268635,6
1159521,6
1070520,6
1309932,6
1252087,6
1139814,6
1201832,6
1176709,6
1301651,6
1126849,6
1308924,6
1263796,6
1301939,6
1074114,6
1054457,6
1296816,6
1097484,6
1013038,6
1037162,6
1192892,6
1298828,6
1045587,6
1041737,6
1284411,6
1061371,6
1148742,6
1223433,6
1275701,6
1244513,6
1176415,6
1223180,6
1167302,6
1066105,6
1212940,6
1265307,6
1210220,6
1250100,6
1003893,6
1049384,6
1291872,6
1270754,6
1264970,6
1186612,6
1237652,6
1107297,6
1188027,6
1095969,6
1131938,6
1034757,6
1229502,6
1283655,6
1104476,6
1123468,6
1212930,6
1209579,6
1237964,6
1218477,6
1144222,6
1267912,6
1099522,6
1135153,6
1212871,6
1224227,6
1075291,6
1186579,6
1158412,6
1311000,6
1138189,6
1147775,6
1219493,6
1124898,6
1175503,6
1295188,6
1127175,6
1013811,6
1143450,6
1115005,6
1042309,6
1286108,6
1074575,6
1177006,6
1169356,6
1215420,6
1144810,6
1111873,6
1293035,6
1294259,6
1296150,6
1282223,6
1305554,6
1229560,6
1130393,6
1160269,6
1075059,6
1120538,6
1309609,6
1067800,6
1013338,6
1086715,6
1314147,6
1181204,6
1253356,6
1061912,6
1290252,6
1161591,6
1177996,6
1181390,6
1227886,6
1194348,6
1246191,6
1247856,6
1082395,6
1251910,6
1045935,6
1064828,6
1117470,6
1176655,6
1040096,6
1009729,6
1291836,6
1051063,6
1025863,6
1320496,6
1189661,6
1172097,6
1212550,6
1284550,6
1235193,6
1212816,6
1054003,6
1008131,6
1136687,6
1260355,6
1231711,6
1314431,6
1025926,6
1269992,6
1134415,6
1252958,6
1231842,6
1066145,6
1143148,6
1117580,6
1267394,6
1230599,6
1054467,6
1262917,6
1255753,6
1323345,6
1010068,6
1203672,6
1312507,6
1296767,6
1130676,6
1120338,6
1155326,6
1023819,6
1302374,6
1317018,6
1321617,6
1301602,6
1201997,6
1298480,6
1103264,6
1050702,6
1172740,6
1263936,6
1185993,6
1092620,6
1259660,6
1279677,6
1243798,6
1099914,6
1299936,6
1207590,6
1201140,6
1245870,6
1188221,6
1028337,6
1298682,6
1301830,6
1057125,6
1199736,6
1047395,6
1282335,6
1070224,6
1112673,6
1200924,6
1296231,6
1177312,6
1085373,6
1152645,6
1187299,6
1136190,6
1216858,6
1154303,6
1262141,6
1205741,6
1319605,6
1059133,6
1225497,6
1113924,6
1294687,6
1067384,6
1043443,6
1036120,6
1125931,6
1080802,6
1195257,6
1139450,6
1278037,6
1087754,6
1269454,6
1121623,6
1314525,6
1086288,6
1137521,6
1039925,6
1275956,6
1264445,6
1314232,6
1289735,6
1299829,6
1298185,6
1207848,6
1060654,6
1143331,6
1089282,6
1260991,6
1275446,6
1242376,6
1205748,6
1190212,6
1185250,6
1270906,6
1049215,6
1278179,6
1012037,6
1219293,6
1216573,6
1107321,6
1299392,6
1004630,6
1213033,6
1317006,6
1167190,6
1055928,6
1054531,6
1217542,6
1170988,6
1315011,6
1278234,6
1124363,6
1215031,6
1054883,6
1309423,6
1112787,6
1219309,6
1093135,6
1245387,6
1108193,6
1088871,6
1161924,6
1118307,6
1288953,6
1264470,6
1127415,6
1203293,6
1222570,6
1193970,6
1185316,6
1213158,6
1271589,6
1280389,6
1075179,6
1117027,6
1043375,6
1239502,6
1080539,6
1135081,6
1040728,6
1303057,6
1159146,6
1079064,6
1238172,6
1175978,6
1149143,6
1053542,6
1260806,6
1192617,6
1134372,6
1101151,6
1277743,6
1139189,6
1287752,6
1051976,6
1173138,6
1036589,6
1218818,6
1201731,6
1324592,6
1149978,6
1159986,6
1202025,6
1253269,6
1132216,6
1070853,6
1124043,6
1079751,6
1172306,6
1124868,6
1044225,6
1023178,6
1154433,6
1038428,6
1257594,6
1109777,6
1016287,6
1023986,6
1264691,6
1035354,6
1315388,6
1283120,6
1239200,6
1256426,6
1267832,6
1206755,6
1058737,6
1034125,6
1029603,6
1148600,6
1082712,6
1098787,6
1281360,6
1165622,6
1280711,6
1136577,6
1147627,6
1006228,6
1183514,6
1214870,6
1284067,6
1205004,6
1075612,6
1286451,6
1283547,6
1220283,6
1098749,6
1151086,6
1020720,6
1255220,6
1295847,6
1047660,6
1152578,6
1142564,6
1026575,6
1273833,6
1080854,6
1294272,6
1162719,6
1103543,6
1072035,6
1203311,6
1055788,6
1019646,6
1205225,6
1317165,6
1268509,6
1105642,6
1234242,6
1098231,6
1099320,6
1040186,6
1098426,6
1103009,6
1178786,6
1039638,6
1214917,6
1061358,6
1240731,6
1101665,6
1052947,6
1065943,6
1121074,6
1108663,6
1210518,6
1258847,6
1145657,6
1000468,6
1290056,6
1177767,6
1197515,6
1164119,6
1273145,6
1305388,6
1190508,6
1180811,6
1153333,6
1008804,6
1030145,6
1308998,6
1134474,6
1291469,6
1257878,6
1270966,6
1137138,6
1230920,6
1137618,6
1056040,6
1171593,6
1162887,6
1053319,6
1121178,6
1258642,6
1239066,6
1190921,6
1081856,6
1246206,6
1195199,6
1087871,6
1240904,6
1096374,6
1259006,6
1044176,6
1017634,6
1001173,6
1197865,6
1140680,6
1067444,6
1015107,6
1214467,6
1003121,6
1106300,6
1072612,6
1057056,6
1053260,6
1104896,6
1253460,6
1310977,6
1115858,6
1047650,6
1166494,6
1042366,6
1310334,6
1064088,6
1170586,6
1279594,6
1263223,6
1311653,6
1208120,6
1225660,6
1206648,6
1118756,6
1269838,6
1302600,6
1315067,6
1131502,6
1003500,6
1001792,6
1219464,6
1047310,6
1213048,6
1224961,6
1201359,6
1291283,6
1152751,6
1255811,6
1053006,6
1086140,6
1249014,6
1016254,6
1124448,6
1112809,6
1099932,6
1241930,6
1189225,6
1312378,6
1281850,6
1267693,6
1177932,6
1224889,6
1155417,6
1233262,6
1135523,6
1305490,6
1203841,6
1276493,6
1204355,6
1043919,6
1194993,6
1179715,6
1299914,6
1221177,6
1063523,6
1182287,6
1270032,6
1063521,6
1010097,6
1304372,6
1112692,6
1155469,6
1132512,6
1240836,6
1126710,6
1237649,6
1266215,6
1008303,6
1294243,6
1055165,6
1106762,6
1274475,6
1008835,6
1178059,6
1324650,6
1202079,6
1146699,6
1003783,6
1007129,6
1059630,6
1147238,6
1033839,6
1297399,6
1252283,6
1169642,6
1176259,6
1186353,6
1283194,6
1097737,6
1109772,6
1160771,6
1199345,6
1172441,6
1101055,6
1038741,6
1272349,6
1321196,6
1019758,6
1193660,6
1081270,6
1120410,6
1288904,6
1208336,6
1259987,6
1113715,6
1258769,6
1059975,6
1090469,6
1237271,6
1166675,6
1153099,6
1073383,6
1284239,6
1288407,6
1063259,6
1240749,6
1270045,6
1311324,6
1161511,6
1226093,6
1275138,6
1011166,6
1006761,6
1111473,6
1254971,6
1130263,6
1247542,6
1300234,6
1250688,6
1011077,6
1125451,6
1152656,6
1321201,6
1320965,6
1041294,6
1307402,6
1123773,6
1137459,6
1168100,6
1269655,6
1288558,6
1240273,6
1292599,6
1214388,6
1146076,6
1269298,6
1277388,6
1200788,6
1164429,6
1136382,6
1284772,6
1250662,6
1088453,6
1093537,6
1107213,6
1146581,6
1217305,6
1146515,6
1324411,6
1104597,6
1018453,6
1268610,6
1270293,6
1085728,6
1019504,6
1034274,6
1112727,6
1095558,6
1098446,6
1119690,6
1157298,6
1073001,6
1050079,6
1175444,6
1194111,6
1106752,6
1289685,6
1301450,6
1235818,6
1104709,6
1319457,6
1069305,6
1056596,6
1072375,6
1064894,6
1280283,6
1078645,6
1169197,6
1204592,6
1311007,6
1027174,6
1150303,6
1089495,6
1247816,6
1055041,6
1016553,6
1152583,6
1271334,6
1055107,6
1074053,6
1273113,6
1261998,6
1091066,6
1307859,6
1197029,6
1291851,6
1029239,6
1021675,6
1307452,6
1064940,6
1037241,6
1256165,6
1275100,6
1259688,6
1199490,6
1111160,6
1221716,6
1192420,6
1087468,6
1046903,6
1150585,6
1225380,6
1045058,6
1302009,6
1267748,6
1260454,6
1299591,6
1064766,6
1200036,6
1149769,6
1025019,6
1175591,6
1079537,6
1195379,6
1135239,6
1114007,6
1223909,6
1287268,6
1289661,6
1189422,6
1310147,6
1186154,6
1311237,6
1143263,6
1188147,6
1031803,6
1132319,6
1189397,6
1179693,6
1154361,6
1286011,6
1076703,6
1163301,6
1261424,6
1114948,6
1043876,6
1199880,6
1073228,6
1066983,6
1125762,6
1135047,6
1315422,6
1100546,6
1134358,6
1114737,6
1198722,6
1293724,6
1137438,6
1185350,6
1017021,6
1193902,6
1058302,6
1102528,6
1192135,6
1307663,6
1310891,6
1258826,6
1102896,6
1281812,6
1052735,6
1249665,6
1125808,6
1301332,6
1313689,6
1130627,6
1180092,6
1065337,6
1320100,6
1114883,6
1013375,6
1167315,6
1110682,6
1207892,6
1023008,6
1070018,6
1268050,6
1024970,6
1087098,6
1212843,6
1136925,6
1205107,6
1249517,6
1087679,6
1089104,6
1167716,6
1076219,6
1102638,6
1161049,6
1035366,6
1263916,6
1230907,6
1287921,6
1062108,6
1038079,6
1096454,6
1064406,6
1001202,6
1064900,6
1228654,6
1275617,6
1267700,6
1044054,6
1286706,6
1268455,6
1318260,6
1248839,6
1041319,6
1126518,6
1209544,6
1077097,6
1168887,6
1011039,6
1163222,6
1110844,6
1058443,6
1263115,6
1168364,6
1078130,6
1100729,6
1241326,6
1302342,6
1005013,6
1072672,6
1194147,6
1122980,6
1043735,6
1208333,6
1009211,6
1000446,6
1253665,6
1310005,6
1319532,6
1133752,6
1152090,6
1194634,6
1132553,6
1083725,6
1027046,6
1225722,6
1255237,6
1219272,6
1154738,6
1094560,6
1126116,6
1162696,6
1002820,6
1082320,6
1148848,6
1257843,6
1308747,6
1079753,6
1302828,6
1106419,6
1132337,6
1052783,6
1223802,6
1303169,6
1055507,6
1222158,6
1250741,6
1133260,6
1125402,6
1116809,6
1292812,6
1237275,6
1271791,6
1257706,6
1298862,6
1151893,6
1034412,6
1018409,6
1171023,6
1140951,6
1143739,6
1206838,6
1231808,6
1293063,6
1223893,6
1115112,6
1120134,6
1106604,6
1272732,6
1062138,6
1006247,6
1123948,6
1184399,6
1003404,6
1109308,6
1307337,6
1176594,6
1213067,6
1108830,6
1193083,6
1141056,6
1003483,6
1049478,6
1057701,6
1107581,6
1250256,6
1044557,6
1017116,6
1134145,6
1243910,6
1296834,6
1108391,6
1112383,6
1289095,6
1104654,6
1166327,6
1036930,6
1001059,6
1128234,6
1105888,6
1135701,6
1004910,6
1027268,6
1116837,6
1100948,6
1191752,6
1052917,6
1307177,6
1222237,6
1006457,6
1100497,6
1123714,6
1107283,6
1104930,6
1238604,6
1126156,6
1308911,6
1277770,6
1105168,6
1134972,6
1112979,6
1142017,6
1151909,6
1152317,6
1047127,6
1303350,6
1050078,6
1314391,6
1004329,6
1057999,6
1267094,6
1058869,6
1087843,6
1264857,6
1282674,6
1032073,6
1240272,6
1161581,6
1142823,6
1149732,6
1233185,6
1010453,6
1125611,6
1183813,6
1215905,6
1187113,6
1306118,6
1239323,6
1325444,6
1117306,6
1212883,6
1134570,6
1093448,6
1108455,6
1113652,6
1077368,6
1308205,6
1060165,6
1245176,6
1264258,6
1038263,6
1159045,6
1119973,6
1068252,6
1163061,6
1063356,6
1091367,6
1220963,6
1168800,6
1178388,6
1086450,6
1059380,6
1170282,6
1215572,6
1112353,6
1271536,6
1222412,6
1171997,6
1101710,6
1124259,6
1190540,6
1013747,6
1073247,6
1198890,6
1126147,6
1277299,6
1046434,6
1202155,6
1029348,6
1323055,6
1157836,6
1097336,6
1139886,6
1273754,6
1070182,6
1023798,6
1323605,6
1077450,6
1138516,6
1202985,6
1135505,6
1271095,6
1175198,6
1287194,6
1223018,6
1268101,6
1281843,6
1254728,6
1196652,6
1088981,6
1202262,6
1013232,6
1182605,6
1064860,6
1083470,6
1134193,6
1112324,6
1282755,6
1150519,6
1231134,6
1261443,6
1004468,6
1122660,6
1265483,6
1189593,6
1088672,6
1237468,6
1030128,6
1288520,6
1160440,6
1261061,6
1206822,6
1119013,6
1078636,6
1056495,6
1214248,6
1071106,6
1068361,6
1096285,6
1325261,6
1079967,6
1149737,6
1324662,6
1029912,6
1122254,6
1100362,6
1190347,6
1023360,6
1107505,6
1323490,6
1129420,6
1300551,6
1121108,6
1318906,6
1277318,6
1162210,6
1100629,6
1249476,6
1146262,6
1128854,6
1220887,6
1306678,6
1216067,6
1185312,6
1235926,6
1143116,6
1216718,6
1213899,6
1097173,6
1058105,6
1317728,6
1142647,6
1293426,6
1121132,6
1271517,6
1060041,6
1154832,6
1000525,6
1123241,6
1009852,6
1106507,6
1192648,6
1070686,6
1184923,6
1271820,6
1008662,6
1197289,6
1308989,6
1232145,6
1204647,6
1174863,6
1209550,6
1241854,6
1241485,6
1129932,6
1123006,6
1018699,6
1215312,6
1057746,6
1019689,6
1003941,6
1239801,6
1316828,6
1129194,6
1210581,6
1150077,6
1133173,6
1001483,6
1210300,6
1010195,6
1161169,6
1151413,6
1039626,6
1234577,6
1170569,6
1317682,6
1323607,6
1133829,6
1078934,6
1018721,6
1265423,6
1068359,6
1281117,6
1252535,6
1064736,6
1264267,6
1306976,6
1259109,6
1314752,6
1228043,6
1092050,6
1286879,6
1077951,6
1025742,6
1038376,6
1008646,6
1004797,6
1238028,6
1021155,6
1138407,6
1033073,6
1258631,6
1147015,6
1171657,6
1255451,6
1198720,6
1180607,6
1245756,6
1006732,6
1115674,6
1273077,6
1295545,6
1073903,6
1143682,6
1159629,6
1069370,6
1050200,6
1096287,6
1107100,6
1089904,6
1292903,6
1023129,6
1062905,6
1072728,6
1002721,6
1197536,6
1291394,6
1230268,6
1109362,6
1229296,6
1207735,6
1008514,6
1229134,6
1179927,6
1167943,6
1221664,6
1314190,6
1268046,6
1265867,6
1281225,6
1257631,6
1168414,6
1082840,6
1089210,6
1048379,6
1316132,6
1117842,6
1092424,6
1066121,6
1072787,6
1253155,6
1109526,6
1084524,6
1009942,6
1268402,6
1194686,6
1193061,6
1034875,6
1022794,6
1145828,6
1023474,6
1047052,6
1260640,6
1264183,6
1054462,6
1217050,6
1150693,6
1044909,6
1194268,6
1036614,6
1274125,6
1298717,6
1199190,6
1116712,6
1101836,6
1142658,6
1036535,6
1128320,6
1111996,6
1160056,6
1222738,6
1290388,6
1158420,6
1323146,6
1122071,6
1018632,6
1031791,6
1269150,6
1316872,6
1151174,6
1324962,6
1010204,6
1235060,6
1146036,6
1039161,6
1171648,6
1188967,6
1031830,6
1005019,6
1234816,6
1124249,6
1265269,6
1094076,6
1290328,6
1038728,6
1294645,6
1080162,6
1026647,6
1054582,6
1162830,6
1317595,6
1294998,6
1043541,6
1298463,6
1196548,6
1256228,6
1113964,6
1039831,6
1190896,6
1205048,6
1057083,6
1172542,6
1227191,6
1138239,6
1284660,6
1226228,6
1047362,6
1110370,6
1040974,6
1043182,6
1129595,6
1195382,6
1290429,6
1244127,6
1054599,6
1176776,6
1179827,6
1037925,6
1223912,6
1136990,6
1040680,6
1299277,6
1292061,6
1296926,6
1148518,6
1107805,6
1138212,6
1192710,6
1252722,6
1291242,6
1199702,6
1108550,6
1252280,6
1208364,6
1008608,6
1259208,6
1297831,6
1126377,6
1289042,6
1188388,6
1301930,6
1106477,6
1145337,6
1063997,6
1318386,6
1086135,6
1041315,6
1284227,6
1258795,6
1138442,6
1228314,6
1174087,6
1260314,6
1170531,6
1291936,6
1133710,6
1151986,6
1044312,6
1008810,6
1213134,6
1030272,6
1110637,6
1126615,6
1100568,6
1301446,6
1118426,6
1168712,6
1273157,6
1302204,6
1224543,6
1087742,6
1195977,6
1261319,6
1031895,6
1044571,6
1119600,6
1018115,6
1262290,6
1090338,6
1312468,6
1231353,6
1083050,6
1273297,6
1227267,6
1252949,6
1069304,6
1257967,6
1010522,6
1026417,6
1241120,6
1172943,6
1306221,6
1214121,6
1218925,6
1288935,6
1056649,6
1000842,6
1300585,6
1222685,6
1283229,6
1258442,6
1145624,6
1293806,6
1308885,6
1275632,6
1319194,6
1180311,6
1306294,6
1266695,6
1316954,6
1012005,6
1225047,6
1107866,6
1061206,6
1005596,6
1215041,6
1202521,6
1209522,6
1156969,6
1309008,6
1020367,6
1108756,6
1187984,6
1123212,6
1055551,6
1166261,6
1056976,6
1142744,6
1132040,6
1066182,6
1313282,6
1181150,6
1306921,6
1017944,6
1213771,6
1003153,6
1120346,6
1168124,6
1155509,6
1262658,6
1121367,6
1100067,6
1061591,6
1288565,6
1294596,6
1085313,6
1202869,6
1081441,6
1295654,6
1044379,6
1268872,6
1144812,6
1227044,6
1233465,6
1101435,6
1194225,6
1189568,6
1131957,6
1173021,6
1156565,6
1011780,6
1295213,6
1028646,6
1312135,6
1069543,6
1088036,6
1105276,6
1092039,6
1262600,6
1215244,6
1322436,6
1099649,6
1281536,6
1013428,6
1098558,6
1175659,6
1060985,6
1128963,6
1306120,6
1289056,6
1088606,6
1301259,6
1010897,6
1308407,6
1275373,6
1059448,6
1081382,6
1203464,6
1262150,6
1264812,6
1311819,6
1148134,6
1018441,6
1307049,6
1010096,6
1006514,6
1167788,6
1062912,6
1148785,6
1315130,6
1178587,6
1184985,6
1060150,6
1099628,6
1301062,6
1261288,6
1052495,6
1182054,6
1176718,6
1215975,6
1159949,6
1150202,6
1056942,6
1237802,6
1038895,6
1254012,6
1161888,6
1152509,6
1035454,6
1024655,6
1257930,6
1273636,6
1215069,6
1294734,6
1251618,6
1012875,6
1219658,6
1201556,6
1280994,6
1050606,6
1298881,6
1151632,6
1287314,6
1039953,6
1152144,6
1059113,6
1049423,6
1014624,6
1010885,6
1124351,6
1147997,6
1263925,6
1235938,6
1314419,6
1143451,6
1098122,6
1293588,6
1109524,6
1168493,6
1070294,6
1293585,6
1250205,6
1112793,6
1229121,6
1273436,6
1130913,6
1161720,6
1030518,6
1186416,6
1165629,6
1284663,6
1189493,6
1245047,6
1044065,6
1316036,6
1199088,6
1075453,6
1077433,6
1240702,6
1122903,6
1299112,6
1093831,6
1264141,6
1319318,6
1137234,6
1138504,6
1308623,6
1042819,6
1273173,6
1234023,6
1041284,6
1144596,6
1277211,6
1017455,6
1255609,6
1049708,6
1266554,6
1199830,6
1223118,6
1168754,6
1151862,6
1260961,6
1080152,6
1082420,6
1242337,6
1056992,6
1295687,6
1128730,6
1127746,6
1098356,6
1030462,6
1230053,6
1285495,6
1072615,6
1089157,6
1133500,6
1211768,6
1028580,6
1215198,6
1184978,6
1004265,6
1158666,6
1302567,6
1104674,6
1228856,6
1109691,6
1097189,6
1035866,6
1067690,6
1141397,6
1298040,6
1175929,6
1055376,6
1273362,6
1215144,6
1171860,6
1141876,6
1153266,6
1305431,6
1269308,6
1014036,6
1098206,6
1085353,6
1249574,6
1198717,6
1172168,6
1136908,6
1205566,6
1324730,6
1017580,6
1006284,6
1039493,6
1260898,6
1209311,6
1257438,6
1016136,6
1052430,6
1207328,6
1288125,6
1268599,6
1169248,6
1119783,6
1082092,6
1296358,6
1208935,6
1214020,6
1321425,6
1097187,6
1171669,6
1275363,6
1264793,6
1095505,6
1284120,6
1013361,6
1309886,6
1005437,6
1264164,6
1114221,6
1159827,6
1018222,6
1274540,6
1284589,6
1025778,6
1065555,6
1074924,6
1170449,6
1010543,6
1206875,6
1088505,6
1198158,6
1320538,6
1216291,6
1025567,6
1284855,6
1302038,6
1310113,6
1316020,6
1127718,6
1155615,6
1010210,6
1049221,6
1136546,6
1325275,6
1081080,6
1213147,6
1082439,6
1061951,6
1258035,6
1277739,6
1138786,6
1148266,6
1053909,6
1031806,6
1082245,6
1060417,6
1225802,6
1108483,6
1089739,6
1274189,6
1087304,6
1082041,6
1257101,6
1090755,6
1281621,6
1175298,6
1281995,6
1160751,6
1037213,6
1269333,6
1195081,6
1072939,6
1125026,6
1112639,6
1186188,6
1300127,6
1081960,6
1055885,6
1109238,6
1205291,6
1106286,6
1183908,6
1129682,6
1108145,6
1128917,6
1034171,6
1050272,6
1284469,6
1139089,6
1246947,6
1235839,6
1189895,6
1082234,6
1201188,6
1003435,6
1324116,6
1011635,6
1296893,6
1098486,6
1094438,6
1012733,6
1094449,6
1163647,6
1052827,6
1292539,6
1285750,6
1285808,6
1040393,6
1239326,6
1005294,6
1025916,6
1064521,6
1146599,6
1124184,6
1324133,6
1057734,6
1297381,6
1184269,6
1177811,6
1276238,6
1104482,6
1223086,6
1103091,6
1092341,6
1163252,6
1015062,6
1298233,6
1314606,6
1000115,6
1025745,6
1251651,6
1306839,6
1285344,6
1238896,6
1033185,6
1092183,6
1047958,6
1145650,6
1287965,6
1051079,6
1029806,6
1165394,6
1177621,6
1203582,6
1189503,6
1159872,6
1128523,6
1011260,6
1149757,6
1006763,6
1195029,6
1248282,6
1060447,6
1027785,6
1211383,6
1131479,6
1208969,6
1070748,6
1163185,6
1248253,6
1152085,6
1246799,6
1247195,6
1225099,6
1142330,6
1107396,6
1074877,6
1168664,6
1203203,6
1008216,6
1036170,6
1071455,6
1207351,6
1261333,6
1025466,6
1127108,6
1144886,6
1189943,6
1041852,6
1095245,6
1275442,6
1221393,6
1123784,6
1177612,6
1297627,6
1155805,6
1024494,6
1167014,6
1044946,6
1176116,6
1027116,6
1278664,6
1314268,6
1003309,6
1140767,6
1122470,6
1047288,6
1285850,6
1198615,6
1320970,6
1152437,6
1283392,6
1227126,6
1158532,6
1139526,6
1324699,6
1091676,6
1253137,6
1199789,6
1157165,6
1021412,6
1097506,6
1231639,6
1054812,6
1046571,6
1152629,6
1206685,6
1234353,6
1300119,6
1183241,6
1211502,6
1183130,6
1150686,6
1078873,6
1159227,6
1297906,6
1160962,6
1204108,6
1006112,6
1253329,6
1152698,6
1084098,6
1073230,6
1092459,6
1046839,6
1230551,6
1001204,6
1122910,6
1262842,6
1092902,6
1207947,6
1113664,6
1314659,6
1257083,6
1214393,6
1153948,6
1279137,6
1069798,6
1028200,6
1162414,6
1076036,6
1047535,6
1046932,6
1286306,6
1181542,6
1007486,6
1106526,6
1175751,6
1301686,6
1165651,6
1133857,6
1242619,6
1320953,6
1233520,6
1199208,6
1221228,6
1163434,6
1288482,6
1183970,6
1239854,6
1097292,6
1052973,6
1079224,6
1048054,6
1111371,6
1094921,6
1117889,6
1247444,6
1012128,6
1245669,6
1221082,6
1138958,6
1196948,6
1038345,6
1279631,6
1009016,6
1153248,6
1166984,6
1209457,6
1183515,6
1249050,6
1161328,6
1076674,6
1200617,6
1160032,6
1037673,6
1131037,6
1210651,6
1193553,6
1234959,6
1021565,6
1051876,6
1097090,6
1016819,6
1122803,6
1220182,6
1104404,6
1028403,6
1144358,6
1252619,6
1199115,6
1190889,6
1100319,6
1174526,6
1220298,6
1010099,6
1068171,6
1097608,6
1003456,6
1153946,6
1081610,6
1095626,6
1140933,6
1011284,6
1013648,6
1287008,6
1130820,6
1138910,6
1221097,6
1050225,6
1259104,6
1066089,6
1146226,6
1180118,6
1218248,6
1161979,6
1269637,6
1143896,6
1100614,6
1314576,6
1022577,6
1188549,6
1035770,6
1292276,6
1273801,6
1261278,6
1158188,6
1260743,6
1122727,6
1128192,6
1306161,6
1015832,6
1187842,6
1123210,6
1064474,6
1268734,6
1178156,6
1097789,6
1263948,6
1114156,6
1175801,6
1323718,6
1007731,6
1101359,6
1187686,6
1260467,6
1134096,6
1232768,6
1165660,6
1278682,6
1004572,6
1279681,6
1287593,6
1226454,6
1147950,6
1066370,6
1309622,6
1004665,6
1147368,6
1029490,6
1301202,6
1087093,6
1219080,6
1285242,6
1051128,6
1046101,6
1166109,6
1067074,6
1276615,6
1284945,6
1212328,6
1318483,6
1247040,6
1268420,6
1287460,6
1033097,6
1092909,6
1307455,6
1236186,6
1105260,6
1111972,6
1256997,6
1245604,6
1281126,6
1014006,6
1256360,6
1252508,6
1036050,6
1101403,6
1169085,6
1070291,6
1192424,6
1124670,6
1317045,6
1203323,6
1271661,6
1311050,6
1296137,6
1286024,6
1157484,6
1072432,6
1268534,6
1235217,6
1108230,6
1001872,6
1285836,6
1040594,6
1055363,6
1031579,6
1153204,6
1032244,6
1185023,6
1096245,6
1049051,6
1020201,6
1117264,6
1278529,6
1294068,6
1053974,6
1313515,6
1032158,6
1235319,6
1311894,6
1052226,6
1099615,6
1118062,6
1297948,6
1022670,6
1179316,6
1100345,6
1218982,6
1149708,6
1179567,6
1252167,6
1238309,6
1108886,6
1038494,6
1138929,6
1202817,6
1241986,6
1038812,6
1038732,6
1211974,6
1209636,6
1254019,6
1207692,6
1008549,6
1219152,6
1002997,6
1107855,6
1081307,6
1066233,6
1049038,6
1106543,6
1231392,6
1229882,6
1247344,6
1213702,6
1276873,6
1037001,6
1141843,6
1036206,6
1323966,6
1101951,6
1289789,6
1146486,6
1070534,6
1038308,6
1074707,6
1246340,6
1025407,6
1107259,6
1196851,6
1086311,6
1162311,6
1311572,6
1257724,6
1070802,6
1237009,6
1242803,6
1091356,6
1146851,6
1211266,6
1105981,6
1265566,6
1100846,6
1116861,6
1315064,6
1206181,6
1133124,6
1305125,6
1051545,6
1274745,6
1003748,6
1265217,6
1275913,6
1097885,6
1167963,6
1238034,6
1079208,6
1284053,6
1002633,6
1089297,6
1193856,6
1177637,6
1319866,6
1197594,6
1012415,6
1063030,6
1268405,6
1128896,6
1088523,6
1050377,6
1321178,6
1148719,6
1316447,6
1024522,6
1297589,6
1099040,6
1092688,6
1087176,6
1007528,6
1137538,6
1046241,6
1011006,6
1015081,6
1259017,6
1248578,6
1156136,6
1034956,6
1152412,6
1116163,6
1302936,6
1179551,6
1293920,6
1188814,6
1121318,6
1197177,6
1248242,6
1036380,6
1151779,6
1250764,6
1233489,6
1053511,6
1172154,6
1226080,6
1225119,6
1025177,6
1101138,6
1312113,6
1307269,6
1174875,6
1312949,6
1029025,6
1210710,6
1121150,6
1171370,6
1302198,6
1157159,6
1056760,6
1132952,6
1167231,6
1316544,6
1069705,6
1138072,6
1169398,6
1292589,6
1313089,6
1275364,6
1252818,6
1048387,6
1150022,6
1248482,6
1281454,6
1117722,6
1160182,6
1320887,6
1168895,6
1064916,6
1155153,6
1249164,6
1079808,6
1268757,6
1076112,6
1162705,6
1237419,6
1031828,6
1163083,6
1162205,6
1134429,6
1076474,6
1263340,6
1298728,6
1112392,6
1146508,6
1325820,6
1323890,6
1114214,6
1038703,6
1196101,6
1093252,6
1205012,6
1196689,6
1014472,6
1190754,6
1211426,6
1137423,6
1227559,6
1091375,6
1161132,6
1238725,6
1106217,6
1231177,6
1052456,6
1129278,6
1219360,6
1207723,6
1196789,6
1160499,6
1324297,6
1063364,6
1259637,6
1193329,6
1219448,6
1232404,6
1083611,6
1253192,6
1034775,6
1188157,6
1070159,6
1296276,6
1171043,6
1237922,6
1272997,6
1125592,6
1130357,6
1307665,6
1106314,6
1086931,6
1076324,6
1156609,6
1166783,6
1083492,6
1196881,6
1260918,6
1281653,6
1135561,6
1284314,6
1273551,6
1103466,6
1059918,6
1008491,6
1211454,6
1263428,6
1230833,6
1316612,6
1153434,6
1029192,6
1089654,6
1002256,6
1178239,6
1070749,6
1039461,6
1159988,6
1035763,6
1255109,6
1095438,6
1095146,6
1167998,6
1088049,6
1168175,6
1020168,6
1281456,6
1264282,6
1273332,6
1222464,6
1148372,6
1092187,6
1264617,6
1072590,6
1228828,6
1180388,6
1135932,6
1039209,6
1256322,6
1034200,6
1071337,6
1127438,6
1081524,6
1299990,6
1044648,6
1113407,6
1035214,6
1191131,6
1102258,6
1001717,6
1215148,6
1262041,6
1043264,6
1284100,6
1115900,6
1014844,6
1099596,6
1275594,6
1218310,6
1006645,6
1220495,6
1171034,6
1027166,6
1277111,6
1319765,6
1200537,6
1316709,6
1041309,6
1220016,6
1286736,6
1143085,6
1299531,6
1314328,6
1180227,6
1200773,6
1076561,6
1184448,6
1133081,6
1175263,6
1301326,6
1076747,6
1162851,6
1286406,6
1302560,6
1316575,6
1174253,6
1308254,6
1193417,6
1034504,6
1019710,6
1168304,6
1075288,6
1116211,6
1166126,6
1109579,6
1265021,6
1213930,6
1172834,6
1158225,6
1297841,6
1069039,6
1017722,6
1037711,6
1311082,6
1066652,6
1233004,6
1193328,6
1317860,6
1211638,6
1018410,6
1042891,6
1274057,6
1125917,6
1130798,6
1239005,6
1177246,6
1158180,6
1079137,6
1237971,6
1289262,6
1080412,6
1028011,6
1229974,6
1248760,6
1174573,6
1174778,6
1117785,6
1017224,6
1118279,6
1018989,6
1044522,6
1190078,6
1071720,6
1041378,6
1277760,6
1090918,6
1122491,6
1268792,6
1244546,6
1151496,6
1314087,6
1068159,6
1118075,6
1198910,6
1100723,6
1234955,6
1233885,6
1305077,6
1111921,6
1305218,6
1120214,6
1266587,6
1057040,6
1175233,6
1107116,6
1110350,6
1248752,6
1049725,6
1217047,6
1318020,6
1039268,6
1284244,6
1038523,6
1025086,6
1206317,6
1096398,6
1211277,6
1033732,6
1093050,6
1106562,6
1035702,6
1137642,6
1012462,6
1133481,6
1014015,6
1134831,6
1002140,6
1049484,6
1106281,6
1208255,6
1215051,6
1160048,6
1194723,6
1210577,6
1173159,6
1069372,6
1045493,6
1254498,6
1205086,6
1313501,6
1305888,6
1164947,6
1085424,6
1098055,6
1309335,6
1012994,6
1324337,6
1304660,6
1314044,6
1148650,6
1011184,6
1195020,6
1105746,6
1216804,6
1124942,6
1240583,6
1106373,6
1188618,6
1271781,6
1195776,6
1215130,6
1229032,6
1080759,6
1075335,6
1097210,6
1289725,6
1238288,6
1102490,6
1165410,6
1224406,6
1102114,6
1322022,6
1127704,6
1098422,6
1152831,6
1270162,6
1307887,6
1302257,6
1030745,6
1108488,6
1139473,6
1167717,6
1027901,6
1220673,6
1087112,6
1125545,6
1028096,6
1313107,6
1047429,6
1173776,6
1288891,6
1303660,6
1300515,6
1061045,6
1121094,6
1273088,6
1143781,6
1044436,6
1210525,6
1025599,6
1187197,6
1153389,6
1105273,6
1282692,6
1074000,6
1253232,6
1092440,6
1211961,6
1003605,6
1253414,6
1261124,6
1005512,6
1231114,6
1075902,6
1216094,6
1265056,6
1291787,6
1097351,6
1281160,6
1220451,6
1271189,6
1039495,6
1233894,6
1036855,6
1030187,6
1296619,6
1116754,6
1000984,6
1209588,6
1178862,6
1046016,6
1302119,6
1159461,6
1233267,6
1166400,6
1318943,6
1236638,6
1187424,6
1114599,6
1220150,6
1199026,6
1121498,6
1293907,6
1169423,6
1181271,6
1168252,6
1231928,6
1234189,6
1150837,6
1231604,6
1067047,6
1172854,6
1115564,6
1282736,6
1029909,6
1181233,6
1279620,6
1048927,6
1137752,6
1199011,6
1187545,6
1105441,6
1278964,6
1102115,6
1042218,6
1081766,6
1255555,6
1164739,6
1013138,6
1002070,6
1086435,6
1150012,6
1132372,6
1245038,6
1201000,6
1269622,6
1194179,6
1151280,6
1231537,6
1170317,6
1120532,6
1054967,6
1213639,6
1299905,6
1132844,6
1085886,6
1226647,6
1291374,6
1195879,6
1320365,6
1113322,6
1271208,6
1155707,6
1281667,6
1234643,6
1047202,6
1189538,6
1021840,6
1245425,6
1185404,6
1152384,6
1305110,6
1324188,6
1089833,6
1196427,6
1054383,6
1005335,6
1025313,6
1284458,6
1018912,6
1169898,6
1228536,6
1174327,6
1128177,6
1256913,6
1178196,6
1253368,6
1027050,6
1151573,6
1298384,6
1204697,6
1115443,6
1254504,6
1125891,6
1051664,6
1241345,6
1128724,6
1172575,6
1099920,6
1112943,6
1084238,6
1228566,6
1259497,6
1172391,6
1070693,6
1013085,6
1304308,6
1070214,6
1105398,6
1205558,6
1151669,6
1177484,6
1238244,6
1022945,6
1031854,6
1179790,6
1199493,6
1286702,6
1046749,6
1255640,6
1245481,6
1030682,6
1198896,6
1001708,6
1134944,6
1275203,6
1127372,6
1018798,6
1016164,6
1045211,6
1216654,6
1315609,6
1276351,6
1113517,6
1134507,6
1252238,6
1117417,6
1071126,6
1218242,6
1226347,6
1218233,6
1238625,6
1313022,6
1078184,6
1033167,6
1006952,6
1074455,6
1098353,6
1044390,6
1240309,6
1190366,6
1092630,6
1232548,6
1051473,6
1173227,6
1150040,6
1275393,6
1279281,6
1298947,6
1118752,6
1194725,6
1261678,6
1318267,6
1269962,6
1002103,6
1210527,6
1223726,6
1211296,6
1099269,6
1170618,6
1082622,6
1223073,6
1260196,6
1008461,6
1189395,6
1323540,6
1157883,6
1289539,6
1051899,6
1031114,6
1225483,6
1181559,6
1003423,6
1185960,6
1163675,6
1323497,6
1030939,6
1316691,6
1044010,6
1315206,6
1253545,6
1122119,6
1055304,6
1088651,6
1294197,6
1030220,6
1278328,6
1324728,6
1084263,6
1033473,6
1043856,6
1125696,6
1142043,6
1042691,6
1166502,6
1047205,6
1310168,6
1312128,6
1177594,6
1144216,6
1233645,6
1060993,6
1258528,6
1198085,6
1040913,6
1324414,6
1071989,6
1154965,6
1047326,6
1144133,6
1215861,6
1114515,6
1282035,6
1211633,6
1293177,6
1100859,6
1007734,6
1246832,6
1299496,6
1039159,6
1234648,6
1194127,6
1138908,6
1114051,6
1212404,6
1245835,6
1199044,6
1221248,6
1178320,6
1253322,6
1144331,6
1291476,6
1125933,6
1023497,6
1113573,6
1135723,6
1280987,6
1017756,6
1233991,6
1264306,6
1100523,6
1035235,6
1227700,6
1284112,6
1303967,6
1313865,6
1231232,6
1185926,6
1292690,6
1016069,6
1316171,6
1161769,6
1271225,6
1095541,6
1070827,6
1277785,6
1281823,6
1149886,6
1259260,6
1250681,6
1206283,6
1065515,6
1215254,6
1267993,6
1006486,6
1323164,6
1126752,6
1148375,6
1256701,6
1258971,6
1173541,6
1050912,6
1179969,6
1213576,6
1248083,6
1226476,6
1262497,6
1208720,6
1135273,6
1034506,6
1036972,6
1047545,6
1314673,6
1192444,6
1168634,6
1036393,6
1137912,6
1139838,6
1127650,6
1205386,6
1193289,6
1044765,6
1282655,6
1145444,6
1119838,6
1020028,6
1258558,6
1129576,6
1068570,6
1206063,6
1018774,6
1126360,6
1172070,6
1007843,6
1185522,6
1305769,6
1029881,6
1269200,6
1078047,6
1102076,6
1218685,6
1070485,6
1155215,6
1048769,6
1174501,6
1264600,6
1212303,6
1020358,6
1127075,6
1035852,6
1210217,6
1030148,6
1034587,6
1255474,6
1240544,6
1194865,6
1029131,6
1228185,6
1261076,6
1063911,6
1236091,6
1320824,6
1038312,6
1038984,6
1170056,6
1005507,6
1132218,6
1115515,6
1247461,6
1106782,6
1308345,6
1113080,6
1052352,6
1316285,6
1001773,6
1133581,6
1296539,6
1042188,6
1062851,6
1302194,6
1281838,6
1099264,6
1139282,6
1258025,6
1247500,6
1094389,6
1160200,6
1122673,6
1266135,6
1231274,6
1115685,6
1100208,6
1192901,6
1072136,6
1279377,6
1234002,6
1047332,6
1293471,6
1111383,6
1042467,6
1243368,6
1006755,6
1290582,6
1055871,6
1054951,6
1296383,6
1097220,6
1118149,6
1239429,6
1042335,6
1134113,6
1204686,6
1223035,6
1061860,6
1212174,6
1095889,6
1075824,6
1151715,6
1057625,6
1194776,6
1179510,6
1318385,6
1275740,6
1093908,6
1091303,6
1242486,6
1261862,6
1219465,6
1117020,6
1052642,6
1176013,6
1261929,6
1170672,6
1068878,6
1279538,6
1050176,6
1093161,6
1158628,6
1055515,6
1106192,6
1198289,6
1115911,6
1090326,6
1052049,6
1288280,6
1324410,6
1256828,6
1190214,6
1322445,6
1208778,6
1294598,6
1301802,6
1118242,6
1120553,6
1197630,6
1269728,6
1086154,6
1114084,6
1170127,6
1160928,6
1034408,6
1288151,6
1133335,6
1103506,6
1074338,6
1047666,6
1178350,6
1189036,6
1018966,6
1146414,6
1075483,6
1051491,6
1210311,6
1037534,6
1181924,6
1101898,6
1317538,6
1025186,6
1217643,6
1318616,6
1288296,6
1127711,6
1297185,6
1080411,6
1079472,6
1053941,6
1179604,6
1305633,6
1121288,6
1198852,6
1229106,6
1192199,6
1076664,6
1005463,6
1291624,6
1066969,6
1294842,6
1192584,6
1227711,6
1047509,6
1199368,6
1086234,6
1304958,6
1084671,6
1248937,6
1275370,6
1191346,6
1205604,6
1053905,6
1264363,6
1199328,6
1052849,6
1324023,6
1019648,6
1121053,6
1136837,6
1127286,6
1279018,6
1265489,6
1052528,6
1305903,6
1274040,6
1026667,6
1054178,6
1231978,6
1138517,6
1323293,6
1257612,6
1254808,6
1094828,6
1271479,6
1148456,6
1082052,6
1315467,6
1253660,6
1057558,6
1150603,6
1229004,6
1165976,6
1023533,6
1317952,6
1246448,6
1202458,6
1240599,6
1261457,6
1135788,6
1243975,6
1311432,6
1289823,6
1064142,6
1190637,6
1319801,6
1159837,6
1152199,6
1123721,6
1290558,6
1204644,6
1045097,6
1214583,6
1039129,6
1059785,6
1150477,6
1203875,6
1066712,6
1127916,6
1090666,6
1193342,6
1183134,6
1191099,6
1249435,6
1208936,6
1103291,6
1127441,6
1145244,6
1233978,6
1246904,6
1218780,6
1058915,6
1270079,6
1008093,6
1094854,6
1313074,6
1131355,6
1196914,6
1124185,6
1164383,6
1313381,6
1151844,6
1203462,6
1110532,6
1171206,6
1011332,6
1279522,6
1311166,6
1095064,6
1241048,6
1325621,6
1007586,6
1110930,6
1119161,6
1239336,6
1008290,6
1055012,6
1259828,6
1216060,6
1231849,6
1004055,6
1321631,6
1095453,6
1122067,6
1195079,6
1029166,6
1030991,6
1092492,6
1288795,6
1071561,6
1026117,6
1169323,6
1255251,6
1229037,6
1122107,6
1034487,6
1165500,6
1001373,6
1118717,6
1254963,6
1172590,6
1073361,6
1185260,6
1167750,6
1144974,6
1135954,6
1206754,6
1290306,6
1284561,6
1202716,6
1146156,6
1084339,6
1163997,6
1078175,6
1200481,6
1158293,6
1099557,6
1125801,6
1172348,6
1204154,6
1011330,6
1058727,6
1276282,6
1201301,6
1038269,6
1284512,6
1193779,6
1274651,6
1065293,6
1289780,6
1256672,6
1263409,6
1175057,6
1031776,6
1292249,6
1233320,6
1036198,6
1217580,6
1037877,6
1026206,6
1261947,6
1122971,6
1314106,6
1221829,6
1022077,6
1103577,6
1185493,6
1058157,6
1290987,6
1220117,6
1070138,6
1076989,6
1109455,6
1280345,6
1273781,6
1077001,6
1070570,6
1296970,6
1164648,6
1033204,6
1257826,6
1007600,6
1295917,6
1303237,6
1194163,6
1180553,6
1322315,6
1231510,6
1049569,6
1109365,6
1209218,6
1184963,6
1050537,6
1248159,6
1045077,6
1160400,6
1219060,6
1126623,6
1121385,6
1261895,6
1017984,6
1043267,6
1223371,6
1231208,6
1146392,6
1269816,6
1115326,6
1138049,6
1200121,6
1311916,6
1087327,6
1318384,6
1247483,6
1186387,6
1305258,6
1022484,6
1160097,6
1133849,6
1072105,6
1060990,6
1060656,6
1216700,6
1129295,6
1166383,6
1181806,6
1071665,6
1153462,6
1207459,6
1276461,6
1269906,6
1008210,6
1028482,6
1204210,6
1063947,6
1174231,6
1223772,6
1242627,6
1107524,6
1057024,6
1199010,6
1276220,6
1266562,6
1075847,6
1294833,6
1154000,6
1210121,6
1281418,6
1138596,6
1262256,6
1058736,6
1095831,6
1182636,6
1019403,6
1269764,6
1228757,6
1232908,6
1180875,6
1106862,6
1038742,6
1141593,6
1055654,6
1288949,6
1132053,6
1093044,6
1205442,6
1193799,6
1068663,6
1215720,6
1265361,6
1117869,6
1283318,6
1196458,6
1106337,6
1053479,6
1064027,6
1085226,6
1163735,6
1025154,6
1214416,6
1226865,6
1036279,6
1012573,6
1059824,6
1198167,6
1003130,6
1059323,6
1263539,6
1238623,6
1237093,6
1185253,6
1063119,6
1052315,6
1085659,6
1310445,6
1321652,6
1211936,6
1077342,6
1109316,6
1092490,6
1275128,6
1048415,6
1175405,6
1193490,6
1293028,6
1047675,6
1083702,6
1120717,6
1240720,6
1123591,6
1175894,6
1264916,6
1172504,6
1141212,6
1298578,6
1283551,6
1012367,6
1128547,6
1052909,6
1069709,6
1219138,6
1106378,6
1304679,6
1231259,6
1242634,6
1001572,6
1016691,6
1250498,6
1273879,6
1310632,6
1139561,6
1068599,6
1008176,6
1023042,6
1190743,6
1283843,6
1152047,6
1194201,6
1016134,6
1058009,6
1083679,6
1059253,6
1150454,6
1277643,6
1073323,6
1015262,6
1196667,6
1004414,6
1279672,6
1020454,6
1171525,6
1018750,6
1045674,6
1180972,6
1200251,6
1154418,6
1194441,6
1057030,6
1073195,6
1261721,6
1042682,6
1098155,6
1069521,6
1064105,6
1201443,6
1238004,6
1142992,6
1279742,6
1142002,6
1121645,6
1121431,6
1311442,6
1123177,6
1204945,6
1232553,6
1213180,6
1054562,6
1303785,6
1268877,6
1218173,6
1175159,6
1159127,6
1295617,6
1193617,6
1189899,6
1116360,6
1276210,6
1016411,6
1130541,6
1074380,6
1118678,6
1257154,6
1182617,6
1224443,6
1142516,6
1197912,6
1171676,6
1174199,6
1054368,6
1182258,6
1166810,6
1117776,6
1098320,6
1071630,6
1166864,6
1078537,6
1078324,6
1039830,6
1275999,6
1215748,6
1320002,6
1241975,6
1252282,6
1031344,6
1290321,6
1292501,6
1061826,6
1165322,6
1281870,6
1232825,6
1321729,6
1191702,6
1097875,6
1316094,6
1093456,6
1245386,6
1088762,6
1225454,6
1192517,6
1157188,6
1039583,6
1126397,6
1025586,6
1076337,6
1224995,6
1034715,6
1076560,6
1026846,6
1226830,6
1323918,6
1163186,6
1198980,6
1175294,6
1167696,6
1242104,6
1267793,6
1183132,6
1260257,6
1092796,6
1111463,6
1291516,6
1162905,6
1140630,6
1212663,6
1043946,6
1069365,6
1072410,6
1031340,6
1290112,6
1016695,6
1177150,6
1139530,6
1184140,6
1179897,6
1306785,6
1199797,6
1120121,6
1159848,6
1167520,6
1302417,6
1036738,6
1218141,6
1177561,6
1090795,6
1041532,6
1154337,6
1120903,6
1325116,6
1115502,6
1142554,6
1152322,6
1265898,6
1200666,6
1201310,6
1051429,6
1018570,6
1302632,6
1284487,6
1186913,6
1102277,6
1217142,6
1145580,6
1139531,6
1156084,6
1323730,6
1073327,6
1046466,6
1147786,6
1135871,6
1070063,6
1201883,6
1115094,6
1020310,6
1056085,6
1167721,6
1184323,6
1232170,6
1281310,6
1307803,6
1160868,6
1207397,6
1135285,6
1122464,6
1256151,6
1255618,6
1117282,6
1051385,6
1049238,6
1212149,6
1187787,6
1115856,6
1284334,6
1032863,6
1040002,6
1246186,6
1291939,6
1228357,6
1262191,6
1122536,6
1199902,6
1222289,6
1084976,6
1083542,6
1121746,6
1158534,6
1007616,6
1022780,6
1114128,6
1299883,6
1058924,6
1161807,6
1292069,6
1000890,6
1119415,6
1142838,6
1316600,6
1293398,6
1197119,6
1208121,6
1239814,6
1019988,6
1127752,6
1028588,6
1309922,6
1082208,6
1231023,6
1287866,6
1315935,6
1189350,6
1008663,6
1043448,6
1234744,6
1164940,6
1070738,6
1133879,6
1272120,6
1033864,6
1215704,6
1250956,6
1292938,6
1244311,6
1065509,6
1028486,6
1006798,6
1133091,6
1111848,6
1084900,6
1196843,6
1191945,6
1114982,6
1118556,6
1320106,6
1050117,6
1098448,6
1280698,6
1122397,6
1268725,6
1223458,6
1154064,6
1236915,6
1157259,6
1031212,6
1206237,6
1093505,6
1045268,6
1021490,6
1110886,6
1158533,6
1293061,6
1042384,6
1041130,6
1066711,6
1055827,6
1112749,6
1242959,6
1026464,6
1108007,6
1168886,6
1197648,6
1230087,6
1032867,6
1044936,6
1247098,6
1187731,6
1179020,6
1251624,6
1316213,6
1292746,6
1294769,6
1116387,6
1268302,6
1204627,6
1231399,6
1262358,6
1132360,6
1325287,6
1265876,6
1150843,6
1294196,6
1149927,6
1192466,6
1312090,6
1209696,6
1017245,6
1126833,6
1257208,6
1291957,6
1182236,6
1021121,6
1233450,6
1003060,6
1117530,6
1203919,6
1230975,6
1209059,6
1086849,6
1158099,6
1119198,6
1217759,6
1127613,6
1256942,6
1153859,6
1190116,6
1263713,6
1011747,6
1108693,6
1238141,6
1098227,6
1252334,6
1170373,6
1139639,6
1068282,6
1150011,6
1299599,6
1130341,6
1239708,6
1240154,6
1320486,6
1002489,6
1239650,6
1316188,6
1104713,6
1313271,6
1323636,6
1277050,6
1314161,6
1084477,6
1316035,6
1256984,6
1191519,6
1129934,6
1145583,6
1176020,6
1306088,6
1164377,6
1025556,6
1125236,6
1297445,6
1174439,6
1105865,6
1039276,6
1047030,6
1001351,6
1006769,6
1195579,6
1101716,6
1058127,6
1202297,6
1009115,6
1023336,6
1109680,6
1114759,6
1198428,6
1128073,6
1147517,6
1053947,6
1248540,6
1121914,6
1279508,6
1237445,6
1186547,6
1307245,6
1323603,6
1042060,6
1118238,6
1308584,6
1097907,6
1007134,6
1066815,6
1069768,6
1068940,6
1310459,6
1093030,6
1151206,6
1191983,6
1211554,6
1215302,6
1266945,6
1200213,6
1293266,6
1170619,6
1063496,6
1060091,6
1039095,6
1248397,6
1258864,6
1087659,6
1175881,6
1035592,6
1295705,6
1054955,6
1292723,6
1199668,6
1229995,6
1008743,6
1121084,6
1105152,6
1069354,6
1278750,6
1057345,6
1045835,6
1323372,6
1224467,6
1300733,6
1196168,6
1125998,6
1266504,6
1021418,6
1120016,6
1272273,6
1049227,6
1246584,6
1108707,6
1006885,6
1157601,6
1262151,6
1068702,6
1099627,6
1161352,6
1093015,6
1076820,6
1101141,6
1269421,6
1087605,6
1316072,6
1305813,6
1207974,6
1171066,6
1196880,6
1177079,6
1055345,6
1179968,6
1230637,6
1178107,6
1030035,6
1039706,6
1277183,6
1093080,6
1094281,6
1067529,6
1197049,6
1050897,6
1307657,6
1042947,6
1300085,6
1128154,6
1181345,6
1302633,6
1135376,6
1133496,6
1011288,6
1073316,6
1054282,6
1199927,6
1075465,6
1013616,6
1147093,6
1180466,6
1262425,6
1149856,6
1265097,6
1079141,6
1225165,6
1254805,6
1066425,6
1284719,6
1310976,6
1315785,6
1313266,6
1177061,6
1012138,6
1058405,6
1022605,6
1241106,6
1322360,6
1080349,6
1093602,6
1202689,6
1096155,6
1170520,6
1006016,6
1089844,6
1183761,6
1055468,6
1160728,6
1140244,6
1233930,6
1200884,6
1025922,6
1062772,6
1304566,6
1316147,6
1203310,6
1040695,6
1259541,6
1235984,6
1312226,6
1122217,6
1026393,6
1209845,6
1268062,6
1074112,6
1108010,6
1229570,6
1081696,6
1239453,6
1254570,6
1169530,6
1286667,6
1186577,6
1040577,6
1072712,6
1059132,6
1239678,6
1239121,6
1293255,6
1280793,6
1063621,6
1181610,6
1055265,6
1143139,6
1192969,6
1228988,6
1105583,6
1007566,6
1118068,6
1186849,6
1140390,6
1017853,6
1159684,6
1065106,6
1200881,6
1175940,6
1015894,6
1155782,6
1144750,6
1282136,6
1036214,6
1300115,6
1199823,6
1055814,6
1127785,6
1310401,6
1071820,6
1100227,6
1144303,6
1170653,6
1184450,6
1078020,6
1245725,6
1029316,6
1047431,6
1045767,6
1044593,6
1218188,6
1060297,6
1179095,6
1194335,6
1274884,6
1075104,6
1265472,6
1182216,6
1099394,6
1254916,6
1278452,6
1316405,6
1161229,6
1300799,6
1201390,6
1236908,6
1024978,6
1094267,6
1206564,6
1301961,6
1200133,6
1021244,6
1325212,6
1023759,6
1052684,6
1319501,6
1106519,6
1106993,6
1188765,6
1297857,6
1252839,6
1115816,6
1224968,6
1248204,6
1126855,6
1078203,6
1300748,6
1211419,6
1269021,6
1299801,6
1187819,6
1185328,6
1116770,6
1233485,6
1078489,6
1206794,6
1086727,6
1270573,6
1218244,6
1180008,6
1015868,6
1142208,6
1228315,6
1004943,6
1271768,6
1041964,6
1072104,6
1195490,6
1004477,6
1048753,6
1300423,6
1203254,6
1233245,6
1253887,6
1025254,6
1009906,6
1149746,6
1040478,6
1019525,6
1263802,6
1247379,6
1163994,6
1241394,6
1304953,6
1020894,6
1202704,6
1279150,6
1249630,6
1305915,6
1270872,6
1082810,6
1041530,6
1053328,6
1111093,6
1309702,6
1199818,6
1068828,6
1170629,6
1205988,6
1095768,6
1175341,6
1039902,6
1071421,6
1168891,6
1003602,6
1261546,6
1256126,6
1147126,6
1317597,6
1017143,6
1163586,6
1000135,6
1247787,6
1010175,6
1278819,6
1263723,6
1254716,6
1206381,6
1013448,6
1108175,6
1004559,6
1210286,6
1117181,6
1223615,6
1313472,6
1195306,6
1324998,6
1056774,6
1230425,6
1216091,6
1001024,6
1083745,6
1212971,6
1110213,6
1316815,6
1025981,6
1274247,6
1034253,6
1219720,6
1242110,6
1230200,6
1262447,6
1200798,6
1045352,6
1213071,6
1228215,6
1068458,6
1112184,6
1245359,6
1082229,6
1154688,6
1167128,6
1292582,6
1210609,6
1245590,6
1039770,6
1160798,6
1113741,6
1049763,6
1320861,6
1080490,6
1211739,6
1259671,6
1074576,6
1195536,6
1234711,6
1039195,6
1257717,6
1271367,6
1079947,6
1138736,6
1135247,6
1109456,6
1093821,6
1042392,6
1150540,6
1317831,6
1247723,6
1014868,6
1204974,6
1015843,6
1295698,6
1310631,6
1258611,6
1172522,6
1011919,6
1319881,6
1307864,6
1024082,6
1143590,6
1218698,6
1237818,6
1152844,6
1075155,6
1037228,6
1177024,6
1133574,6
1172124,6
1280022,6
1157536,6
1047716,6
1109648,6
1282865,6
1085499,6
1248429,6
1104215,6
1278325,6
1306890,6
1248581,6
1067333,6
1186803,6
1203316,6
1233898,6
1182813,6
1152898,6
1025805,6
1128423,6
1143343,6
1044823,6
1032287,6
1141135,6
1109475,6
1119743,6
1027037,6
1299074,6
1075767,6
1085122,6
1180526,6
1114647,6
1313535,6
1022040,6
1006439,6
1116828,6
1074532,6
1183280,6
1277357,6
1011790,6
1192960,6
1250835,6
1180877,6
1284681,6
1260243,6
1267888,6
1305713,6
1081202,6
1231182,6
1004354,6
1132756,6
1205144,6
1076967,6
1017479,6
1114337,6
1241214,6
1243173,6
1120663,6
1062412,6
1181702,6
1043598,6
1148763,6
1019631,6
1168808,6
1167941,6
1026726,6
1190209,6
1048808,6
1113698,6
1217059,6
1271044,6
1140347,6
1288816,6
1234005,6
1220111,6
1314357,6
1059712,6
1301622,6
1204781,6
1292587,6
1091733,6
1048394,6
1139865,6
1263154,6
1063306,6
1295422,6
1012729,6
1139365,6
1182451,6
1148912,6
1083836,6
1186985,6
1171474,6
1144918,6
1076931,6
1007388,6
1154773,6
1270977,6
1245219,6
1251177,6
1196356,6
1238864,6
1262930,6
1091143,6
1255708,6
1272762,6
1221045,6
1064826,6
1027512,6
1161761,6
1048348,6
1125516,6
1306395,6
1199791,6
1301035,6
1282809,6
1276837,6
1145194,6
1318712,6
1287429,6
1041692,6
1163863,6
1193763,6
1321748,6
1191042,6
1155750,6
1220438,6
1274160,6
1090229,6
1259206,6
1268387,6
1143480,6
1107551,6
1147918,6
1210683,6
1095659,6
1130546,6
1027213,6
1006991,6
1014558,6
1287266,6
1123843,6
1038344,6
1069383,6
1052714,6
1042621,6
1240848,6
1051126,6
1305202,6
1057350,6
1309618,6
1124167,6
1060453,6
1308172,6
1192558,6
1248708,6
1180146,6
1145991,6
1181159,6
1315955,6
1163419,6
1033175,6
1277898,6
1113372,6
1011719,6
1226712,6
1031169,6
1161599,6
1021004,6
1140499,6
1220710,6
1224127,6
1184292,6
1248828,6
1010248,6
1247670,6
1053130,6
1199187,6
1156186,6
1224159,6
1124532,6
1216977,6
1317601,6
1232316,6
1082765,6
1109866,6
1313934,6
1015490,6
1098145,6
1255712,6
1178274,6
1039023,6
1089627,6
1010300,6
1140075,6
1203182,6
1148670,6
1029940,6
1272315,6
1111785,6
1237755,6
1182417,6
1152957,6
1191894,6
1029181,6
1200928,6
1259938,6
1086373,6
1141486,6
1073846,6
1216251,6
1087479,6
1211787,6
1074261,6
1061841,6
1123836,6
1020387,6
1031961,6
1035299,6
1157936,6
1132961,6
1017379,6
1138960,6
1248266,6
1204576,6
1115432,6
1317651,6
1304567,6
1234857,6
1071636,6
1081873,6
1053825,6
1307573,6
1305685,6
1301107,6
1136039,6
1289945,6
1158484,6
1001086,6
1106779,6
1219937,6
1136554,6
1013575,6
1260262,6
1300212,6
1246879,6
1053366,6
1156537,6
1238293,6
1231288,6
1157935,6
1298414,6
1058629,6
1229860,6
1009820,6
1294244,6
1124734,6
1078827,6
1059278,6
1108425,6
1044420,6
1135188,6
1201372,6
1000660,6
1117878,6
1297621,6
1287127,6
1281852,6
1276764,6
1286582,6
1220141,6
1178393,6
1170912,6
1066716,6
1017382,6
1143077,6
1267008,6
1139015,6
1057108,6
1213091,6
1271743,6
1186942,6
1325324,6
1160011,6
1237710,6
1323520,6
1145820,6
1105394,6
1101972,6
1067321,6
1142825,6
1091401,6
1165031,6
1086888,6
1057930,6
1091064,6
1171094,6
1160348,6
1161069,6
1219420,6
1105735,6
1267709,6
1268314,6
1247123,6
1265231,6
1084817,6
1084169,6
1133366,6
1266971,6
1083398,6
1085502,6
1208886,6
1217855,6
1263775,6
1183050,6
1193952,6
1128213,6
1279196,6
1271466,6
1240456,6
1135105,6
1253022,6
1320938,6
1126041,6
1184936,6
1175638,6
1266419,6
1218363,6
1273972,6
1170371,6
1309154,6
1268460,6
1033500,6
1309418,6
1273727,6
1250276,6
1101274,6
1298624,6
1086252,6
1281005,6
1207932,6
1004604,6
1029575,6
1221044,6
1000879,6
1320857,6
1154684,6
1195723,6
1081455,6
1019029,6
1175228,6
1126885,6
1188621,6
1098411,6
1034838,6
1316699,6
1123904,6
1242960,6
1091182,6
1262070,6
1039259,6
1150245,6
1240679,6
1308023,6
1006336,6
1272892,6
1099489,6
1076555,6
1296831,6
1092673,6
1012085,6
1163679,6
1270377,6
1030092,6
1072634,6
1066506,6
1031448,6
1086284,6
1243377,6
1142691,6
1278128,6
1216151,6
1071352,6
1109270,6
1200035,6
1285846,6
1163291,6
1090011,6
1094061,6
1085374,6
1276789,6
1287608,6
1216366,6
1230489,6
1132680,6
1202194,6
1075734,6
1050104,6
1228427,6
1128196,6
1261653,6
1175466,6
1199647,6
1080993,6
1127086,6
1171717,6
1056485,6
1003329,6
1037176,6
1103057,6
1167206,6
1187931,6
1225475,6
1032461,6
1092144,6
1293466,6
1011939,6
1226083,6
1190135,6
1059160,6
1061286,6
1054926,6
1156709,6
1122949,6
1271444,6
1023451,6
1053693,6
1093320,6
1265763,6
1027970,6
1298058,6
1066157,6
1001349,6
1207436,6
1008139,6
1019579,6
1128079,6
1227908,6
1262362,6
1012701,6
1006417,6
1314657,6
1059650,6
1151166,6
1086777,6
1087502,6
1050476,6
1311759,6
1195963,6
1206744,6
1300502,6
1056190,6
1068022,6
1075227,6
1050367,6
1182546,6
1084783,6
1099000,6
1110119,6
1091813,6
1315269,6
1129339,6
1045447,6
1183201,6
1059210,6
1316782,6
1174696,6
1149305,6
1132247,6
1296469,6
1250445,6
1160969,6
1112114,6
1260354,6
1295572,6
1268995,6
1271111,6
1247778,6
1288098,6
1156094,6
1284387,6
1246465,6
1203072,6
1318116,6
1023083,6
1235605,6
1212203,6
1262902,6
1239484,6
1071502,6
1053780,6
1135889,6
1252291,6
1308756,6
1018573,6
1186115,6
1096510,6
1142510,6
1243268,6
1260959,6
1068584,6
1189860,6
1275013,6
1313119,6
1094302,6
1308042,6
1057489,6
1106447,6
1031894,6
1197016,6
1254752,6
1303399,6
1021625,6
1072555,6
1220565,6
1007150,6
1185479,6
1253533,6
1103540,6
1167058,6
1199699,6
1155102,6
1151145,6
1012804,6
1288074,6
1305199,6
1010393,6
1207421,6
1268180,6
1082007,6
1258615,6
1012531,6
1289956,6
1215858,6
1023356,6
1271644,6
1152879,6
1132226,6
1153582,6
1305546,6
1155498,6
1062329,6
1163529,6
1245651,6
1184463,6
1264245,6
1303940,6
1128838,6
1239184,6
1324753,6
1066263,6
1056881,6
1076476,6
1287456,6
1123783,6
1125536,6
1260135,6
1199612,6
1111387,6
1314471,6
1286964,6
1075692,6
1084092,6
1030594,6
1042199,6
1228059,6
1055944,6
1041625,6
1033519,6
1285418,6
1171451,6
1050819,6
1253791,6
1013723,6
1285465,6
1286896,6
1208728,6
1003520,6
1138268,6
1088007,6
1250001,6
1029128,6
1072886,6
1075404,6
1123068,6
1285910,6
1299265,6
1241085,6
1272000,6
1183648,6
1069303,6
1117165,6
1161745,6
1119234,6
1013784,6
1242950,6
1282160,6
1117952,6
1169494,6
1203496,6
1306940,6
1118077,6
1202112,6
1030971,6
1216766,6
1320254,6
1260902,6
1280827,6
1179482,6
1278641,6
1064289,6
1029430,6
1235178,6
1276593,6
1118710,6
1194468,6
1055925,6
1266630,6
1054428,6
1045733,6
1279602,6
1036752,6
1301787,6
1010415,6
1088929,6
1247259,6
1322511,6
1006409,6
1301800,6
1031216,6
1000694,6
1055024,6
1008352,6
1110268,6
1210154,6
1190385,6
1112259,6
1197606,6
1104419,6
1026152,6
1163219,6
1182060,6
1216735,6
1124983,6
1242177,6
1252192,6
1012079,6
1288547,6
1132872,6
1292063,6
1240194,6
1014696,6
1028446,6
1027979,6
1215267,6
1168155,6
1002724,6
1019553,6
1038425,6
1148836,6
1258627,6
1021337,6
1236134,6
1001966,6
1226940,6
1176662,6
1244261,6
1323235,6
1301034,6
1189840,6
1296526,6
1147805,6
1252883,6
1272849,6
1051900,6
1271939,6
1178943,6
1212041,6
1044630,6
1154665,6
1087756,6
1302852,6
1018679,6
1060953,6
1107843,6
1046090,6
1183650,6
1177059,6
1234113,6
1056914,6
1007610,6
1175697,6
1133039,6
1303261,6
1292485,6
1121468,6
1288892,6
1002359,6
1006553,6
1191398,6
1201847,6
1165073,6
1073832,6
1006607,6
1250215,6
1114048,6
1217771,6
1095704,6
1191622,6
1006259,6
1303666,6
1292429,6
1010656,6
1311440,6
1064592,6
1106229,6
1209574,6
1070163,6
1254602,6
1003303,6
1283876,6
1309562,6
1288589,6
1178602,6
1032799,6
1131138,6
1042355,6
1148680,6
1069993,6
1110916,6
1291596,6
1174916,6
1238620,6
1228832,6
1187846,6
1267098,6
1284413,6
1276780,6
1324443,6
1112420,6
1229493,6
1250407,6
1103424,6
1057300,6
1245609,6
1300350,6
1111085,6
1314515,6
1134331,6
1137342,6
1134141,6
1091178,6
1137865,6
1059130,6
1179977,6
1194419,6
1184227,6
1229873,6
1131310,6
1118925,6
1112023,6
1033206,6
1270203,6
1296642,6
1048217,6
1037138,6
1049857,6
1251066,6
1214417,6
1310679,6
1149065,6
1307967,6
1094621,6
1174679,6
1319391,6
1218163,6
1078590,6
1211658,6
1141648,6
1064706,6
1272370,6
1246847,6
1219190,6
1181379,6
1316191,6
1271998,6
1071008,6
1108167,6
1153341,6
1201611,6
1260299,6
1017754,6
1093465,6
1183708,6
1210802,6
1014439,6
1176011,6
1153636,6
1112764,6
1218003,6
1086049,6
1149960,6
1186654,6
1249792,6
1305149,6
1103533,6
1236747,6
1115017,6
1152134,6
1016583,6
1215744,6
1196854,6
1047786,6
1229649,6
1051898,6
1098226,6
1087826,6
1062575,6
1244552,6
1288330,6
1286672,6
1051505,6
1253044,6
1234819,6
1222451,6
1191222,6
1188209,6
1289078,6
1095636,6
1018572,6
1013603,6
1270903,6
1166587,6
1052594,6
1159652,6
1176109,6
1139935,6
1032560,6
1180518,6
1261786,6
1057830,6
1030478,6
1141296,6
1068692,6
1183449,6
1090638,6
1294811,6
1254687,6
1065576,6
1062152,6
1307931,6
1284077,6
1012716,6
1019318,6
1272822,6
1011896,6
1231207,6
1212655,6
1321013,6
1279245,6
1014257,6
1166648,6
1172188,6
1169350,6
1139674,6
1112384,6
1022101,6
1045713,6
1093153,6
1021627,6
1249496,6
1285236,6
1036771,6
1064317,6
1192353,6
1303348,6
1128488,6
1091211,6
1032214,6
1139437,6
1262635,6
1035649,6
1106816,6
1033806,6
1166733,6
1313525,6
1076681,6
1312959,6
1238803,6
1276358,6
1124131,6
1268025,6
1298625,6
1005578,6
1073911,6
1294728,6
1071540,6
1038353,6
1173210,6
1119764,6
1123131,6
1067211,6
1157853,6
1248665,6
1259234,6
1230547,6
1228679,6
1008464,6
1112220,6
1045256,6
1218171,6
1250456,6
1146857,6
1006983,6
1008768,6
1058218,6
1070458,6
1046929,6
1098114,6
1212057,6
1294858,6
1296819,6
1125046,6
1165595,6
1100795,6
1129206,6
1313001,6
1013239,6
1277345,6
1165005,6
1094068,6
1268350,6
1118804,6
1249469,6
1012837,6
1046316,6
1155590,6
1083280,6
1263760,6
1025204,6
1224028,6
1305469,6
1150558,6
1229813,6
1028832,6
1168731,6
1094938,6
1115791,6
1199562,6
1314665,6
1283480,6
1271817,6
1287574,6
1281979,6
1015468,6
1063035,6
1098399,6
1082173,6
1230888,6
1125146,6
1251937,6
1274330,6
1261099,6
1261670,6
1017485,6
1145555,6
1244705,6
1265947,6
1200234,6
1152452,6
1275481,6
1216786,6
1251665,6
1116121,6
1089307,6
1039096,6
1286297,6
1170425,6
1311937,6
1219756,6
1076837,6
1263876,6
1231688,6
1143143,6
1090256,6
1054983,6
1117911,6
1095684,6
1035234,6
1257714,6
1076923,6
1103345,6
1289580,6
1255137,6
1036256,6
1015445,6
1179472,6
1004080,6
1150744,6
1013592,6
1082662,6
1265935,6
1263751,6
1280695,6
1090358,6
1184193,6
1233414,6
1129099,6
1209923,6
1305741,6
1268707,6
1254411,6
1050945,6
1116395,6
1003510,6
1044598,6
1190106,6
1275135,6
1262378,6
1211440,6
1174853,6
1107854,6
1046438,6
1131095,6
1290924,6
1098224,6
1073350,6
1302305,6
1103504,6
1143808,6
1139724,6
1239067,6
1315608,6
1126157,6
1213860,6
1109888,6
1269911,6
1016450,6
1049635,6
1175464,6
1309691,6
1097388,6
1115884,6
1272482,6
1113794,6
1307336,6
1271502,6
1013203,6
1034914,6
1145371,6
1197542,6
1114524,6
1190593,6
1198315,6
1031751,6
1226141,6
1192421,6
1138347,6
1186212,6
1002539,6
1073371,6
1265089,6
1246242,6
1079724,6
1237591,6
1276236,6
1024392,6
1133567,6
1030188,6
1315713,6
1145915,6
1094166,6
1317065,6
1297062,6
1117291,6
1303455,6
1075622,6
1205992,6
1318912,6
1091037,6
1289983,6
1030636,6
1104825,6
1049165,6
1310095,6
1099611,6
1065391,6
1092257,6
1149372,6
1075681,6
1284733,6
1052442,6
1013949,6
1022525,6
1039496,6
1232738,6
1120348,6
1099415,6
1277627,6
1024795,6
1125408,6
1298421,6
1137343,6
1325289,6
1004432,6
1054990,6
1153974,6
1025847,6
1248366,6
1047324,6
1202535,6
1181296,6
1264737,6
1240966,6
1263487,6
1212493,6
1173264,6
1014995,6
1193792,6
1289591,6
1163357,6
1157140,6
1003481,6
1096785,6
1035748,6
1193833,6
1237833,6
1170575,6
1289447,6
1221908,6
1196749,6
1012782,6
1247175,6
1002790,6
1188686,6
1151348,6
1116802,6
1023259,6
1141357,6
1032967,6
1110453,6
1050063,6
1316002,6
1135893,6
1263838,6
1177366,6
1269246,6
1322768,6
1160941,6
1316293,6
1023051,6
1089075,6
1222276,6
1065051,6
1320467,6
1273298,6
1318123,6
1308017,6
1115164,6
1006634,6
1163619,6
1147007,6
1128615,6
1080144,6
1136068,6
1014708,6
1100022,6
1023825,6
1196969,6
1002766,6
1270532,6
1255104,6
1011817,6
1040487,6
1249558,6
1161961,6
1007408,6
1295115,6
1310333,6
1188630,6
1000303,6
1276429,6
1049877,6
1182181,6
1180107,6
1299527,6
1284303,6
1039086,6
1086269,6
1037652,6
1108808,6
1227465,6
1116693,6
1209077,6
1095552,6
1083283,6
1059711,6
1266283,6
1044104,6
1138863,6
1029398,6
1295315,6
1048074,6
1152563,6
1081150,6
1100253,6
1007513,6
1171856,6
1278281,6
1161801,6
1055859,6
1150520,6
1111328,6
1285950,6
1192393,6
1302865,6
1020646,6
1213116,6
1056415,6
1093286,6
1086595,6
1186341,6
1231098,6
1243251,6
1115862,6
1300606,6
1115174,6
1243417,6
1002600,6
1241842,6
1266009,6
1183314,6
1152542,6
1063106,6
1012114,6
1214924,6
1065568,6
1147873,6
1110783,6
1112232,6
1019930,6
1264169,6
1139824,6
1019640,6
1008671,6
1006200,6
1060704,6
1188455,6
1142729,6
1256491,6
1116496,6
1213582,6
1156676,6
1253467,6
1192181,6
1046870,6
1299632,6
1056545,6
1194514,6
1187770,6
1012164,6
1283088,6
1254486,6
1077509,6
1321412,6
1138628,6
1029356,6
1028023,6
1108826,6
1238426,6
1071785,6
1204503,6
1144325,6
1155186,6
1224207,6
1050508,6
1080077,6
1012699,6
1174789,6
1312940,6
1202352,6
1056305,6
1234481,6
1232980,6
1161150,6
1306028,6
1234925,6
1149564,6
1159414,6
1097707,6
1065991,6
1161758,6
1004097,6
1070017,6
1301493,6
1255747,6
1043657,6
1025661,6
1200475,6
1016734,6
1306566,6
1295876,6
1023965,6
1145945,6
1187150,6
1148515,6
1051002,6
1077854,6
1052035,6
1047112,6
1284791,6
1181017,6
1206189,6
1069942,6
1122928,6
1227425,6
1238889,6
1131046,6
1028895,6
1156448,6
1258287,6
1211614,6
1282482,6
1125734,6
1288624,6
1035138,6
1221085,6
1231506,6
1073871,6
1051565,6
1323820,6
1009562,6
1091404,6
1167851,6
1001668,6
1201506,6
1056114,6
1011985,6
1103331,6
1059728,6
1311159,6
1149460,6
1207197,6
1164608,6
1070551,6
1189625,6
1259609,6
1324630,6
1309937,6
1309065,6
1060376,6
1205911,6
1037463,6
1296986,6
1178236,6
1250849,6
1298774,6
1232805,6
1129137,6
1197167,6
1195573,6
1221235,6
1223961,6
1306674,6
1001944,6
1070289,6
1233042,6
1099723,6
1157647,6
1213672,6
1064364,6
1153073,6
1155223,6
1179306,6
1242629,6
1004990,6
1171636,6
1170121,6
1148109,6
1251005,6
1195088,6
1226804,6
1009558,6
1086554,6
1269567,6
1067720,6
1005461,6
1221699,6
1261364,6
1123424,6
1283115,6
1151063,6
1204234,6
1105228,6
1107177,6
1061703,6
1056026,6
1114897,6
1304656,6
1278420,6
1186514,6
1241098,6
1251176,6
1014426,6
1247086,6
1191356,6
1310190,6
1195990,6
1174182,6
1092868,6
1289411,6
1060560,6
1317592,6
1289557,6
1236911,6
1053271,6
1199067,6
1125327,6
1226848,6
1174995,6
1179015,6
1126939,6
1288458,6
1016462,6
1205611,6
1126237,6
1248005,6
1239035,6
1078477,6
1005632,6
1240622,6
1302453,6
1085904,6
1041971,6
1054992,6
1300322,6
1022267,6
1325348,6
1092939,6
1139705,6
1267299,6
1192180,6
1068572,6
1276453,6
1243261,6
1233595,6
1034670,6
1269940,6
1279470,6
1012631,6
1282327,6
1019918,6
1132957,6
1180493,6
1243861,6
1136978,6
1080731,6
1313652,6
1262046,6
1246420,6
1202639,6
1185480,6
1266888,6
1079879,6
1117573,6
1008386,6
1030899,6
1301233,6
1303647,6
1232712,6
1292439,6
1287109,6
1117257,6
1313542,6
1173426,6
1105119,6
1049885,6
1313580,6
1162924,6
1154428,6
1220812,6
1108491,6
1010867,6
1205076,6
1301553,6
1268649,6
1175721,6
1200742,6
1141199,6
1207877,6
1077205,6
1305885,6
1082020,6
1283172,6
1056968,6
1266551,6
1131710,6
1135030,6
1190556,6
1266129,6
1234578,6
1282594,6
1147139,6
1250054,6
1309429,6
1293685,6
1146503,6
1068588,6
1316248,6
1297591,6
1129971,6
1091907,6
1097839,6
1092724,6
1180161,6
1021867,6
1298446,6
1257418,6
1030943,6
1270445,6
1237699,6
1073451,6
1125015,6
1210929,6
1024866,6
1162111,6
1322684,6
1242248,6
1025406,6
1099132,6
1083472,6
1019183,6
1163947,6
1159220,6
1277630,6
1242801,6
1302807,6
1012363,6
1163546,6
1213723,6
1242846,6
1275286,6
1070843,6
1154685,6
1137998,6
1203649,6
1074434,6
1010624,6
1005760,6
1080932,6
1029175,6
1231492,6
1006379,6
1020313,6
1228912,6
1227445,6
1293313,6
1257264,6
1220149,6
1268552,6
1312369,6
1137146,6
1305131,6
1213454,6
1246417,6
1296988,6
1314715,6
1309822,6
1023867,6
1142039,6
1053880,6
1125725,6
1103636,6
1163267,6
1239954,6
1217480,6
1051851,6
1240579,6
1004069,6
1267636,6
1013386,6
1269540,6
1033802,6
1203674,6
1217397,6
1239809,6
1013807,6
1301025,6
1174584,6
1186165,6
1146002,6
1265775,6
1007100,6
1236644,6
1058544,6
1189390,6
1144167,6
1153038,6
1291130,6
1156227,6
1100115,6
1245643,6
1039385,6
1184498,6
1222535,6
1010383,6
1259101,6
1125113,6
1295267,6
1077242,6
1238930,6
1231950,6
1245170,6
1267058,6
1016807,6
1067024,6
1260070,6
1292708,6
1118890,6
1285839,6
1204213,6
1071093,6
1149876,6
1248396,6
1026494,6
1111058,6
1198258,6
1315616,6
1020248,6
1081934,6
1322488,6
1239238,6
1247154,6
1074872,6
1128217,6
1292975,6
1152430,6
1072175,6
1268521,6
1290611,6
1258599,6
1027138,6
1149285,6
1282264,6
1079918,6
1011553,6
1100343,6
1163750,6
1227744,6
1043144,6
1020660,6
1218451,6
1173816,6
1277486,6
1321818,6
1212975,6
1174096,6
1113483,6
1089578,6
1305472,6
1244075,6
1217935,6
1258357,6
1239230,6
1119069,6
1074165,6
1271746,6
1066347,6
1208327,6
1294380,6
1290502,6
1283523,6
1222774,6
1196418,6
1060534,6
1085685,6
1217177,6
1230330,6
1294930,6
1116361,6
1206079,6
1167609,6
1016606,6
1009908,6
1009957,6
1213426,6
1086228,6
1284501,6
1007902,6
1065172,6
1321656,6
1160413,6
1129427,6
1203132,6
1112531,6
1210610,6
1222288,6
1124733,6
1039102,6
1105741,6
1087138,6
1311409,6
1159604,6
1226199,6
1000264,6
1315990,6
1155393,6
1111557,6
1303692,6
1000723,6
1096687,6
1299851,6
1083883,6
1086331,6
1292694,6
1316366,6
1135311,6
1056927,6
1011740,6
1223171,6
1216621,6
1098287,6
1071206,6
1323100,6
1020032,6
1189806,6
1263904,6
1155676,6
1324763,6
1205795,6
1028762,6
1315788,6
1321866,6
1062357,6
1210449,6
1088006,6
1274654,6
1165748,6
1198867,6
1188985,6
1149984,6
1030094,6
1090297,6
1005339,6
1300262,6
1094237,6
1205420,6
1133405,6
1034065,6
1059284,6
1299143,6
1315668,6
1247676,6
1143983,6
1214738,6
1006121,6
1291870,6
1068665,6
1071663,6
1131023,6
1070685,6
1064011,6
1196199,6
1237072,6
1280185,6
1247200,6
1264753,6
1118904,6
1276133,6
1230828,6
1196727,6
1260046,6
1068864,6
1072120,6
1148242,6
1171606,6
1186609,6
1086815,6
1042271,6
1141464,6
1078722,6
1219980,6
1102479,6
1069322,6
1110093,6
1293018,6
1221886,6
1213820,6
1000979,6
1014863,6
1047841,6
1283698,6
1044086,6
1152464,6
1268912,6
1226214,6
1090861,6
1175356,6
1160697,6
1059211,6
1158624,6
1286925,6
1268523,6
1194477,6
1099075,6
1059246,6
1100610,6
1233767,6
1003218,6
1184697,6
1076919,6
1149963,6
1286358,6
1073707,6
1313820,6
1208044,6
1206303,6
1148947,6
1067164,6
1316922,6
1305090,6
1257934,6
1075353,6
1190270,6
1124455,6
1271438,6
1098173,6
1087177,6
1109445,6
1257745,6
1192711,6
1244357,6
1093750,6
1177737,6
1114609,6
1201068,6
1191330,6
1294106,6
1102340,6
1107507,6
1165216,6
1154029,6
1304578,6
1060841,6
1038441,6
1094730,6
1065457,6
1300093,6
1083531,6
1165725,6
1317769,6
1078248,6
1127637,6
1014714,6
1256612,6
1296316,6
1034335,6
1280144,6
1138905,6
1109701,6
1242739,6
1153831,6
1046918,6
1083874,6
1009853,6
1054136,6
1131139,6
1045585,6
1258867,6
1001288,6
1074345,6
1269407,6
1087477,6
1081195,6
1184478,6
1289023,6
1146397,6
1155265,6
1128654,6
1211437,6
1164353,6
1027363,6
1240384,6
1247645,6
1260770,6
1094506,6
1029344,6
1000140,6
1219878,6
1237569,6
1270898,6
1079081,6
1153751,6
1193768,6
1108078,6
1164754,6
1179022,6
1087212,6
1142989,6
1168768,6
1185823,6
1168757,6
1311073,6
1005234,6
1073914,6
1021612,6
1208071,6
1275885,6
1063782,6
1270738,6
1149083,6
1293287,6
1272946,6
1186139,6
1079754,6
1265424,6
1029157,6
1207617,6
1309789,6
1277290,6
1244998,6
1115950,6
1090296,6
1157010,6
1246624,6
1159692,6
1212973,6
1229499,6
1220811,6
1027510,6
1272492,6
1036245,6
1219509,6
1225933,6
1144905,6
1278364,6
1144432,6
1085735,6
1259349,6
1155239,6
1069299,6
1195882,6
1256964,6
1133842,6
1096264,6
1160405,6
1270335,6
1041919,6
1275497,6
1294520,6
1170115,6
1206657,6
1235268,6
1195236,6
1012726,6
1174061,6
1169874,6
1125171,6
1306763,6
1287925,6
1317997,6
1244644,6
1091554,6
1162227,6
1112861,6
1045988,6
1197024,6
1030072,6
1064384,6
1083067,6
1311488,6
1143650,6
1216102,6
1190659,6
1321772,6
1097314,6
1084183,6
1058642,6
1047136,6
1296459,6
1253231,6
1153208,6
1295083,6
1307911,6
1072812,6
1324458,6
1199524,6
1113120,6
1215958,6
1019470,6
1140169,6
1245723,6
1157244,6
1148217,6
1310605,6
1086083,6
1215304,6
1101978,6
1277881,6
1202671,6
1258634,6
1152934,6
1199268,6
1007960,6
1145358,6
1277653,6
1075634,6
1235261,6
1252466,6
1240053,6
1214493,6
1181797,6
1283281,6
1050799,6
1077051,6
1022201,6
1290538,6
1317512,6
1210145,6
1296703,6
1243080,6
1062643,6
1293334,6
1243370,6
1248630,6
1230383,6
1247194,6
1218480,6
1135267,6
1131664,6
1045167,6
1114388,6
1140626,6
1173553,6
1114495,6
1321134,6
1151919,6
1097900,6
1104527,6
1282332,6
1025654,6
1143351,6
1285817,6
1211749,6
1167969,6
1220091,6
1235357,6
1125763,6
1110392,6
1029209,6
1179514,6
1105284,6
1280297,6
1148817,6
1229631,6
1109019,6
1036369,6
1034155,6
1221751,6
1247239,6
1136435,6
1324611,6
1239546,6
1155164,6
1002890,6
1087089,6
1003785,6
1105748,6
1110923,6
1129527,6
1036677,6
1254839,6
1228900,6
1097310,6
1141516,6
1127894,6
1005676,6
1026630,6
1024342,6
1178504,6
1324984,6
1039403,6
1151313,6
1290677,6
1173122,6
1182020,6
1243849,6
1074025,6
1204821,6
1158723,6
1249752,6
1316928,6
1181793,6
1088455,6
1322687,6
1295520,6
1035154,6
1061547,6
1254011,6
1258959,6
1232567,6
1030726,6
1266972,6
1126749,6
1282827,6
1311344,6
1164802,6
1302381,6
1218705,6
1248382,6
1162602,6
1207138,6
1081918,6
1138244,6
1208654,6
1288846,6
1305815,6
1277970,6
1048856,6
1184105,6
1245838,6
1050121,6
1114060,6
1277946,6
1228925,6
1167476,6
1196360,6
1246769,6
1264227,6
1189600,6
1319290,6
1316864,6
1271784,6
1232362,6
1300123,6
1142005,6
1189850,6
1027796,6
1321769,6
1144394,6
1026257,6
1318652,6
1138485,6
1138733,6
1263480,6
1158655,6
1093931,6
1304047,6
1068597,6
1037156,6
1119976,6
1319258,6
1232904,6
1046985,6
1073276,6
1044426,6
1309686,6
1040297,6
1097813,6
1293582,6
1065477,6
1129875,6
1175153,6
1091015,6
1300880,6
1083448,6
1306250,6
1244963,6
1188096,6
1039392,6
1032802,6
1281397,6
1290831,6
1131026,6
1208472,6
1211538,6
1020169,6
1312858,6
1189728,6
1317310,6
1113659,6
1160026,6
1073685,6
1125215,6
1176383,6
1206925,6
1312642,6
1047439,6
1193877,6
1083721,6
1212340,6
1267213,6
1183390,6
1100898,6
1001994,6
1291831,6
1140584,6
1233802,6
1097763,6
1159973,6
1086429,6
1193382,6
1217697,6
1322071,6
1199937,6
1177730,6
1101629,6
1211146,6
1120961,6
1216734,6
1238566,6
1200489,6
1090389,6
1272198,6
1195139,6
1296889,6
1163740,6
1317706,6
1110438,6
1065465,6
1249689,6
1193011,6
1268140,6
1306993,6
1109450,6
1187908,6
1104789,6
1039089,6
1025129,6
1000266,6
1324796,6
1225829,6
1221763,6
1032833,6
1141547,6
1155158,6
1156134,6
1071760,6
1068975,6
1264563,6
1057156,6
1184134,6
1206252,6
1091117,6
1038579,6
1109171,6
1319554,6
1095761,6
1082134,6
1007356,6
1047025,6
1116259,6
1267945,6
1218608,6
1016886,6
1165918,6
1162680,6
1256292,6
1307822,6
1298563,6
1112595,6
1237855,6
1219960,6
1052258,6
1216441,6
1047880,6
1283939,6
1244173,6
1074495,6
1256357,6
1041600,6
1169947,6
1293755,6
1252292,6
1224221,6
1299396,6
1061934,6
1152962,6
1009742,6
1150547,6
1027176,6
1045145,6
1044461,6
1307400,6
1100012,6
1175820,6
1065117,6
1262499,6
1170600,6
1310033,6
1090692,6
1274821,6
1114026,6
1084189,6
1246181,6
1240468,6
1025862,6
1065605,6
1239716,6
1149508,6
1140598,6
1135040,6
1150538,6
1056725,6
1277141,6
1214686,6
1226254,6
1058592,6
1037728,6
1162178,6
1204933,6
1281414,6
1305243,6
1167699,6
1055391,6
1060659,6
1030202,6
1184066,6
1115045,6
1053674,6
1290860,6
1116578,6
1067704,6
1131358,6
1026533,6
1055901,6
1321262,6
1158987,6
1159719,6
1261060,6
1174968,6
1035429,6
1064560,6
1262001,6
1118643,6
1278537,6
1250475,6
1138102,6
1242635,6
1017164,6
1094235,6
1268586,6
1162370,6
1007692,6
1252956,6
1320645,6
1200840,6
1321467,6
1246215,6
1240290,6
1300523,6
1169157,6
1181631,6
1070386,6
1254269,6
1258843,6
1039809,6
1049989,6
1104440,6
1064931,6
1229608,6
1209844,6
1060467,6
1018975,6
1024466,6
1198053,6
1258751,6
1240176,6
1281577,6
1079948,6
1204281,6
1162997,6
1256161,6
1078490,6
1014469,6
1033878,6
1041236,6
1140568,6
1101491,6
1311961,6
1281751,6
1266302,6
1101017,6
1030404,6
1167536,6
1297798,6
1110583,6
1246960,6
1143018,6
1267190,6
1136709,6
1053986,6
1239596,6
1077434,6
1259944,6
1012933,6
1133995,6
1270687,6
1293188,6
1224068,6
1065554,6
1249297,6
1066764,6
1283247,6
1248532,6
1011760,6
1088592,6
1177564,6
1305962,6
1111780,6
1268087,6
1123418,6
1026535,6
1159659,6
1280650,6
1189981,6
1269996,6
1044025,6
1285753,6
1215946,6
1224840,6
1185454,6
1013207,6
1079630,6
1244112,6
1052784,6
1225346,6
1304351,6
1089659,6
1167306,6
1136538,6
1277419,6
1223891,6
1256268,6
1058325,6
1309317,6
1280115,6
1065571,6
1272764,6
1171866,6
1010626,6
1121885,6
1217390,6
1198088,6
1258396,6
1232143,6
1207127,6
1198250,6
1206775,6
1101776,6
1213280,6
1021379,6
1287302,6
1317664,6
1299462,6
1138652,6
1265938,6
1001104,6
1038422,6
1033882,6
1248121,6
1021885,6
1291141,6
1032105,6
1263708,6
1136941,6
1211937,6
1175158,6
1097118,6
1280141,6
1018353,6
1317709,6
1012211,6
1111402,6
1258834,6
1108687,6
1267556,6
1047627,6
1065291,6
1307733,6
1217750,6
1246840,6
1034940,6
1243062,6
1105272,6
1018984,6
1103270,6
1302389,6
1028721,6
1228109,6
1059649,6
1052647,6
1071477,6
1109127,6
1024491,6
1232176,6
1063591,6
1196154,6
1127119,6
1249863,6
1202832,6
1136715,6
1319307,6
1112096,6
1005223,6
1055460,6
1241565,6
1242579,6
1288269,6
1201387,6
1285350,6
1236474,6
1264853,6
1187171,6
1044115,6
1099064,6
1221230,6
1078151,6
1053365,6
1208429,6
1242866,6
1165566,6
1298118,6
1025510,6
1067641,6
1092956,6
1161024,6
1180039,6
1049231,6
1041823,6
1044994,6
1294436,6
1159917,6
1322680,6
1018996,6
1267461,6
1291644,6
1318514,6
1102251,6
1015117,6
1132410,6
1037900,6
1132381,6
1160509,6
1172631,6
1160737,6
1086909,6
1041556,6
1228296,6
1066595,6
1291719,6
1304105,6
1209954,6
1003994,6
1227723,6
1131650,6
1072224,6
1045040,6
1162600,6
1145710,6
1012439,6
1151267,6
1249007,6
1274145,6
1040167,6
1320090,6
1325440,6
1108608,6
1260337,6
1249043,6
1293661,6
1232483,6
1266500,6
1113412,6
1247626,6
1162767,6
1120720,6
1121389,6
1135655,6
1151129,6
1190449,6
1142958,6
1023017,6
1113829,6
1198463,6
1169980,6
1256759,6
1215549,6
1309541,6
1248846,6
1256373,6
1197968,6
1241204,6
1097266,6
1001497,6
1226379,6
1099758,6
1191538,6
1148498,6
1214242,6
1195936,6
1191843,6
1252662,6
1016670,6
1309250,6
1044290,6
1255537,6
1067888,6
1099740,6
1250283,6
1167333,6
1139630,6
1141994,6
1224112,6
1062011,6
1027944,6
1317352,6
1018011,6
1194021,6
1116864,6
1235747,6
1291440,6
1137920,6
1271051,6
1312060,6
1181469,6
1134835,6
1103311,6
1108231,6
1143943,6
1090307,6
1092574,6
1012269,6
1289128,6
1173380,6
1089693,6
1144011,6
1286434,6
1068317,6
1062926,6
1025858,6
1015483,6
1164869,6
1014117,6
1001084,6
1298314,6
1108532,6
1185097,6
1123339,6
1224229,6
1223550,6
1282983,6
1234218,6
1239020,6
1162395,6
1091856,6
1091486,6
1192572,6
1196553,6
1110919,6
1017521,6
1163978,6
1005892,6
1236425,6
1116943,6
1287768,6
1016455,6
1112555,6
1087836,6
1204566,6
1143573,6
1059017,6
1098654,6
1241827,6
1100186,6
1054242,6
1226743,6
1264270,6
1219454,6
1223286,6
1215741,6
1184685,6
1002540,6
1077547,6
1259416,6
1237917,6
1299728,6
1104961,6
1314488,6
1258883,6
1308181,6
1131795,6
1207774,6
1053867,6
1219474,6
1063297,6
1272653,6
1109145,6
1003211,6
1074820,6
1018606,6
1215944,6
1316550,6
1015529,6
1097371,6
1254096,6
1313250,6
1248139,6
1247196,6
1056145,6
1167111,6
1206215,6
1295749,6
1120010,6
1062335,6
1203261,6
1175094,6
1175175,6
1016132,6
1261917,6
1257976,6
1309247,6
1279965,6
1283568,6
1109685,6
1052572,6
1168089,6
1041345,6
1071181,6
1116324,6
1213157,6
1287193,6
1137145,6
1013140,6
1118012,6
1070146,6
1150014,6
1289734,6
1170236,6
1152839,6
1310253,6
1275812,6
1290610,6
1159429,6
1094755,6
1197314,6
1216601,6
1095097,6
1038713,6
1243482,6
1077799,6
1116836,6
1277093,6
1197693,6
1164065,6
1196526,6
1178402,6
1096080,6
1146090,6
1025049,6
1225262,6
1015280,6
1247016,6
1038557,6
1046257,6
1168774,6
1066184,6
1302166,6
1117485,6
1131465,6
1250847,6
1023412,6
1127702,6
1214425,6
1227951,6
1254223,6
1166814,6
1161228,6
1043298,6
1068465,6
1121797,6
1277036,6
1235683,6
1301562,6
1265305,6
1103900,6
1126368,6
1073074,6
1028836,6
1047213,6
1085021,6
1303863,6
1082299,6
1318640,6
1155021,6
1282274,6
1149189,6
1124008,6
1195305,6
1261662,6
1157765,6
1317514,6
1022277,6
1137842,6
1314958,6
1196751,6
1161859,6
1013379,6
1308551,6
1276955,6
1013412,6
1306999,6
1140892,6
1133731,6
1221487,6
1032811,6
1020992,6
1247914,6
1314701,6
1040289,6
1150107,6
1131946,6
1251370,6
1088170,6
1166950,6
1291640,6
1096628,6
1289497,6
1078077,6
1324367,6
1311253,6
1196473,6
1306991,6
1275367,6
1034809,6
1061806,6
1025835,6
1090085,6
1175362,6
1257677,6
1035552,6
1130661,6
1232344,6
1071417,6
1013764,6
1211649,6
1223087,6
1017609,6
1090995,6
1117341,6
1127394,6
1155678,6
1105608,6
1053146,6
1052299,6
1241867,6
1238471,6
1230709,6
1152515,6
1054548,6
1223705,6
1039016,6
1202625,6
1180331,6
1252609,6
1116078,6
1114835,6
1194424,6
1309144,6
1035264,6
1158961,6
1141298,6
1274312,6
1058891,6
1082792,6
1251290,6
1193630,6
1090959,6
1047323,6
1128135,6
1292085,6
1261723,6
1058429,6
1220059,6
1030816,6
1279643,6
1111241,6
1271137,6
1010035,6
1176364,6
1292431,6
1133185,6
1052981,6
1181726,6
1128103,6
1088340,6
1096618,6
1275842,6
1179814,6
1014451,6
1273529,6
1050953,6
1150284,6
1015360,6
1126672,6
1211881,6
1217237,6
1154701,6
1107969,6
1116541,6
1169508,6
1071193,6
1029250,6
1315906,6
1033186,6
1033578,6
1168391,6
1191725,6
1106677,6
1255727,6
1143644,6
1059087,6
1280907,6
1042805,6
1146214,6
1306646,6
1155850,6
1048766,6
1245310,6
1109477,6
1050577,6
1241889,6
1099241,6
1157971,6
1251772,6
1225513,6
1225960,6
1106840,6
1278422,6
1066660,6
1099787,6
1196047,6
1284767,6
1175749,6
1051837,6
1230579,6
1127168,6
1060944,6
1068285,6
1006258,6
1054045,6
1207536,6
1311456,6
1058054,6
1076559,6
1276247,6
1138729,6
1036163,6
1136636,6
1309484,6
1123633,6
1129451,6
1134686,6
1280285,6
1055148,6
1134491,6
1183647,6
1058382,6
1054052,6
1315715,6
1187031,6
1216417,6
1126774,6
1141546,6
1034238,6
1263939,6
1119204,6
1218223,6
1178946,6
1232504,6
1091361,6
1209629,6
1156780,6
1310526,6
1018137,6
1106957,6
1044150,6
1016918,6
1259661,6
1279598,6
1087254,6
1271113,6
1166125,6
1098161,6
1008650,6
1220185,6
1054576,6
1105288,6
1008918,6
1289561,6
1030601,6
1111105,6
1078532,6
1141681,6
1261552,6
1267998,6
1158487,6
1089970,6
1270121,6
1214479,6
1072161,6
1090753,6
1067518,6
1281149,6
1173907,6
1306491,6
1171708,6
1089143,6
1277812,6
1043400,6
1042200,6
1198828,6
1185167,6
1126566,6
1105025,6
1038378,6
1125712,6
1270481,6
1291350,6
1093088,6
1161127,6
1309931,6
1217783,6
1117403,6
1077863,6
1002320,6
1204650,6
1245042,6
1181827,6
1070075,6
1127473,6
1317556,6
1126510,6
1092564,6
1089592,6
1072653,6
1211845,6
1280150,6
1024807,6
1143719,6
1145321,6
1099300,6
1162194,6
1302135,6
1220218,6
1324009,6
1034902,6
1123678,6
1210394,6
1209997,6
1287690,6
1084137,6
1173427,6
1167255,6
1141498,6
1256789,6
1129502,6
1051863,6
1143113,6
1176640,6
1145967,6
1048471,6
1072636,6
1014231,6
1019983,6
1261145,6
1055531,6
1305054,6
1207764,6
1225255,6
1203926,6
1300137,6
1163909,6
1210092,6
1091057,6
1124913,6
1074968,6
1118711,6
1104134,6
1049793,6
1217879,6
1052407,6
1324256,6
1172026,6
1166159,6
1109802,6
1099975,6
1055337,6
1190791,6
1188903,6
1121958,6
1030379,6
1248014,6
1177796,6
1189015,6
1067964,6
1238537,6
1281709,6
1120053,6
1323748,6
1273518,6
1204744,6
1305465,6
1306538,6
1079118,6
1231966,6
1112756,6
1046866,6
1043003,6
1083153,6
1034462,6
1306070,6
1187405,6
1321709,6
1014330,6
1226460,6
1188218,6
1210431,6
1170101,6
1078677,6
1150773,6
1295554,6
1110706,6
1166727,6
1043737,6
1247373,6
1032277,6
1171404,6
1018135,6
1276396,6
1237538,6
1054776,6
1160567,6
1289695,6
1275210,6
1301949,6
1264832,6
1306004,6
1298340,6
1210052,6
1119915,6
1192412,6
1208693,6
1113671,6
1000472,6
1171013,6
1061451,6
1088925,6
1241769,6
1310443,6
1186132,6
1156651,6
1052044,6
1202870,6
1089031,6
1091551,6
1224232,6
1093375,6
1048109,6
1007073,6
1322447,6
1086924,6
1314111,6
1228967,6
1014292,6
1266558,6
1027304,6
1058710,6
1253220,6
1040839,6
1182011,6
1052504,6
1324583,6
1295185,6
1193876,6
1191896,6
1222178,6
1302432,6
1006408,6
1234439,6
1192787,6
1324780,6
1066780,6
1011857,6
1006647,6
1255043,6
1277364,6
1044633,6
1258530,6
1089017,6
1087927,6
1139761,6
1297049,6
1043522,6
1148722,6
1097848,6
1142145,6
1221296,6
1016261,6
1011289,6
1221912,6
1095411,6
1202848,6
1189588,6
1040329,6
1162933,6
1189162,6
1186333,6
1093628,6
1316519,6
1256468,6
1163221,6
1199852,6
1281534,6
1138858,6
1090591,6
1199658,6
1150845,6
1023161,6
1105395,6
1301145,6
1069586,6
1243184,6
1084954,6
1087658,6
1060565,6
1153090,6
1057823,6
1223415,6
1238851,6
1026979,6
1002537,6
1265057,6
1197212,6
1244934,6
1018181,6
1233585,6
1210605,6
1043571,6
1024775,6
1274829,6
1018659,6
1223532,6
1191652,6
1056331,6
1243440,6
1153866,6
1034398,6
1285003,6
1002476,6
1233694,6
1314661,6
1140862,6
1035338,6
1073160,6
1025659,6
1051384,6
1032128,6
1216761,6
1022628,6
1072369,6
1259794,6
1196884,6
1108039,6
1184202,6
1022938,6
1050066,6
1111950,6
1088956,6
1320033,6
1087412,6
1285929,6
1176548,6
1232470,6
1275420,6
1180402,6
1078420,6
1031793,6
1183715,6
1054845,6
1222933,6
1248917,6
1315460,6
1254581,6
1076848,6
1172058,6
1005837,6
1292019,6
1130478,6
1251404,6
1183255,6
1194931,6
1168490,6
1252234,6
1026442,6
1059085,6
1251866,6
1315290,6
1290592,6
1029819,6
1060883,6
1174044,6
1226058,6
1293562,6
1247503,6
1309866,6
1026728,6
1318914,6
1231634,6
1257836,6
1174857,6
1322762,6
1061312,6
1175843,6
1239696,6
1283200,6
1148777,6
1193871,6
1254580,6
1318630,6
1116185,6
1146874,6
1218089,6
1172216,6
1096546,6
1286730,6
1191925,6
1063376,6
1293385,6
1185712,6
1069661,6
1260862,6
1240738,6
1315859,6
1264930,6
1282757,6
1234808,6
1005638,6
1118330,6
1316910,6
1317747,6
1212079,6
1200543,6
1271250,6
1122776,6
1298564,6
1039060,6
1137648,6
1166365,6
1277293,6
1014755,6
1230081,6
1203017,6
1059616,6
1226679,6
1282821,6
1039335,6
1284829,6
1239639,6
1014649,6
1016286,6
1230346,6
1314378,6
1324891,6
1182477,6
1016645,6
1273385,6
1312715,6
1015126,6
1085137,6
1085775,6
1045235,6
1311023,6
1277794,6
1019651,6
1261261,6
1133035,6
1041933,6
1089119,6
1163914,6
1039756,6
1207701,6
1085779,6
1309369,6
1275082,6
1151118,6
1317510,6
1073066,6
1162585,6
1134243,6
1210274,6
1199126,6
1268790,6
1188052,6
1105806,6
1032520,6
1113291,6
1000082,6
1097048,6
1152520,6
1107914,6
1191905,6
1264527,6
1282913,6
1165002,6
1201659,6
1140106,6
1276635,6
1282567,6
1106219,6
1054761,6
1253761,6
1263880,6
1029161,6
1204260,6
1161071,6
1194754,6
1252615,6
1010224,6
1144657,6
1251947,6
1308277,6
1112935,6
1208531,6
1013424,6
1066509,6
1079332,6
1009894,6
1033624,6
1114733,6
1140140,6
1128907,6
1039042,6
1130982,6
1100665,6
1099402,6
1120030,6
1133733,6
1291019,6
1062231,6
1052844,6
1083900,6
1320141,6
1145310,6
1252373,6
1109947,6
1087158,6
1104948,6
1153081,6
1016938,6
1062708,6
1013261,6
1200704,6
1189512,6
1259579,6
1320139,6
1170358,6
1173889,6
1274657,6
1276648,6
1053375,6
1195299,6
1035560,6
1252880,6
1051068,6
1017913,6
1070171,6
1079975,6
1179556,6
1009683,6
1062550,6
1260600,6
1025032,6
1135644,6
1306131,6
1249857,6
1207195,6
1016521,6
1135339,6
1181215,6
1190314,6
1101200,6
1136904,6
1127060,6
1011217,6
1067993,6
1235359,6
1224596,6
1137502,6
1129935,6
1081712,6
1284887,6
1033716,6
1080984,6
1257552,6
1165086,6
1129268,6
1076332,6
1011058,6
1052071,6
1054957,6
1026483,6
1058856,6
1313568,6
1115996,6
1172487,6
1314498,6
1067567,6
1006925,6
1171792,6
1248498,6
1058935,6
1280757,6
1284060,6
1313867,6
1166080,6
1186872,6
1015692,6
1206884,6
1264203,6
1147863,6
1219124,6
1170540,6
1024363,6
1300267,6
1113538,6
1143212,6
1104768,6
1278559,6
1070399,6
1062309,6
1322922,6
1203230,6
1186432,6
1020133,6
1076472,6
1263213,6
1164274,6
1325053,6
1309900,6
1081098,6
1325291,6
1083038,6
1281546,6
1066285,6
1143210,6
1210862,6
1185423,6
1172037,6
1119134,6
1123970,6
1014241,6
1026772,6
1118474,6
1075836,6
1044255,6
1276111,6
1191417,6
1009263,6
1107781,6
1264466,6
1262623,6
1291279,6
1323475,6
1025619,6
1119175,6
1146801,6
1018227,6
1118867,6
1233037,6
1309896,6
1065720,6
1120853,6
1187861,6
1068256,6
1293085,6
1136402,6
1229014,6
1273659,6
1320787,6
1000009,6
1195205,6
1051553,6
1128137,6
1032023,6
1294838,6
1118761,6
1126563,6
1301833,6
1159743,6
1269292,6
1062656,6
1241830,6
1151942,6
1306937,6
1225192,6
1141742,6
1095859,6
1321058,6
1259092,6
1147797,6
1284946,6
1019602,6
1134948,6
1157046,6
1206804,6
1093970,6
1132353,6
1203063,6
1132198,6
1193863,6
1300317,6
1314210,6
1111742,6
1262812,6
1187828,6
1224203,6
1204999,6
1015226,6
1191536,6
1163691,6
1104914,6
1122637,6
1176890,6
1262502,6
1268501,6
1257386,6
1212398,6
1266299,6
1040771,6
1146982,6
1282291,6
1274420,6
1235129,6
1180842,6
1131294,6
1228812,6
1039587,6
1079688,6
1071492,6
1101425,6
1019364,6
1115006,6
1236528,6
1033885,6
1257597,6
1100449,6
1294485,6
1057326,6
1295454,6
1013519,6
1065204,6
1151302,6
1249365,6
1030978,6
1092830,6
1291506,6
1119700,6
1122932,6
1304089,6
1316781,6
1104545,6
1216158,6
1278450,6
1109102,6
1224319,6
1165152,6
1187915,6
1302047,6
1028852,6
1007343,6
1017094,6
1169534,6
1252370,6
1071869,6
1249357,6
1124415,6
1271124,6
1222654,6
1224941,6
1006279,6
1158996,6
1070741,6
1224093,6
1250585,6
1211349,6
1071889,6
1197162,6
1263978,6
1051483,6
1321266,6
1105631,6
1284596,6
1179461,6
1228473,6
1263932,6
1313816,6
1083600,6
1199135,6
1202475,6
1037968,6
1221377,6
1046480,6
1030439,6
1089737,6
1125530,6
1068669,6
1239329,6
1169385,6
1173249,6
1130018,6
1152825,6
1007327,6
1069821,6
1048573,6
1314469,6
1153898,6
1179740,6
1067946,6
1322725,6
1139669,6
1005694,6
1134642,6
1291376,6
1089208,6
1292031,6
1293913,6
1315475,6
1282950,6
1113868,6
1249887,6
1297323,6
1000944,6
1058298,6
1143962,6
1301757,6
1145572,6
1073041,6
1211318,6
1039432,6
1037755,6
1278760,6
1289511,6
1119034,6
1291475,6
1232522,6
1005777,6
1243799,6
1300982,6
1042177,6
1200465,6
1096282,6
1238459,6
1298834,6
1071215,6
1057517,6
1168199,6
1280720,6
1252870,6
1107189,6
1307414,6
1169062,6
1197519,6
1080435,6
1156327,6
1118885,6
1068518,6
1027397,6
1185695,6
1058829,6
1164653,6
1191199,6
1038948,6
1181584,6
1309884,6
1176946,6
1254117,6
1259623,6
1096043,6
1070339,6
1173664,6
1085127,6
1200384,6
1250727,6
1052085,6
1324902,6
1004054,6
1201118,6
1077728,6
1128001,6
1016426,6
1253415,6
1070950,6
1265419,6
1030644,6
1072061,6
1311911,6
1144125,6
1229532,6
1189641,6
1097495,6
1285445,6
1147192,6
1048296,6
1147729,6
1183437,6
1180629,6
1035764,6
1130152,6
1047936,6
1155559,6
1025872,6
1173032,6
1009057,6
1238821,6
1318072,6
1022831,6
1260820,6
1299746,6
1137507,6
1063617,6
1259641,6
1286557,6
1026628,6
1027303,6
1001262,6
1169992,6
1237243,6
1282806,6
1062350,6
1269015,6
1084668,6
1263327,6
1047231,6
1163799,6
1130696,6
1079931,6
1203447,6
1086238,6
1035237,6
1204193,6
1078462,6
1139137,6
1161922,6
1306961,6
1027596,6
1048795,6
1009812,6
1259755,6
1312792,6
1181513,6
1299996,6
1067629,6
1254109,6
1156745,6
1248865,6
1317147,6
1309965,6
1155348,6
1087763,6
1224593,6
1305001,6
1202082,6
1323796,6
1028249,6
1272082,6
1100644,6
1231610,6
1232592,6
1242343,6
1033506,6
1230333,6
1115413,6
1231067,6
1118247,6
1138694,6
1266846,6
1167895,6
1019786,6
1100844,6
1232901,6
1269038,6
1198439,6
1059363,6
1118522,6
1294809,6
1300711,6
1181411,6
1180289,6
1078344,6
1272149,6
1218575,6
1121046,6
1094593,6
1218393,6
1136256,6
1177155,6
1160002,6
1294236,6
1191196,6
1151853,6
1249831,6
1279103,6
1318381,6
1224401,6
1297509,6
1051140,6
1138326,6
1297311,6
1011125,6
1161106,6
1274329,6
1077028,6
1078687,6
1123771,6
1101464,6
1100945,6
1047420,6
1093840,6
1268431,6
1046073,6
1018867,6
1109214,6
1281989,6
1296561,6
1145013,6
1064062,6
1153878,6
1262870,6
1260828,6
1020476,6
1014975,6
1204711,6
1167873,6
1202296,6
1138460,6
1179483,6
1043077,6
1083012,6
1135670,6
1206114,6
1267491,6
1297806,6
1079940,6
1319376,6
1108328,6
1116868,6
1245245,6
1184087,6
1184409,6
1143697,6
1014747,6
1229874,6
1318012,6
1015916,6
1271630,6
1254906,6
1214835,6
1322031,6
1173325,6
1258091,6
1117466,6
1223730,6
1261423,6
1222527,6
1104131,6
1308797,6
1136689,6
1304249,6
1047507,6
1009303,6
1196222,6
1312290,6
1165462,6
1154499,6
1035730,6
1015171,6
1156447,6
1169768,6
1320414,6
1274159,6
1095175,6
1050115,6
1150819,6
1314544,6
1031705,6
1197242,6
1069343,6
1229865,6
1041291,6
1135850,6
1133410,6
1072390,6
1004784,6
1279151,6
1000630,6
1005171,6
1053997,6
1162587,6
1302041,6
1295878,6
1073095,6
1068557,6
1072782,6
1028810,6
1135686,6
1137300,6
1281030,6
1309290,6
1154561,6
1309566,6
1201196,6
1121611,6
1192165,6
1128529,6
1265533,6
1114414,6
1234129,6
1006362,6
1150048,6
1323360,6
1051875,6
1204808,6
1073262,6
1084606,6
1016320,6
1255635,6
1096443,6
1193219,6
1085749,6
1017914,6
1165083,6
1167782,6
1018424,6
1137118,6
1301774,6
1221551,6
1197228,6
1154535,6
1323401,6
1130731,6
1172545,6
1238558,6
1274450,6
1138622,6
1244743,6
1085611,6
1072732,6
1199164,6
1034856,6
1051544,6
1090892,6
1263363,6
1114514,6
1151809,6
1142979,6
1201119,6
1109934,6
1246762,6
1300574,6
1089480,6
1120168,6
1242137,6
1026516,6
1281099,6
1212391,6
1237856,6
1201085,6
1269660,6
1138847,6
1306451,6
1248196,6
1149120,6
1259582,6
1316764,6
1309188,6
1047858,6
1163092,6
1217526,6
1065210,6
1035725,6
1297553,6
1089474,6
1241535,6
1188294,6
1084683,6
1140380,6
1227854,6
1209940,6
1323830,6
1161676,6
1224850,6
1264991,6
1103275,6
1240373,6
1103323,6
1311255,6
1308766,6
1083481,6
1323959,6
1033396,6
1024119,6
1221360,6
1124524,6
1245328,6
1227220,6
1002416,6
1125431,6
1137299,6
1061236,6
1226695,6
1236905,6
1050634,6
1280911,6
1273141,6
1276261,6
1086642,6
1239041,6
1153676,6
1041415,6
1080108,6
1062295,6
1270680,6
1071042,6
1236444,6
1284183,6
1206401,6
1181139,6
1281550,6
1171363,6
1055179,6
1016435,6
1109257,6
1147388,6
1246692,6
1134809,6
1159992,6
1016194,6
1076275,6
1283146,6
1047744,6
1313600,6
1127610,6
1095681,6
1149322,6
1179840,6
1165668,6
1232080,6
1225968,6
1261238,6
1152161,6
1295797,6
1236696,6
1250836,6
1287100,6
1079901,6
1052448,6
1253723,6
1317577,6
1116870,6
1302472,6
1252210,6
1024831,6
1036875,6
1317776,6
1212337,6
1017896,6
1204082,6
1243657,6
1026356,6
1077236,6
1306021,6
1129581,6
1199336,6
1020987,6
1275503,6
1233356,6
1183318,6
1073969,6
1179737,6
1026735,6
1204376,6
1261155,6
1294125,6
1314465,6
1143288,6
1082839,6
1099283,6
1004478,6
1222063,6
1303669,6
1046416,6
1050301,6
1202534,6
1303954,6
1309750,6
1054105,6
1317548,6
1022074,6
1160308,6
1004663,6
1250908,6
1185129,6
1303735,6
1159048,6
1132243,6
1121061,6
1143687,6
1036141,6
1096131,6
1219372,6
1033672,6
1236116,6
1012682,6
1064641,6
1196611,6
1081339,6
1166155,6
1021685,6
1053510,6
1318532,6
1301004,6
1038645,6
1192170,6
1225937,6
1223200,6
1195673,6
1260439,6
1114857,6
1177379,6
1083884,6
1313280,6
1204768,6
1055884,6
1302095,6
1181324,6
1167158,6
1206179,6
1290705,6
1128745,6
1267035,6
1119845,6
1292122,6
1106126,6
1085014,6
1011836,6
1006684,6
1187596,6
1323207,6
1181084,6
1261808,6
1273937,6
1149244,6
1008470,6
1294859,6
1280969,6
1278624,6
1285462,6
1188233,6
1248184,6
1272232,6
1159575,6
1147789,6
1028364,6
1141240,6
1287067,6
1224184,6
1078426,6
1136282,6
1005467,6
1173338,6
1130202,6
1066100,6
1085895,6
1145017,6
1233154,6
1136789,6
1196162,6
1312665,6
1006935,6
1312477,6
1225398,6
1006683,6
1154175,6
1068230,6
1220501,6
1094026,6
1294592,6
1035981,6
1046983,6
1081296,6
1197527,6
1011143,6
1174162,6
1306697,6
1239772,6
1296304,6
1182787,6
1010039,6
1144605,6
1190835,6
1240118,6
1089340,6
1155149,6
1032556,6
1058952,6
1169368,6
1009818,6
1254838,6
1192811,6
1129992,6
1291635,6
1141735,6
1201411,6
1074272,6
1042041,6
1199337,6
1074195,6
1006760,6
1324811,6
1322189,6
1216611,6
1067095,6
1165191,6
1229521,6
1059112,6
1023402,6
1078228,6
1006752,6
1182770,6
1168096,6
1101507,6
1274956,6
1151169,6
1149209,6
1062452,6
1234961,6
1043121,6
1312444,6
1038653,6
1006982,6
1184460,6
1145183,6
1249100,6
1021532,6
1226001,6
1147324,6
1089275,6
1070691,6
1219886,6
1240058,6
1294262,6
1091254,6
1025476,6
1108424,6
1109016,6
1117416,6
1089219,6
1206004,6
1007406,6
1084588,6
1185638,6
1268078,6
1048103,6
1265358,6
1168381,6
1265542,6
1163566,6
1097232,6
1045203,6
1247460,6
1050425,6
1162390,6
1316027,6
1126725,6
1293762,6
1210086,6
1054403,6
1256661,6
1091468,6
1209956,6
1239291,6
1101288,6
1301534,6
1151396,6
1042272,6
1114868,6
1070362,6
1128443,6
1314948,6
1322139,6
1082701,6
1242601,6
1088451,6
1263726,6
1169704,6
1126384,6
1002043,6
1292064,6
1041052,6
1195818,6
1157362,6
1135121,6
1019853,6
1151212,6
1192430,6
1101006,6
1012327,6
1030386,6
1087130,6
1094131,6
1288986,6
1087227,6
1117270,6
1006928,6
1026706,6
1072873,6
1004005,6
1018173,6
1144792,6
1081231,6
1041978,6
1150612,6
1167961,6
1055384,6
1056608,6
1184247,6
1251818,6
1019993,6
1266102,6
1140255,6
1260144,6
1121403,6
1132902,6
1324537,6
1066598,6
1147940,6
1242246,6
1025336,6
1261866,6
1161403,6
1218772,6
1205851,6
1132717,6
1046775,6
1201330,6
1120310,6
1152893,6
1201517,6
1208762,6
1195905,6
1053443,6
1002655,6
1157984,6
1001423,6
1049633,6
1116764,6
1109935,6
1291127,6
1096126,6
1300239,6
1150142,6
1299146,6
1218959,6
1272042,6
1297997,6
1108324,6
1277246,6
1258859,6
1142945,6
1180995,6
1309978,6
1104328,6
1214474,6
1008285,6
1302966,6
1155460,6
1109331,6
1035605,6
1002521,6
1170660,6
1184065,6
1168734,6
1189891,6
1317367,6
1206668,6
1297074,6
1103417,6
1082605,6
1320972,6
1029105,6
1092381,6
1081901,6
1125217,6
1277469,6
1041240,6
1144130,6
1325776,6
1256401,6
1055748,6
1107145,6
1135337,6
1228443,6
1016690,6
1175621,6
1235804,6
1072510,6
1274339,6
1033933,6
1159788,6
1082358,6
1144311,6
1133196,6
1163409,6
1018648,6
1061491,6
1023170,6
1268369,6
1308533,6
1115825,6
1199719,6
1149032,6
1016998,6
1156071,6
1188062,6
1195517,6
1138532,6
1048495,6
1127001,6
1266875,6
1103041,6
1088542,6
1170077,6
1305265,6
1075706,6
1023475,6
1166242,6
1060143,6
1084506,6
1147381,6
1047899,6
1223413,6
1101440,6
1253939,6
1130801,6
1141504,6
1124371,6
1047983,6
1047003,6
1035136,6
1111380,6
1164607,6
1238792,6
1248137,6
1045332,6
1181022,6
1283828,6
1023316,6
1127970,6
1059083,6
1005977,6
1027432,6
1073224,6
1001602,6
1107225,6
1117660,6
1172361,6
1200944,6
1301311,6
1289038,6
1012616,6
1215976,6
1056454,6
1066546,6
1034596,6
1044098,6
1093506,6
1199611,6
1294337,6
1217543,6
1034459,6
1085020,6
1173958,6
1000745,6
1303987,6
1025800,6
1257751,6
1050767,6
1092800,6
1236355,6
1065056,6
1217701,6
1239840,6
1082200,6
1231935,6
1125293,6
1161153,6
1306186,6
1312026,6
1305661,6
1037015,6
1144510,6
1095307,6
1095793,6
1191728,6
1232189,6
1262170,6
1044300,6
1142931,6
1294383,6
1068373,6
1062052,6
1163603,6
1019457,6
1087593,6
1182542,6
1193791,6
1235374,6
1179850,6
1073458,6
1279165,6
1099503,6
1198316,6
1322119,6
1285240,6
1029207,6
1153276,6
1129846,6
1002669,6
1183755,6
1101289,6
1023373,6
1187097,6
1082102,6
1257960,6
1207489,6
1215374,6
1246493,6
1161529,6
1061068,6
1284947,6
1041277,6
1262258,6
1216274,6
1157795,6
1270169,6
1052013,6
1035680,6
1224794,6
1143629,6
1234720,6
1324482,6
1076231,6
1291167,6
1177387,6
1064180,6
1015412,6
1213216,6
1278530,6
1083217,6
1212683,6
1008206,6
1044862,6
1170405,6
1128698,6
1057260,6
1234130,6
1079787,6
1273136,6
1130062,6
1108445,6
1116252,6
1000904,6
1314926,6
1227573,6
1066373,6
1265736,6
1059660,6
1195682,6
1122490,6
1223301,6
1162575,6
1244165,6
1316219,6
1241589,6
1308511,6
1217474,6
1177930,6
1241624,6
1315414,6
1287488,6
1081706,6
1191269,6
1162214,6
1265896,6
1269466,6
1199952,6
1233456,6
1150856,6
1074071,6
1320573,6
1124812,6
1228743,6
1000803,6
1323941,6
1041077,6
1125154,6
1074949,6
1132062,6
1104668,6
1320823,6
1075984,6
1322456,6
1172313,6
1213382,6
1014829,6
1128763,6
1170313,6
1189639,6
1064530,6
1176559,6
1305504,6
1136055,6
1278061,6
1142686,6
1106165,6
1123684,6
1024005,6
1129499,6
1027013,6
1158152,6
1322366,6
1039927,6
1116821,6
1000106,6
1029591,6
1288653,6
1069792,6
1040374,6
1010111,6
1309184,6
1048237,6
1076263,6
1249026,6
1203175,6
1028007,6
1083147,6
1047315,6
1136732,6
1322803,6
1019297,6
1123954,6
1068906,6
1277678,6
1293794,6
1039487,6
1061307,6
1292801,6
1281899,6
1241957,6
1035471,6
1254770,6
1196567,6
1023114,6
1125996,6
1292502,6
1064052,6
1148430,6
1141722,6
1173923,6
1291326,6
1211870,6
1163188,6
1220383,6
1258331,6
1110423,6
1000307,6
1215562,6
1039940,6
1114403,6
1121308,6
1177779,6
1259457,6
1140670,6
1041447,6
1192437,6
1070890,6
1011117,6
1184348,6
1178459,6
1093023,6
1105755,6
1008367,6
1153680,6
1296708,6
1206578,6
1040604,6
1251311,6
1005327,6
1210751,6
1151085,6
1221025,6
1028923,6
1223124,6
1245903,6
1224474,6
1204084,6
1259869,6
1100854,6
1183981,6
1322654,6
1310280,6
1272161,6
1186789,6
1204306,6
1115173,6
1167862,6
1290485,6
1150387,6
1303978,6
1021829,6
1236683,6
1306033,6
1297777,6
1148538,6
1292083,6
1205044,6
1048295,6
1232512,6
1315107,6
1291341,6
1213019,6
1220814,6
1011019,6
1001328,6
1002666,6
1061921,6
1281977,6
1087122,6
1130795,6
1197761,6
1116839,6
1321205,6
1225645,6
1015343,6
1226466,6
1139599,6
1217089,6
1201130,6
1296039,6
1313677,6
1212258,6
1127029,6
1233044,6
1296047,6
1176751,6
1070622,6
1153067,6
1015294,6
1307781,6
1195733,6
1207382,6
1111825,6
1317070,6
1165007,6
1293571,6
1161831,6
1227919,6
1132049,6
1130524,6
1282034,6
1276642,6
1221594,6
1197862,6
1255993,6
1192098,6
1252262,6
1175076,6
1271666,6
1226027,6
1002942,6
1178711,6
1084467,6
1185675,6
1095144,6
1191493,6
1072778,6
1249788,6
1215131,6
1258196,6
1164444,6
1162754,6
1075893,6
1253847,6
1135341,6
1101644,6
1249202,6
1007198,6
1211830,6
1087529,6
1016995,6
1122688,6
1319547,6
1010486,6
1283662,6
1277539,6
1114697,6
1110394,6
1009759,6
1130941,6
1261176,6
1310301,6
1044167,6
1247540,6
1184037,6
1229907,6
1298133,6
1021575,6
1056607,6
1027197,6
1231728,6
1108563,6
1111910,6
1249890,6
1172312,6
1152998,6
1282677,6
1252823,6
1064059,6
1298151,6
1210978,6
1201039,6
1079079,6
1315962,6
1067959,6
1224498,6
1199999,6
1087394,6
1169897,6
1311087,6
1108292,6
1314051,6
1290282,6
1285368,6
1063325,6
1226564,6
1231911,6
1226511,6
1030239,6
1260636,6
1157431,6
1205580,6
1027097,6
1183709,6
1280024,6
1222806,6
1251203,6
1254219,6
1036470,6
1121770,6
1317297,6
1105220,6
1089644,6
1053977,6
1243823,6
1322890,6
1107669,6
1167400,6
1145598,6
1248999,6
1195629,6
1267023,6
1124611,6
1158812,6
1109113,6
1095691,6
1182355,6
1311646,6
1305510,6
1308912,6
1295755,6
1192010,6
1142054,6
1270647,6
1043921,6
1137424,6
1302180,6
1273541,6
1058262,6
1044015,6
1283054,6
1012680,6
1101438,6
1306411,6
1124673,6
1158836,6
1069837,6
1322288,6
1298240,6
1208700,6
1149850,6
1135776,6
1315123,6
1003004,6
1125809,6
1141766,6
1070731,6
1036354,6
1043803,6
1017713,6
1202801,6
1028789,6
1305982,6
1086517,6
1287529,6
1314033,6
1127476,6
1019995,6
1152093,6
1243533,6
1275165,6
1182561,6
1203346,6
1273658,6
1023218,6
1149416,6
1205981,6
1205358,6
1304818,6
1257406,6
1291570,6
1017516,6
1023546,6
1288955,6
1303740,6
1189031,6
1217547,6
1162545,6
1231983,6
1283051,6
1244806,6
1031785,6
1011177,6
1122286,6
1176417,6
1232110,6
1266020,6
1015578,6
1201628,6
1313937,6
1249659,6
1131921,6
1019317,6
1133048,6
1192302,6
1310892,6
1074733,6
1020794,6
1242774,6
1207895,6
1253951,6
1203091,6
1024312,6
1303995,6
1055311,6
1179993,6
1264292,6
1067658,6
1274493,6
1203327,6
1058491,6
1284601,6
1145568,6
1063389,6
1318623,6
1224586,6
1279391,6
1139094,6
1042638,6
1258529,6
1076401,6
1308419,6
1302645,6
1181117,6
1152627,6
1215090,6
1032188,6
1313939,6
1261773,6
1281747,6
1157290,6
1142472,6
1218056,6
1041159,6
1238081,6
1229765,6
1226567,6
1202163,6
1072917,6
1110112,6
1100452,6
1278997,6
1139119,6
1228157,6
1065286,6
1240198,6
1114086,6
1244291,6
1228827,6
1254308,6
1053262,6
1273131,6
1296849,6
1020324,6
1089439,6
1038350,6
1195104,6
1318548,6
1068222,6
1241101,6
1208872,6
1074958,6
1218493,6
1112842,6
1164954,6
1134259,6
1029214,6
1278862,6
1128943,6
1133412,6
1090433,6
1125501,6
1042843,6
1171529,6
1037615,6
1130590,6
1152291,6
1230847,6
1139951,6
1182010,6
1170541,6
1194838,6
1169338,6
1188930,6
1262126,6
1037801,6
1266077,6
1261153,6
1032691,6
1034109,6
1190339,6
1120889,6
1086619,6
1070363,6
1086233,6
1189636,6
1094505,6
1289992,6
1152320,6
1190218,6
1253633,6
1197820,6
1000351,6
1014246,6
1083720,6
1119346,6
1096547,6
1170022,6
1132436,6
1100178,6
1165427,6
1032061,6
1221492,6
1037697,6
1226883,6
1260701,6
1128633,6
1053963,6
1023309,6
1135951,6
1229114,6
1174618,6
1026722,6
1302035,6
1052186,6
1027539,6
1025135,6
1148195,6
1243392,6
1274999,6
1230101,6
1211387,6
1068514,6
1066737,6
1299858,6
1162876,6
1131849,6
1238013,6
1266822,6
1210643,6
1263035,6
1112599,6
1180314,6
1253540,6
1214184,6
1172851,6
1114350,6
1197400,6
1204970,6
1036292,6
1143585,6
1137706,6
1269788,6
1163707,6
1118932,6
1076443,6
1176811,6
1207391,6
1178657,6
1320655,6
1005168,6
1145792,6
1017890,6
1104083,6
1297853,6
1205324,6
1003688,6
1241170,6
1300098,6
1144005,6
1236686,6
1177645,6
1093901,6
1239903,6
1182462,6
1005844,6
1148582,6
1182951,6
1193401,6
1001803,6
1216673,6
1186444,6
1208229,6
1209635,6
1299855,6
1212351,6
1197705,6
1159675,6
1096019,6
1197699,6
1146989,6
1126247,6
1208506,6
1289701,6
1187293,6
1006906,6
1225749,6
1162304,6
1265359,6
1200072,6
1003372,6
1098533,6
1110843,6
1217764,6
1153275,6
1132465,6
1032136,6
1112507,6
1244929,6
1264879,6
1094458,6
1005466,6
1065757,6
1163074,6
1142086,6
1199331,6
1321197,6
1110896,6
1293620,6
1288784,6
1165323,6
1294593,6
1065044,6
1027595,6
1297664,6
1031592,6
1130470,6
1222365,6
1007892,6
1051610,6
1290158,6
1003957,6
1032432,6
1002185,6
1244427,6
1316017,6
1275211,6
1206698,6
1004689,6
1029087,6
1312880,6
1084863,6
1221849,6
1155613,6
1004870,6
1236916,6
1036239,6
1272458,6
1203611,6
1300496,6
1078844,6
1190343,6
1252585,6
1268164,6
1204497,6
1040048,6
1044358,6
1167848,6
1105955,6
1220787,6
1080061,6
1199520,6
1083863,6
1198587,6
1306860,6
1087190,6
1061755,6
1309989,6
1050270,6
1062426,6
1085745,6
1102993,6
1210372,6
1318156,6
1252109,6
1303039,6
1150986,6
1153096,6
1221408,6
1117543,6
1301586,6
1306621,6
1052241,6
1310343,6
1141896,6
1172501,6
1245856,6
1202257,6
1280750,6
1313809,6
1254358,6
1160606,6
1204866,6
1321696,6
1091433,6
1124844,6
1267464,6
1128522,6
1133148,6
1025399,6
1253881,6
1202809,6
1008544,6
1144066,6
1122143,6
1134993,6
1019037,6
1169568,6
1298304,6
1045446,6
1248805,6
1079443,6
1139351,6
1159655,6
1140092,6
1083191,6
1063544,6
1236571,6
1006933,6
1071476,6
1278204,6
1196781,6
1302837,6
1115746,6
1292670,6
1127287,6
1226707,6
1094351,6
1319487,6
1323801,6
1146706,6
1115120,6
1005588,6
1106501,6
1137143,6
1228363,6
1177784,6
1067857,6
1030262,6
1261308,6
1007948,6
1043368,6
1051623,6
1163114,6
1218724,6
1129036,6
1321470,6
1053257,6
1216434,6
1114085,6
1097622,6
1045573,6
1226906,6
1185567,6
1233552,6
1055129,6
1130194,6
1196900,6
1196987,6
1144820,6
1115276,6
1149853,6
1233578,6
1292084,6
1200310,6
1152854,6
1186667,6
1260957,6
1311810,6
1225295,6
1293059,6
1224856,6
1049254,6
1174195,6
1033924,6
1125183,6
1265244,6
1024190,6
1168129,6
1142045,6
1301347,6
1212019,6
1295364,6
1167073,6
1293826,6
1159970,6
1054074,6
1303877,6
1053785,6
1203234,6
1021915,6
1056217,6
1226483,6
1026388,6
1201912,6
1155175,6
1155161,6
1124803,6
1211809,6
1025388,6
1048410,6
1239852,6
1319789,6
1166161,6
1004937,6
1283874,6
1036147,6
1202874,6
1248213,6
1171108,6
1023588,6
1320795,6
1240810,6
1264299,6
1176711,6
1107812,6
1223151,6
1269683,6
1041571,6
1269614,6
1263439,6
1229090,6
1043996,6
1191440,6
1212118,6
1264895,6
1258162,6
1048906,6
1043712,6
1200112,6
1242637,6
1265842,6
1118265,6
1098549,6
1192142,6
1299116,6
1173757,6
1287783,6
1035960,6
1068249,6
1030028,6
1246556,6
1028669,6
1166297,6
1104203,6
1031274,6
1212974,6
1281044,6
1170892,6
1177951,6
1090301,6
1303228,6
1163155,6
1263330,6
1314032,6
1162024,6
1047690,6
1092233,6
1001503,6
1284777,6
1043590,6
1212531,6
1075605,6
1291010,6
1275904,6
1205416,6
1246384,6
1094370,6
1098663,6
1239932,6
1286016,6
1049808,6
1290105,6
1024012,6
1250865,6
1088138,6
1268652,6
1063487,6
1009068,6
1042172,6
1270101,6
1058893,6
1087910,6
1146664,6
1078043,6
1137886,6
1044455,6
1064848,6
1270316,6
1238876,6
1179068,6
1009152,6
1109906,6
1117634,6
1207011,6
1154799,6
1056316,6
1305949,6
1155555,6
1301731,6
1160470,6
1281390,6
1106709,6
1246229,6
1196556,6
1084825,6
1078871,6
1281846,6
1316698,6
1179528,6
1194604,6
1265131,6
1089714,6
1088448,6
1200745,6
1144904,6
1134052,6
1108379,6
1122358,6
1156031,6
1157474,6
1207600,6
1318240,6
1029972,6
1280245,6
1075156,6
1160315,6
1082931,6
1156670,6
1093388,6
1022095,6
1312417,6
1181001,6
1256591,6
1117858,6
1166900,6
1280257,6
1124730,6
1179454,6
1290701,6
1237314,6
1118512,6
1152461,6
1062634,6
1075787,6
1024590,6
1165570,6
1019182,6
1252368,6
1130482,6
1097870,6
1133622,6
1089677,6
1261622,6
1138843,6
1096217,6
1086468,6
1230876,6
1325387,6
1298249,6
1237892,6
1142248,6
1005783,6
1269256,6
1267919,6
1049001,6
1244588,6
1079007,6
1077046,6
1086938,6
1192881,6
1315555,6
1003571,6
1094515,6
1157428,6
1135384,6
1193992,6
1315439,6
1089376,6
1249124,6
1149015,6
1241230,6
1125180,6
1114117,6
1053537,6
1056864,6
1213045,6
1070835,6
1242247,6
1209616,6
1240739,6
1291748,6
1019881,6
1289597,6
1023330,6
1083496,6
1320274,6
1057109,6
1204943,6
1155187,6
1009964,6
1236487,6
1128052,6
1224625,6
1084550,6
1152794,6
1132268,6
1211237,6
1201087,6
1248291,6
1212017,6
1259089,6
1084531,6
1323592,6
1003546,6
1251501,6
1325351,6
1206074,6
1120429,6
1238314,6
1026311,6
1200076,6
1020521,6
1042848,6
1257870,6
1224652,6
1224870,6
1117236,6
1179406,6
1107799,6
1090982,6
1121188,6
1097328,6
1056276,6
1278726,6
1122974,6
1134756,6
1159094,6
1050801,6
1150813,6
1231776,6
1008966,6
1066511,6
1035174,6
1252699,6
1179826,6
1022968,6
1250872,6
1213628,6
1038252,6
1014441,6
1099610,6
1096256,6
1103575,6
1128168,6
1220351,6
1247848,6
1181156,6
1083429,6
1199912,6
1195064,6
1077850,6
1158258,6
1157085,6
1134032,6
1311693,6
1067847,6
1063053,6
1178056,6
1043171,6
1051480,6
1084470,6
1083756,6
1246703,6
1263797,6
1091049,6
1114692,6
1210758,6
1307327,6
1231617,6
1207545,6
1189581,6
1115369,6
1255895,6
1183126,6
1301242,6
1131130,6
1024145,6
1258681,6
1096192,6
1222823,6
1084120,6
1075655,6
1058308,6
1165580,6
1195810,6
1112028,6
1209767,6
1084228,6
1131440,6
1034491,6
1132103,6
1111092,6
1144549,6
1304083,6
1057790,6
1046798,6
1321191,6
1169984,6
1223742,6
1047588,6
1305790,6
1078266,6
1121320,6
1063386,6
1087484,6
1193516,6
1189205,6
1282149,6
1220728,6
1206497,6
1060777,6
1051395,6
1208437,6
1125216,6
1268036,6
1008689,6
1016797,6
1039758,6
1131548,6
1008155,6
1076286,6
1267091,6
1222809,6
1108165,6
1154763,6
1046135,6
1046065,6
1053670,6
1079684,6
1310020,6
1163680,6
1213907,6
1144597,6
1294564,6
1135295,6
1023205,6
1258780,6
1112509,6
1101510,6
1013674,6
1072454,6
1020450,6
1165985,6
1087000,6
1246344,6
1065492,6
1006967,6
1039079,6
1001191,6
1205188,6
1200780,6
1034573,6
1040365,6
1264906,6
1175100,6
1203372,6
1229180,6
1069974,6
1291605,6
1220070,6
1268829,6
1143156,6
1180374,6
1052640,6
1071350,6
1259911,6
1032559,6
1276692,6
1058996,6
1032146,6
1147157,6
1175830,6
1055120,6
1053016,6
1017440,6
1101118,6
1078022,6
1101950,6
1240348,6
1269521,6
1257681,6
1221463,6
1046196,6
1275252,6
1228866,6
1152524,6
1238221,6
1002173,6
1161507,6
1308369,6
1046070,6
1121555,6
1134724,6
1279762,6
1218292,6
1031034,6
1222987,6
1148657,6
1046692,6
1250176,6
1050999,6
1063812,6
1118638,6
1001680,6
1284555,6
1086766,6
1240581,6
1101924,6
1052328,6
1241712,6
1208369,6
1230508,6
1315016,6
1241107,6
1167308,6
1283315,6
1003402,6
1324706,6
1065805,6
1004860,6
1203073,6
1147164,6
1022361,6
1255074,6
1207024,6
1091459,6
1112318,6
1237398,6
1063578,6
1017829,6
1150280,6
1287894,6
1066235,6
1005398,6
1048763,6
1102750,6
1284517,6
1244320,6
1218809,6
1301723,6
1292650,6
1210937,6
1009200,6
1154217,6
1098349,6
1043821,6
1305016,6
1006898,6
1042078,6
1087163,6
1101793,6
1258635,6
1131098,6
1211858,6
1231262,6
1075654,6
1027308,6
1252275,6
1076982,6
1211742,6
1190410,6
1000138,6
1057725,6
1311508,6
1155912,6
1172001,6
1131501,6
1197239,6
1284284,6
1050033,6
1145353,6
1116171,6
1078475,6
1017490,6
1297849,6
1207618,6
1161509,6
1108403,6
1122230,6
1003405,6
1174056,6
1208183,6
1097160,6
1026975,6
1000998,6
1159259,6
1186601,6
1180602,6
1017072,6
1173682,6
1290273,6
1098591,6
1086040,6
1138332,6
1247585,6
1197025,6
1178879,6
1040916,6
1043918,6
1282049,6
1258989,6
1128194,6
1006878,6
1105591,6
1057176,6
1232701,6
1122294,6
1038253,6
1194927,6
1189274,6
1044544,6
1071227,6
1130140,6
1100125,6
1106007,6
1032132,6
1201171,6
1197348,6
1034865,6
1084219,6
1215094,6
1190237,6
1324143,6
1244448,6
1161356,6
1237233,6
1028747,6
1135957,6
1021143,6
1209422,6
1071853,6
1211257,6
1192839,6
1206813,6
1191088,6
1266047,6
1136462,6
1214582,6
1009004,6
1224953,6
1163187,6
1229618,6
1267505,6
1177305,6
1247934,6
1314637,6
1003784,6
1044572,6
1163262,6
1296755,6
1116127,6
1257219,6
1054782,6
1222425,6
1184365,6
1095685,6
1272026,6
1079735,6
1087042,6
1166924,6
1040173,6
1243477,6
1253106,6
1165851,6
1268066,6
1026028,6
1133562,6
1138548,6
1024806,6
1142655,6
1179511,6
1171874,6
1216993,6
1300568,6
1257772,6
1118877,6
1077748,6
1031686,6
1052466,6
1109632,6
1125458,6
1039400,6
1136545,6
1180677,6
1271971,6
1089212,6
1089346,6
1085892,6
1259270,6
1309005,6
1058348,6
1062694,6
1108498,6
1248444,6
1061395,6
1251070,6
1057843,6
1028094,6
1188784,6
1292513,6
1011262,6
1114913,6
1133492,6
1153103,6
1138983,6
1054620,6
1279167,6
1323706,6
1134753,6
1320937,6
1076223,6
1005142,6
1319493,6
1313356,6
1251636,6
1219926,6
1106041,6
1228863,6
1270622,6
1158706,6
1004751,6
1056659,6
1082380,6
1253740,6
1312393,6
1298090,6
1010618,6
1009375,6
1059642,6
1217977,6
1114631,6
1192087,6
1014813,6
1128969,6
1141539,6
1175898,6
1200114,6
1235687,6
1092005,6
1087712,6
1277478,6
1242557,6
1144065,6
1164145,6
1113910,6
1061302,6
1035889,6
1237565,6
1194286,6
1198784,6
1131325,6
1174015,6
1084559,6
1187630,6
1117384,6
1046163,6
1107919,6
1295723,6
1306776,6
1188448,6
1008480,6
1018408,6
1172218,6
1252103,6
1244492,6
1141005,6
1081071,6
1069957,6
1309995,6
1008847,6
1066211,6
1285197,6
1321995,6
1142368,6
1178169,6
1000801,6
1289164,6
1212161,6
1182205,6
1035231,6
1183738,6
1119193,6
1036014,6
1291369,6
1147183,6
1183440,6
1170885,6
1079093,6
1010801,6
1191270,6
1149239,6
1203349,6
1116880,6
1051148,6
1147328,6
1007111,6
1305862,6
1318791,6
1219904,6
1170440,6
1261467,6
1075019,6
1112006,6
1131791,6
1107838,6
1131524,6
1296536,6
1143336,6
1141415,6
1162819,6
1123284,6
1135363,6
1199000,6
1296529,6
1260627,6
1220485,6
1151205,6
1298902,6
1020792,6
1076035,6
1253890,6
1153469,6
1061523,6
1087328,6
1001705,6
1091921,6
1033345,6
1105052,6
1237677,6
1040031,6
1090214,6
1303120,6
1018394,6
1055134,6
1015603,6
1140706,6
1285077,6
1222825,6
1280742,6
1301487,6
1042966,6
1167761,6
1007136,6
1303515,6
1302753,6
1053263,6
1253399,6
1024244,6
1221062,6
1033463,6
1012221,6
1202406,6
1130196,6
1215564,6
1259566,6
1210962,6
1048981,6
1147034,6
1283391,6
1128607,6
1004915,6
1296617,6
1228758,6
1244693,6
1176349,6
1271043,6
1305294,6
1325386,6
1280567,6
1215769,6
1257937,6
1075531,6
1263401,6
1300722,6
1224962,6
1187905,6
1223448,6
1291695,6
1298603,6
1144887,6
1105071,6
1235307,6
1220190,6
1061039,6
1005295,6
1135296,6
1100211,6
1253968,6
1150488,6
1141857,6
1240935,6
1104816,6
1263553,6
1070273,6
1062957,6
1310518,6
1210213,6
1136818,6
1126162,6
1010427,6
1122822,6
1264430,6
1157533,6
1091017,6
1270515,6
1314261,6
1159891,6
1081476,6
1286529,6
1035938,6
1155247,6
1288780,6
1197669,6
1086114,6
1004343,6
1144213,6
1109894,6
1236363,6
1275878,6
1164570,6
1108691,6
1243101,6
1066719,6
1203211,6
1030204,6
1136562,6
1106310,6
1062567,6
1028346,6
1065544,6
1097516,6
1038546,6
1124392,6
1189497,6
1259013,6
1201909,6
1274221,6
1276549,6
1105990,6
1244637,6
1265377,6
1289446,6
1287530,6
1067823,6
1298443,6
1197316,6
1056237,6
1255933,6
1235930,6
1131930,6
1121064,6
1071474,6
1018687,6
1178386,6
1131674,6
1039834,6
1232523,6
1097190,6
1067733,6
1021894,6
1216791,6
1303072,6
1246811,6
1253424,6
1191420,6
1120116,6
1265926,6
1045618,6
1184772,6
1254499,6
1140656,6
1176245,6
1064788,6
1005850,6
1179366,6
1151608,6
1062498,6
1128682,6
1078651,6
1253908,6
1245315,6
1127857,6
1097087,6
1215241,6
1040806,6
1150066,6
1013110,6
1268977,6
1304694,6
1164561,6
1290541,6
1060636,6
1058440,6
1224019,6
1145855,6
1034328,6
1083004,6
1192533,6
1016269,6
1139036,6
1236828,6
1243073,6
1028351,6
1221957,6
1001741,6
1202509,6
1024206,6
1029522,6
1094835,6
1042241,6
1262478,6
1241885,6
1243576,6
1175202,6
1150804,6
1059030,6
1071483,6
1264581,6
1095698,6
1304999,6
1296696,6
1119389,6
1251796,6
1183428,6
1261298,6
1223465,6
1303154,6
1038604,6
1171387,6
1085641,6
1018106,6
1181043,6
1047121,6
1029456,6
1230713,6
1283499,6
1047673,6
1090121,6
1076102,6
1122387,6
1165453,6
1291898,6
1125690,6
1246000,6
1129587,6
1143899,6
1128295,6
1227616,6
1184316,6
1180662,6
1197892,6
1114650,6
1109431,6
1034319,6
1181072,6
1250214,6
1121404,6
1161810,6
1155655,6
1225615,6
1204512,6
1154715,6
1221954,6
1090823,6
1277644,6
1269575,6
1101722,6
1239753,6
1134168,6
1227621,6
1083782,6
1069765,6
1106806,6
1279311,6
1137092,6
1119765,6
1085961,6
1166143,6
1153253,6
1189642,6
1140339,6
1054258,6
1277517,6
1246337,6
1014665,6
1235608,6
1299279,6
1103792,6
1153762,6
1270133,6
1101640,6
1202529,6
1139059,6
1151434,6
1017272,6
1306605,6
1323151,6
1146413,6
1251943,6
1065419,6
1311384,6
1172345,6
1000983,6
1156517,6
1322155,6
1268565,6
1158835,6
1125063,6
1277571,6
1278868,6
1066283,6
1190927,6
1023570,6
1277458,6
1150060,6
1036773,6
1059394,6
1197975,6
1216175,6
1298119,6
1157858,6
1117338,6
1099311,6
1121260,6
1288025,6
1141673,6
1216813,6
1312931,6
1037727,6
1013642,6
1282499,6
1225709,6
1185043,6
1075874,6
1193402,6
1171671,6
1162112,6
1119030,6
1038359,6
1178693,6
1203271,6
1277250,6
1303577,6
1317296,6
1260120,6
1131642,6
1300189,6
1244908,6
1312897,6
1099725,6
1150410,6
1304072,6
1308274,6
1294975,6
1233569,6
1289312,6
1083338,6
1017098,6
1249847,6
1250893,6
1050325,6
1160188,6
1247866,6
1037035,6
1202935,6
1105373,6
1038848,6
1157281,6
1119644,6
1322375,6
1118396,6
1282693,6
1259782,6
1317469,6
1128094,6
1304445,6
1063350,6
1033322,6
1070600,6
1024699,6
1071048,6
1158697,6
1308803,6
1195660,6
1033254,6
1068932,6
1277686,6
1154278,6
1221300,6
1092319,6
1024418,6
1173472,6
1005918,6
1230435,6
1190601,6
1000429,6
1222821,6
1132102,6
1029240,6
1199550,6
1118084,6
1233644,6
1298550,6
1156490,6
1102072,6
1103581,6
1261630,6
1274725,6
1321265,6
1189494,6
1087859,6
1111253,6
1106577,6
1300927,6
1171568,6
1134569,6
1154556,6
1198677,6
1002482,6
1100913,6
1136274,6
1000040,6
1316343,6
1044677,6
1218889,6
1164380,6
1172258,6
1244515,6
1050043,6
1137809,6
1162951,6
1251463,6
1014523,6
1183784,6
1012698,6
1242151,6
1026248,6
1279297,6
1282214,6
1118803,6
1064222,6
1230636,6
1316517,6
1167475,6
1194981,6
1271393,6
1157584,6
1216280,6
1225203,6
1323930,6
1109886,6
1133633,6
1325610,6
1139668,6
1120299,6
1165001,6
1081429,6
1051758,6
1269902,6
1114367,6
1082552,6
1015991,6
1249283,6
1189291,6
1011009,6
1223617,6
1009354,6
1076093,6
1061388,6
1190854,6
1219116,6
1028493,6
1066060,6
1070987,6
1087794,6
1014456,6
1261754,6
1102569,6
1209226,6
1264680,6
1106891,6
1175424,6
1268588,6
1045676,6
1005042,6
1158805,6
1227963,6
1289055,6
1131915,6
1150188,6
1138988,6
1182890,6
1126863,6
1186033,6
1205052,6
1078173,6
1069484,6
1240214,6
1187562,6
1201689,6
1137862,6
1220692,6
1276482,6
1301732,6
1091758,6
1068045,6
1126159,6
1214086,6
1092261,6
1265895,6
1325251,6
1276981,6
1004493,6
1234327,6
1134150,6
1247113,6
1105337,6
1019262,6
1004951,6
1140230,6
1166090,6
1229713,6
1143415,6
1289625,6
1308069,6
1307817,6
1059020,6
1265962,6
1085679,6
1128070,6
1007802,6
1156968,6
1135009,6
1294881,6
1319945,6
1198972,6
1262125,6
1065514,6
1111175,6
1219400,6
1215585,6
1133801,6
1290147,6
1093006,6
1228610,6
1169246,6
1117146,6
1296863,6
1052017,6
1077427,6
1233927,6
1006113,6
1269083,6
1238689,6
1057695,6
1051224,6
1083460,6
1036724,6
1314824,6
1025065,6
1008237,6
1069201,6
1106823,6
1234179,6
1221620,6
1163561,6
1260850,6
1041749,6
1306504,6
1051629,6
1003115,6
1200324,6
1187992,6
1071088,6
1234490,6
1005278,6
1295859,6
1155651,6
1252318,6
1118121,6
1066725,6
1288724,6
1107783,6
1197617,6
1046414,6
1284317,6
1046305,6
1213304,6
1093108,6
1110594,6
1180277,6
1053847,6
1219853,6
1048118,6
1313663,6
1096123,6
1143154,6
1135189,6
1307274,6
1120305,6
1311749,6
1264199,6
1203957,6
1288775,6
1155529,6
1260003,6
1110179,6
1290655,6
1082488,6
1189298,6
1159071,6
1307959,6
1133830,6
1128954,6
1066168,6
1280249,6
1073037,6
1133100,6
1082691,6
1112445,6
1160992,6
1023021,6
1307476,6
1031206,6
1060845,6
1094157,6
1020836,6
1020194,6
1084814,6
1215520,6
1068743,6
1152530,6
1064572,6
1082790,6
1249540,6
1298986,6
1161400,6
1052006,6
1104192,6
1256908,6
1081272,6
1304997,6
1014108,6
1025533,6
1298162,6
1252923,6
1192998,6
1319598,6
1072363,6
1230018,6
1318973,6
1058981,6
1314410,6
1056875,6
1221066,6
1043140,6
1094162,6
1057001,6
1000725,6
1280598,6
1306631,6
1198507,6
1071894,6
1212963,6
1076025,6
1307735,6
1020788,6
1097258,6
1131690,6
1323650,6
1151177,6
1151520,6
1185065,6
1208288,6
1134695,6
1302476,6
1232160,6
1166254,6
1003744,6
1144062,6
1316655,6
1286112,6
1153584,6
1029901,6
1097971,6
1241112,6
1141603,6
1256575,6
1058154,6
1135516,6
1008852,6
1039719,6
1115753,6
1190870,6
1112996,6
1194948,6
1260813,6
1146473,6
1018917,6
1026435,6
1139673,6
1122074,6
1194136,6
1098673,6
1096894,6
1086538,6
1090537,6
1191044,6
1172002,6
1212035,6
1072819,6
1163788,6
1056007,6
1170251,6
1075806,6
1263986,6
1023284,6
1020424,6
1109224,6
1095933,6
1199425,6
1164077,6
1255744,6
1190572,6
1176584,6
1197272,6
1042870,6
1024028,6
1292912,6
1087665,6
1195067,6
1038792,6
1063456,6
1265252,6
1166465,6
1121589,6
1245447,6
1110295,6
1189110,6
1082613,6
1182937,6
1311261,6
1173797,6
1321289,6
1144982,6
1258277,6
1318480,6
1200976,6
1136976,6
1133447,6
1281521,6
1120822,6
1252669,6
1085473,6
1313787,6
1291902,6
1258157,6
1205811,6
1296883,6
1213028,6
1169396,6
1294831,6
1181782,6
1316647,6
1034145,6
1133064,6
1003077,6
1282862,6
1270920,6
1038973,6
1065598,6
1023684,6
1158871,6
1163974,6
1194470,6
1116616,6
1180520,6
1226175,6
1208496,6
1130542,6
1080978,6
1161251,6
1246922,6
1124161,6
1119892,6
1252019,6
1045529,6
1007149,6
1223325,6
1242556,6
1192328,6
1158472,6
1068291,6
1162399,6
1191367,6
1127238,6
1057210,6
1176560,6
1233142,6
1305324,6
1271182,6
1055697,6
1241415,6
1079695,6
1055967,6
1062021,6
1086597,6
1088852,6
1122774,6
1167277,6
1064841,6
1233949,6
1251043,6
1147106,6
1141030,6
1165934,6
1264235,6
1174127,6
1257601,6
1112022,6
1118519,6
1177565,6
1204552,6
1275346,6
1050037,6
1017076,6
1225476,6
1200946,6
1006071,6
1102173,6
1284864,6
1279410,6
1105375,6
1301762,6
1177209,6
1251425,6
1186285,6
1308844,6
1256517,6
1220874,6
1002628,6
1244796,6
1058861,6
1310515,6
1315345,6
1151061,6
1188496,6
1295268,6
1198387,6
1238021,6
1136464,6
1091723,6
1186748,6
1324008,6
1027859,6
1139889,6
1230434,6
1223089,6
1015461,6
1169972,6
1275850,6
1004042,6
1134970,6
1288135,6
1059315,6
1160223,6
1192867,6
1291081,6
1110869,6
1107248,6
1184392,6
1065134,6
1120601,6
1061729,6
1317416,6
1122911,6
1021248,6
1184568,6
1116066,6
1129161,6
1135560,6
1291084,6
1313852,6
1173248,6
1306600,6
1241804,6
1251736,6
1130072,6
1142188,6
1104191,6
1080553,6
1304551,6
1323321,6
1180471,6
1261219,6
1024756,6
1138033,6
1253863,6
1041655,6
1267649,6
1061195,6
1168519,6
1262955,6
1288110,6
1248998,6
1241549,6
1169436,6
1108164,6
1032254,6
1270776,6
1267722,6
1082368,6
1094802,6
1036463,6
1320356,6
1205970,6
1105226,6
1164178,6
1075024,6
1233006,6
1094270,6
1012950,6
1037599,6
1220264,6
1282513,6
1214711,6
1043689,6
1102344,6
1138711,6
1219624,6
1176210,6
1054989,6
1028562,6
1298451,6
1138256,6
1264996,6
1238496,6
1086628,6
1037326,6
1051432,6
1237886,6
1181207,6
1262253,6
1161606,6
1310271,6
1264220,6
1250620,6
1060892,6
1204350,6
1157961,6
1061730,6
1235064,6
1083869,6
1082196,6
1292239,6
1240218,6
1138635,6
1130227,6
1048978,6
1196033,6
1023631,6
1119149,6
1169328,6
1175382,6
1210675,6
1136223,6
1309372,6
1132406,6
1113454,6
1070607,6
1171916,6
1228780,6
1294893,6
1138712,6
1115203,6
1224795,6
1267923,6
1151458,6
1270152,6
1308673,6
1296481,6
1001507,6
1167991,6
1314820,6
1015486,6
1220418,6
1268681,6
1007874,6
1196280,6
1161770,6
1046686,6
1059045,6
1060224,6
1064202,6
1106256,6
1236256,6
1245259,6
1242366,6
1026079,6
1311020,6
1120611,6
1030252,6
1207122,6
1141639,6
1053972,6
1216096,6
1244578,6
1011196,6
1244755,6
1144850,6
1300936,6
1061264,6
1276161,6
1061981,6
1265707,6
1313423,6
1035475,6
1173653,6
1279860,6
1085134,6
1092572,6
1122240,6
1133854,6
1196760,6
1194758,6
1242062,6
1133932,6
1094757,6
1228791,6
1213624,6
1020012,6
1265330,6
1053764,6
1132288,6
1307794,6
1064404,6
1307528,6
1069727,6
1188440,6
1248885,6
1147168,6
1288426,6
1200879,6
1053883,6
1007221,6
1236163,6
1117693,6
1127966,6
1064151,6
1097850,6
1262897,6
1195730,6
1103510,6
1316432,6
1162762,6
1070296,6
1031310,6
1264209,6
1092505,6
1001581,6
1021358,6
1221290,6
1152004,6
1085727,6
1300302,6
1014563,6
1207613,6
1117094,6
1035279,6
1015177,6
1316362,6
1093636,6
1078137,6
1014647,6
1112260,6
1153865,6
1296965,6
1225989,6
1293133,6
1021030,6
1287819,6
1140327,6
1067765,6
1296364,6
1026601,6
1318721,6
1173476,6
1264180,6
1011600,6
1289951,6
1221120,6
1295476,6
1117435,6
1304666,6
1076624,6
1200047,6
1121676,6
1180970,6
1161711,6
1146126,6
1069832,6
1087785,6
1124935,6
1145843,6
1242998,6
1068801,6
1096049,6
1199836,6
1013793,6
1208324,6
1226861,6
1147305,6
1135168,6
1142079,6
1285565,6
1154205,6
1224400,6
1171361,6
1057752,6
1163636,6
1215042,6
1004376,6
1166098,6
1082872,6
1130309,6
1226330,6
1238467,6
1170144,6
1085585,6
1047226,6
1088191,6
1267291,6
1170970,6
1075733,6
1041694,6
1190357,6
1118475,6
1302447,6
1184051,6
1170688,6
1018012,6
1055230,6
1160263,6
1243946,6
1014411,6
1172199,6
1243523,6
1196435,6
1024153,6
1120769,6
1026349,6
1182784,6
1164193,6
1065271,6
1211171,6
1041229,6
1060234,6
1306393,6
1029063,6
1275559,6
1240705,6
1122899,6
1314755,6
1156779,6
1033731,6
1231401,6
1147403,6
1261901,6
1219195,6
1089457,6
1090028,6
1149838,6
1221157,6
1053335,6
1169432,6
1173893,6
1250968,6
1075606,6
1250848,6
1129900,6
1178191,6
1086273,6
1159100,6
1317046,6
1320553,6
1086058,6
1257067,6
1059429,6
1307418,6
1016688,6
1247360,6
1127232,6
1197969,6
1011564,6
1168714,6
1139623,6
1201588,6
1093807,6
1109588,6
1065901,6
1215245,6
1099407,6
1179611,6
1047705,6
1220425,6
1168690,6
1148147,6
1170196,6
1288112,6
1046634,6
1202680,6
1324313,6
1067255,6
1278112,6
1025713,6
1036235,6
1210673,6
1115625,6
1087534,6
1163582,6
1170696,6
1266798,6
1117727,6
1119738,6
1280347,6
1254006,6
1101780,6
1104334,6
1313617,6
1171903,6
1270346,6
1077954,6
1161030,6
1059695,6
1263290,6
1206932,6
1239006,6
1241682,6
1138185,6
1017260,6
1078464,6
1116463,6
1157626,6
1267324,6
1055288,6
1006122,6
1261660,6
1051911,6
1293363,6
1078111,6
1309853,6
1142862,6
1199042,6
1303384,6
1022504,6
1162118,6
1253699,6
1178827,6
1272264,6
1118131,6
1261705,6
1057022,6
1311339,6
1008984,6
1319839,6
1218810,6
1188023,6
1272758,6
1172265,6
1223193,6
1159687,6
1247910,6
1274166,6
1245796,6
1265028,6
1000544,6
1014171,6
1287503,6
1322142,6
1052150,6
1139311,6
1240334,6
1053528,6
1017714,6
1062365,6
1228040,6
1298338,6
1134694,6
1028728,6
1230845,6
1272805,6
1211467,6
1007672,6
1123350,6
1174131,6
1204174,6
1074427,6
1066052,6
1182616,6
1185664,6
1079146,6
1175950,6
1063436,6
1236380,6
1147596,6
1051662,6
1247415,6
1174234,6
1014294,6
1079402,6
1300257,6
1100842,6
1245404,6
1222993,6
1154430,6
1276360,6
1295200,6
1133339,6
1074967,6
1220659,6
1254405,6
1007385,6
1091424,6
1162783,6
1074930,6
1083889,6
1215006,6
1029442,6
1158339,6
1317346,6
1182727,6
1281312,6
1249509,6
1051530,6
1188484,6
1155885,6
1020057,6
1325567,6
1108110,6
1266452,6
1102198,6
1245700,6
1209615,6
1156182,6
1280627,6
1051924,6
1028120,6
1004096,6
1120848,6
1032410,6
1323600,6
1238672,6
1057993,6
1217934,6
1287493,6
1180908,6
1308178,6
1056460,6
1215612,6
1094178,6
1005173,6
1138266,6
1242277,6
1121559,6
1084533,6
1145470,6
1013390,6
1079816,6
1010609,6
1266095,6
1104847,6
1315862,6
1172332,6
1226222,6
1146291,6
1231147,6
1298131,6
1245306,6
1194340,6
1312567,6
1290221,6
1027416,6
1155605,6
1099286,6
1267798,6
1011234,6
1114708,6
1196982,6
1069307,6
1228287,6
1323219,6
1285049,6
1041029,6
1165887,6
1012618,6
1044137,6
1299269,6
1209569,6
1320821,6
1056274,6
1129474,6
1131585,6
1274528,6
1128878,6
1161455,6
1016413,6
1190914,6
1277356,6
1088904,6
1148233,6
1169930,6
1043973,6
1288872,6
1113127,6
1001185,6
1280845,6
1043607,6
1258178,6
1070046,6
1308294,6
1176972,6
1222563,6
1211560,6
1093524,6
1137508,6
1106892,6
1186830,6
1166735,6
1189080,6
1108925,6
1196785,6
1197470,6
1121324,6
1049648,6
1307032,6
1244419,6
1193214,6
1159886,6
1094634,6
1169978,6
1318565,6
1026504,6
1262397,6
1070508,6
1209007,6
1263545,6
1093269,6
1302686,6
1275066,6
1210971,6
1177873,6
1102878,6
1238637,6
1253552,6
1282163,6
1117128,6
1145570,6
1115351,6
1077855,6
1069997,6
1104835,6
1151642,6
1177893,6
1177735,6
1155042,6
1016768,6
1258164,6
1015392,6
1301685,6
1088567,6
1282626,6
1250290,6
1130400,6
1160555,6
1172773,6
1006791,6
1154022,6
1209187,6
1016128,6
1058093,6
1319886,6
1282492,6
1272043,6
1156078,6
1162135,6
1237048,6
1090523,6
1296992,6
1010214,6
1175335,6
1318644,6
1205958,6
1096392,6
1216916,6
1157388,6
1201358,6
1218489,6
1043514,6
1166356,6
1196308,6
1280001,6
1322529,6
1207153,6
1215270,6
1168549,6
1257142,6
1325108,6
1000821,6
1028746,6
1138356,6
1114570,6
1164422,6
1170463,6
1246690,6
1123283,6
1209659,6
1219989,6
1061456,6
1085523,6
1155240,6
1317322,6
1095186,6
1005759,6
1310191,6
1288031,6
1125918,6
1273399,6
1001703,6
1176285,6
1193770,6
1109148,6
1167077,6
1017789,6
1087533,6
1308640,6
1247651,6
1040384,6
1082565,6
1216365,6
1017561,6
1076222,6
1105915,6
1298859,6
1005498,6
1316100,6
1273176,6
1157742,6
1238301,6
1049867,6
1311353,6
1089770,6
1317799,6
1324261,6
1143324,6
1045217,6
1322564,6
1022949,6
1298110,6
1080858,6
1200347,6
1003964,6
1149885,6
1192691,6
1036376,6
1089156,6
1052389,6
1078626,6
1284464,6
1063162,6
1014838,6
1307050,6
1222008,6
1085441,6
1294933,6
1159285,6
1198040,6
1238734,6
1161637,6
1153907,6
1049677,6
1020584,6
1052531,6
1183793,6
1269279,6
1058602,6
1006518,6
1220491,6
1003781,6
1242767,6
1209727,6
1101142,6
1247769,6
1115976,6
1180600,6
1140480,6
1267683,6
1155977,6
1304281,6
1071850,6
1180124,6
1191184,6
1323081,6
1223822,6
1122582,6
1212252,6
1317213,6
1017735,6
1099217,6
1089570,6
1083681,6
1221547,6
1068981,6
1064472,6
1082891,6
1316990,6
1276061,6
1037779,6
1196277,6
1061783,6
1229488,6
1040741,6
1316205,6
1260960,6
1194011,6
1071278,6
1188702,6
1257630,6
1276910,6
1139442,6
1168942,6
1139552,6
1234250,6
1277919,6
1022708,6
1302822,6
1002419,6
1091986,6
1137266,6
1108462,6
1020005,6
1007454,6
1234135,6
1227966,6
1102013,6
1090983,6
1229598,6
1171960,6
1195444,6
1200657,6
1134237,6
1296433,6
1132915,6
1182025,6
1134909,6
1099724,6
1132781,6
1187542,6
1072671,6
1169452,6
1253998,6
1049500,6
1118285,6
1215918,6
1306944,6
1295098,6
1091825,6
1314619,6
1176779,6
1009268,6
1068103,6
1061311,6
1160388,6
1278554,6
1245887,6
1244876,6
1054364,6
1105979,6
1113138,6
1038358,6
1103461,6
1055978,6
1030333,6
1294322,6
1008897,6
1002440,6
1258185,6
1256051,6
1107199,6
1046703,6
1121456,6
1245248,6
1254667,6
1024763,6
1198520,6
1293564,6
1107832,6
1239669,6
1312225,6
1120774,6
1194874,6
1269525,6
1089270,6
1250539,6
1196931,6
1042778,6
1199708,6
1121354,6
1243838,6
1062182,6
1081809,6
1098007,6
1241392,6
1000421,6
1154056,6
1157910,6
1258119,6
1324174,6
1304028,6
1302951,6
1319383,6
1015013,6
1005130,6
1160098,6
1066892,6
1216461,6
1136762,6
1107870,6
1323215,6
1137096,6
1192369,6
1225542,6
1202142,6
1142127,6
1320007,6
1090797,6
1119068,6
1112179,6
1267838,6
1135512,6
1206905,6
1240424,6
1043319,6
1317457,6
1088335,6
1125555,6
1000939,6
1264379,6
1264493,6
1201752,6
1242665,6
1268135,6
1130525,6
1281148,6
1096471,6
1241579,6
1112908,6
1045005,6
1041401,6
1074734,6
1034663,6
1145468,6
1169941,6
1201268,6
1124574,6
1214799,6
1192689,6
1229609,6
1319951,6
1098981,6
1045628,6
1237664,6
1037188,6
1305017,6
1143955,6
1062097,6
1308244,6
1106721,6
1312345,6
1080926,6
1137154,6
1227882,6
1243297,6
1192442,6
1316491,6
1317739,6
1143493,6
1223212,6
1208112,6
1046803,6
1021240,6
1312449,6
1128045,6
1082311,6
1237788,6
1310386,6
1154120,6
1143783,6
1204272,6
1151623,6
1285179,6
1012981,6
1210940,6
1052149,6
1275455,6
1325560,6
1285438,6
1318498,6
1155665,6
1236042,6
1096799,6
1286561,6
1287343,6
1130824,6
1259044,6
1032059,6
1107101,6
1003400,6
1011992,6
1083637,6
1027078,6
1207588,6
1180128,6
1085545,6
1186750,6
1251673,6
1089311,6
1198930,6
1007039,6
1012848,6
1044955,6
1173537,6
1094975,6
1036934,6
1295600,6
1091450,6
1234442,6
1218075,6
1303464,6
1299540,6
1257358,6
1039962,6
1143674,6
1084023,6
1127726,6
1126541,6
1156034,6
1296814,6
1274276,6
1254072,6
1241483,6
1195217,6
1036819,6
1310791,6
1092998,6
1197927,6
1043583,6
1233389,6
1197714,6
1160878,6
1034360,6
1275807,6
1072213,6
1187873,6
1285894,6
1045768,6
1071653,6
1043953,6
1109272,6
1303343,6
1130084,6
1302516,6
1240828,6
1012274,6
1191755,6
1122103,6
1117848,6
1178699,6
1313629,6
1215029,6
1066513,6
1221902,6
1241758,6
1318015,6
1263868,6
1017428,6
1070842,6
1016313,6
1145638,6
1014646,6
1090773,6
1048399,6
1035708,6
1136630,6
1005774,6
1092971,6
1293431,6
1124908,6
1241446,6
1236601,6
1267462,6
1096819,6
1130954,6
1295058,6
1280494,6
1195263,6
1244162,6
1167804,6
1104259,6
1037590,6
1114077,6
1014936,6
1190901,6
1143348,6
1191504,6
1002500,6
1045371,6
1092563,6
1221636,6
1286154,6
1120484,6
1086962,6
1290028,6
1199723,6
1239428,6
1259377,6
1060069,6
1137721,6
1316956,6
1133467,6
1310773,6
1163570,6
1206480,6
1249475,6
1199025,6
1282313,6
1054429,6
1239808,6
1019184,6
1161526,6
1311326,6
1021047,6
1002622,6
1253752,6
1030488,6
1011451,6
1007407,6
1232594,6
1060258,6
1061095,6
1173137,6
1022249,6
1210297,6
1292504,6
1208057,6
1162550,6
1238846,6
1161518,6
1043787,6
1138126,6
1114591,6
1184557,6
1127172,6
1022392,6
1147280,6
1151783,6
1085421,6
1303867,6
1315942,6
1058021,6
1039684,6
1284665,6
1147485,6
1015557,6
1006702,6
1144852,6
1314037,6
1242544,6
1133593,6
1254071,6
1183066,6
1025265,6
1150302,6
1284009,6
1106155,6
1258220,6
1212416,6
1026891,6
1170954,6
1027639,6
1240364,6
1022031,6
1062760,6
1113889,6
1280652,6
1132296,6
1022891,6
1179038,6
1105312,6
1308141,6
1161733,6
1319712,6
1021715,6
1212148,6
1016827,6
1014095,6
1073526,6
1148029,6
1117579,6
1182085,6
1313574,6
1067490,6
1174284,6
1058529,6
1194474,6
1246807,6
1094391,6
1108569,6
1154101,6
1276401,6
1243620,6
1085389,6
1257334,6
1227507,6
1038453,6
1210754,6
1080500,6
1002752,6
1218127,6
1211151,6
1121287,6
1216767,6
1006785,6
1129385,6
1174189,6
1227858,6
1232016,6
1046328,6
1092134,6
1081183,6
1250873,6
1303377,6
1111758,6
1306425,6
1032779,6
1282139,6
1251617,6
1043007,6
1322171,6
1301531,6
1321778,6
1137887,6
1082105,6
1241596,6
1103975,6
1030152,6
1073684,6
1066952,6
1267587,6
1149046,6
1170546,6
1119033,6
1137524,6
1271304,6
1280582,6
1204399,6
1174913,6
1244779,6
1254464,6
1034843,6
1213308,6
1085768,6
1317145,6
1139071,6
1005583,6
1004855,6
1202914,6
1136652,6
1217539,6
1076558,6
1146533,6
1231816,6
1096495,6
1307413,6
1117524,6
1287229,6
1317678,6
1284591,6
1263554,6
1014356,6
1030098,6
1084516,6
1285573,6
1102220,6
1077594,6
1316522,6
1325540,6
1203437,6
1138143,6
1207326,6
1036969,6
1113654,6
1092263,6
1220029,6
1158573,6
1093744,6
1058072,6
1270069,6
1192786,6
1137489,6
1060669,6
1324547,6
1057164,6
1301146,6
1157492,6
1142006,6
1047866,6
1268289,6
1150229,6
1080663,6
1175592,6
1086270,6
1312352,6
1134984,6
1119153,6
1279144,6
1143793,6
1002548,6
1102848,6
1015781,6
1246375,6
1118015,6
1190943,6
1100175,6
1301150,6
1037786,6
1057873,6
1287149,6
1157637,6
1249058,6
1180265,6
1233815,6
1193298,6
1052340,6
1276101,6
1238215,6
1244365,6
1071949,6
1025758,6
1014357,6
1216312,6
1006710,6
1108339,6
1319539,6
1172956,6
1110814,6
1013380,6
1201785,6
1023534,6
1181143,6
1119762,6
1052217,6
1013523,6
1100152,6
1305276,6
1312426,6
1292402,6
1095130,6
1103707,6
1291960,6
1149312,6
1039641,6
1228038,6
1101201,6
1213103,6
1057229,6
1080809,6
1250206,6
1107962,6
1252695,6
1058570,6
1258688,6
1231982,6
1215997,6
1074451,6
1016618,6
1087161,6
1145647,6
1313096,6
1149549,6
1156522,6
1234821,6
1127242,6
1029106,6
1180767,6
1255422,6
1321834,6
1293097,6
1311449,6
1006777,6
1034075,6
1290828,6
1002434,6
1236530,6
1188231,6
1069574,6
1154140,6
1023247,6
1163294,6
1084842,6
1024370,6
1036246,6
1252730,6
1135186,6
1095428,6
1191012,6
1034053,6
1159054,6
1302755,6
1029569,6
1009599,6
1235323,6
1001939,6
1250925,6
1091743,6
1119903,6
1008241,6
1124243,6
1019249,6
1244774,6
1298492,6
1066914,6
1311248,6
1086002,6
1099662,6
1030897,6
1170709,6
1190204,6
1321585,6
1224984,6
1253610,6
1057781,6
1035526,6
1113303,6
1203634,6
1260819,6
1128510,6
1247404,6
1232225,6
1293108,6
1178471,6
1163392,6
1203418,6
1103732,6
1162082,6
1309430,6
1054846,6
1303928,6
1044378,6
1123893,6
1078801,6
1323546,6
1111094,6
1014351,6
1303022,6
1233467,6
1073308,6
1121656,6
1000420,6
1010966,6
1278224,6
1014017,6
1099680,6
1238275,6
1018252,6
1187809,6
1247020,6
1064671,6
1058505,6
1247294,6
1252920,6
1099356,6
1279654,6
1081655,6
1165868,6
1323963,6
1120682,6
1324862,6
1167087,6
1053460,6
1135591,6
1274458,6
1158242,6
1313227,6
1036099,6
1270816,6
1122266,6
1054838,6
1104509,6
1247338,6
1036297,6
1251348,6
1171537,6
1158932,6
1143757,6
1196068,6
1220200,6
1147091,6
1158274,6
1064216,6
1007461,6
1051778,6
1254427,6
1053890,6
1096417,6
1016946,6
1322896,6
1227564,6
1066454,6
1312830,6
1225779,6
1012346,6
1231936,6
1037556,6
1024957,6
1074679,6
1235614,6
1074430,6
1289782,6
1292959,6
1056987,6
1098229,6
1152906,6
1247547,6
1206573,6
1186307,6
1087377,6
1156479,6
1181465,6
1244213,6
1278418,6
1048267,6
1310388,6
1084907,6
1186474,6
1234876,6
1284389,6
1123906,6
1318383,6
1091135,6
1230335,6
1153837,6
1270318,6
1282817,6
1173368,6
1114326,6
1016616,6
1251694,6
1091382,6
1143410,6
1183379,6
1039251,6
1195655,6
1127590,6
1001532,6
1043582,6
1233125,6
1267943,6
1090069,6
1265927,6
1258108,6
1160122,6
1271469,6
1005845,6
1251078,6
1164152,6
1032837,6
1070145,6
1132728,6
1044505,6
1141966,6
1310473,6
1301060,6
1223348,6
1271078,6
1169987,6
1287383,6
1014810,6
1234767,6
1119710,6
1147267,6
1132230,6
1165551,6
1235053,6
1027356,6
1287995,6
1214725,6
1238416,6
1080695,6
1141588,6
1302656,6
1221221,6
1227980,6
1087601,6
1166758,6
1104521,6
1116512,6
1066829,6
1069950,6
1145625,6
1166830,6
1209172,6
1054448,6
1153799,6
1276895,6
1220907,6
1275681,6
1216942,6
1032774,6
1200115,6
1106785,6
1110746,6
1248089,6
1280633,6
1213807,6
1103849,6
1204769,6
1117734,6
1220702,6
1003373,6
1258476,6
1024838,6
1083135,6
1235490,6
1222742,6
1006818,6
1064355,6
1289295,6
1080664,6
1242310,6
1306900,6
1255709,6
1200043,6
1165826,6
1248275,6
1001735,6
1015859,6
1135617,6
1031975,6
1112830,6
1285330,6
1313078,6
1084987,6
1002680,6
1228306,6
1157720,6
1208383,6
1150074,6
1016041,6
1236848,6
1080145,6
1253834,6
1250273,6
1289769,6
1245703,6
1072379,6
1286887,6
1196761,6
1230969,6
1134718,6
1261811,6
1209846,6
1190197,6
1154019,6
1179277,6
1270419,6
1285801,6
1287945,6
1122098,6
1128976,6
1043012,6
1160294,6
1230964,6
1246331,6
1122988,6
1245169,6
1308068,6
1123034,6
1156553,6
1040050,6
1091887,6
1306083,6
1317558,6
1085422,6
1239156,6
1238690,6
1147484,6
1316379,6
1270085,6
1198510,6
1180274,6
1249052,6
1012216,6
1297758,6
1020491,6
1222589,6
1053161,6
1067050,6
1210849,6
1300006,6
1190193,6
1075804,6
1078480,6
1236254,6
1243243,6
1176308,6
1081631,6
1030709,6
1072599,6
1222328,6
1305968,6
1291126,6
1088433,6
1255086,6
1037224,6
1010243,6
1097756,6
1027465,6
1068550,6
1209667,6
1088858,6
1183770,6
1209363,6
1072013,6
1074217,6
1289581,6
1140824,6
1128433,6
1275742,6
1089063,6
1320335,6
1087335,6
1058983,6
1090907,6
1122265,6
1242244,6
1133523,6
1175728,6
1128531,6
1023969,6
1301638,6
1139393,6
1242584,6
1145465,6
1227175,6
1200550,6
1215514,6
1059841,6
1171736,6
1138812,6
1013815,6
1233580,6
1188775,6
1226662,6
1005078,6
1129334,6
1162838,6
1145036,6
1213022,6
1200354,6
1134540,6
1184167,6
1153566,6
1277828,6
1081023,6
1143522,6
1083750,6
1085169,6
1255742,6
1060063,6
1074600,6
1199120,6
1313854,6
1008687,6
1269386,6
1281732,6
1156783,6
1114812,6
1030241,6
1231533,6
1281666,6
1176759,6
1191845,6
1071874,6
1176778,6
1142565,6
1182186,6
1274893,6
1280931,6
1232753,6
1265238,6
1124780,6
1025015,6
1030275,6
1045822,6
1017764,6
1000063,6
1273733,6
1281735,6
1318026,6
1277465,6
1323307,6
1143994,6
1035642,6
1162605,6
1126908,6
1299108,6
1177874,6
1040927,6
1285134,6
1316949,6
1259511,6
1197120,6
1290464,6
1138075,6
1305943,6
1309574,6
1202865,6
1230197,6
1090327,6
1038596,6
1160707,6
1031580,6
1097773,6
1242052,6
1022686,6
1297867,6
1321741,6
1194912,6
1135798,6
1258086,6
1175789,6
1107537,6
1099585,6
1260887,6
1277558,6
1314067,6
1144435,6
1120284,6
1248099,6
1200337,6
1162501,6
1140038,6
1092841,6
1042972,6
1189000,6
1204481,6
1027983,6
1015325,6
1105749,6
1222004,6
1286498,6
1158591,6
1047659,6
1194058,6
1257214,6
1057633,6
1272566,6
1102075,6
1011378,6
1145023,6
1121799,6
1310227,6
1271912,6
1181717,6
1242051,6
1013698,6
1160359,6
1019759,6
1017877,6
1086110,6
1006386,6
1066227,6
1150228,6
1233056,6
1067870,6
1022450,6
1009328,6
1039614,6
1193975,6
1046858,6
1047252,6
1130762,6
1003988,6
1251835,6
1074163,6
1072028,6
1279856,6
1021491,6
1082862,6
1221035,6
1165896,6
1318512,6
1195213,6
1000120,6
1165263,6
1201679,6
1264742,6
1121009,6
1002152,6
1192874,6
1123466,6
1005781,6
1213731,6
1227874,6
1120240,6
1082836,6
1085447,6
1290490,6
1051057,6
1247133,6
1193362,6
1287117,6
1217434,6
1160531,6
1182735,6
1060304,6
1300497,6
1035654,6
1242857,6
1181822,6
1323341,6
1013125,6
1195683,6
1183176,6
1002406,6
1234502,6
1131399,6
1319276,6
1214134,6
1187810,6
1166289,6
1266639,6
1004709,6
1283583,6
1286256,6
1237187,6
1183635,6
1085970,6
1141908,6
1312643,6
1320639,6
1182135,6
1024202,6
1045337,6
1028742,6
1072922,6
1244054,6
1006188,6
1281685,6
1257634,6
1198521,6
1166028,6
1319414,6
1311738,6
1124929,6
1325047,6
1235758,6
1120597,6
1310582,6
1050741,6
1028758,6
1137051,6
1282381,6
1094279,6
1301050,6
1314747,6
1232565,6
1165693,6
1122196,6
1323186,6
1106650,6
1157560,6
1171845,6
1223797,6
1140520,6
1324702,6
1261074,6
1270779,6
1099194,6
1322837,6
1248079,6
1051035,6
1072238,6
1271700,6
1302387,6
1079738,6
1174125,6
1038183,6
1324185,6
1012394,6
1101590,6
1006784,6
1048255,6
1306965,6
1324412,6
1234553,6
1085279,6
1006205,6
1030457,6
1028755,6
1190713,6
1244051,6
1188545,6
1185633,6
1056487,6
1236318,6
1018782,6
1291897,6
1226059,6
1068383,6
1311846,6
1094775,6
1167729,6
1016843,6
1268593,6
1038151,6
1086060,6
1021495,6
1166293,6
1151806,6
1163543,6
1038100,6
1191091,6
1109575,6
1293837,6
1228961,6
1201632,6
1235579,6
1310647,6
1188857,6
1053673,6
1020254,6
1310319,6
1206895,6
1200905,6
1227519,6
1010411,6
1212523,6
1017639,6
1020831,6
1172566,6
1140739,6
1064262,6
1104704,6
1208217,6
1215756,6
1144877,6
1134685,6
1310042,6
1267426,6
1086858,6
1172210,6
1179869,6
1071249,6
1020698,6
1238273,6
1095319,6
1304043,6
1097423,6
1292658,6
1085751,6
1159088,6
1195533,6
1115835,6
1142864,6
1301925,6
1153952,6
1261047,6
1214163,6
1133423,6
1083134,6
1202697,6
1065740,6
1303379,6
1072036,6
1156943,6
1154123,6
1060471,6
1072227,6
1284662,6
1142775,6
1031866,6
1001067,6
1161360,6
1014378,6
1099454,6
1261733,6
1261712,6
1315405,6
1163993,6
1058748,6
1052705,6
1249065,6
1263082,6
1035206,6
1207202,6
1124217,6
1145398,6
1081598,6
1033461,6
1129197,6
1182999,6
1114882,6
1313968,6
1232440,6
1038745,6
1182394,6
1218600,6
1198672,6
1113141,6
1126685,6
1303308,6
1122968,6
1084666,6
1249500,6
1118862,6
1154899,6
1044452,6
1198110,6
1246604,6
1248723,6
1036729,6
1065830,6
1225792,6
1209758,6
1324944,6
1077064,6
1310101,6
1237006,6
1269632,6
1226284,6
1321501,6
1220097,6
1001058,6
1252374,6
1213563,6
1016026,6
1117837,6
1063666,6
1203322,6
1170087,6
1284960,6
1010103,6
1085416,6
1315005,6
1092577,6
1015654,6
1048675,6
1005427,6
1087443,6
1140640,6
1087825,6
1065956,6
1111621,6
1303028,6
1099202,6
1063807,6
1025990,6
1291228,6
1203983,6
1289183,6
1059355,6
1240246,6
1228742,6
1270123,6
1003814,6
1293199,6
1225179,6
1320411,6
1141733,6
1116364,6
1218640,6
1113260,6
1187720,6
1218432,6
1244038,6
1270035,6
1298974,6
1148619,6
1140338,6
1085787,6
1265853,6
1200600,6
1026816,6
1025516,6
1070673,6
1129923,6
1005587,6
1098247,6
1073849,6
1079240,6
1286465,6
1318780,6
1200795,6
1032685,6
1017897,6
1242952,6
1235555,6
1014653,6
1298245,6
1267281,6
1063128,6
1006382,6
1040509,6
1261223,6
1054267,6
1027273,6
1029727,6
1212811,6
1014840,6
1291743,6
1076723,6
1299961,6
1060816,6
1107294,6
1209800,6
1058209,6
1295284,6
1319917,6
1093780,6
1006092,6
1141710,6
1172579,6
1067742,6
1269678,6
1317613,6
1258806,6
1092993,6
1286241,6
1007083,6
1300327,6
1154682,6
1082287,6
1020535,6
1191316,6
1087476,6
1323549,6
1316752,6
1076120,6
1051650,6
1080206,6
1144698,6
1309608,6
1115194,6
1092063,6
1280636,6
1138607,6
1070162,6
1041555,6
1155578,6
1054968,6
1246086,6
1151682,6
1181446,6
1294557,6
1224102,6
1048631,6
1062341,6
1149544,6
1158450,6
1198433,6
1278230,6
1042119,6
1238397,6
1212177,6
1031197,6
1021287,6
1038021,6
1108136,6
1128762,6
1118536,6
1282654,6
1141425,6
1205472,6
1051205,6
1152327,6
1213839,6
1311813,6
1075854,6
1202629,6
1010145,6
1080602,6
1264956,6
1023449,6
1222875,6
1265141,6
1142294,6
1123871,6
1061009,6
1122221,6
1033490,6
1197094,6
1261127,6
1273661,6
1095363,6
1041245,6
1069169,6
1126313,6
1224436,6
1114962,6
1202157,6
1133215,6
1144805,6
1074193,6
1067045,6
1014848,6
1188421,6
1125515,6
1057054,6
1091562,6
1063063,6
1153943,6
1248617,6
1015130,6
1294873,6
1177616,6
1045622,6
1063530,6
1116623,6
1007333,6
1287401,6
1225043,6
1009798,6
1067372,6
1123568,6
1118460,6
1048779,6
1146271,6
1313152,6
1198400,6
1325274,6
1060606,6
1247891,6
1233820,6
1144337,6
1262536,6
1046834,6
1281304,6
1280626,6
1239160,6
1073176,6
1315382,6
1026701,6
1167625,6
1318793,6
1203600,6
1060538,6
1004110,6
1262301,6
1219162,6
1150269,6
1119260,6
1136354,6
1165052,6
1209884,6
1078509,6
1206150,6
1182409,6
1255652,6
1147344,6
1124441,6
1254926,6
1302515,6
1317798,6
1123651,6
1064540,6
1266942,6
1046505,6
1210972,6
1231265,6
1216468,6
1266491,6
1019653,6
1102257,6
1098576,6
1159605,6
1216863,6
1127956,6
1003919,6
1159934,6
1104273,6
1076126,6
1273900,6
1130628,6
1038897,6
1306815,6
1097140,6
1158353,6
1122343,6
1157434,6
1041954,6
1107379,6
1240890,6
1115125,6
1159620,6
1244295,6
1185122,6
1160114,6
1258415,6
1019194,6
1258753,6
1288019,6
1232966,6
1081576,6
1111965,6
1278826,6
1279294,6
1135846,6
1273313,6
1181490,6
1113196,6
1146110,6
1150636,6
1117312,6
1049861,6
1122333,6
1067292,6
1155308,6
1135601,6
1191019,6
1126570,6
1320305,6
1012307,6
1069391,6
1159464,6
1265817,6
1282222,6
1105282,6
1010568,6
1099553,6
1195216,6
1079670,6
1056356,6
1005240,6
1094954,6
1052805,6
1218649,6
1302000,6
1023782,6
1261359,6
1274628,6
1267041,6
1168689,6
1051744,6
1092765,6
1187008,6
1262570,6
1306005,6
1010485,6
1250086,6
1239357,6
1075374,6
1208456,6
1037597,6
1064737,6
1176171,6
1284237,6
1123834,6
1108734,6
1258641,6
1271283,6
1059995,6
1227725,6
1259591,6
1270596,6
1291998,6
1052750,6
1072340,6
1161989,6
1182483,6
1202722,6
1097524,6
1022294,6
1002305,6
1198888,6
1132175,6
1171982,6
1053618,6
1261075,6
1158214,6
1172055,6
1170595,6
1090905,6
1112037,6
1306522,6
1325459,6
1064146,6
1220605,6
1262614,6
1261601,6
1091916,6
1075232,6
1315319,6
1245428,6
1286193,6
1161223,6
1183029,6
1155604,6
1324161,6
1272962,6
1143427,6
1082175,6
1269849,6
1281755,6
1054090,6
1219921,6
1077168,6
1302795,6
1146607,6
1183359,6
1244249,6
1186981,6
1210276,6
1009300,6
1163713,6
1101371,6
1182924,6
1213640,6
1306208,6
1324214,6
1197090,6
1098445,6
1218051,6
1212798,6
1159836,6
1210788,6
1323846,6
1234031,6
1141187,6
1207918,6
1119532,6
1122385,6
1100307,6
1234674,6
1204534,6
1251367,6
1059243,6
1130093,6
1207612,6
1292185,6
1278129,6
1031477,6
1123844,6
1129572,6
1103063,6
1099235,6
1060054,6
1028278,6
1030061,6
1318996,6
1267669,6
1300116,6
1282973,6
1074748,6
1141159,6
1003938,6
1128007,6
1024908,6
1317417,6
1188816,6
1033271,6
1309559,6
1182523,6
1093308,6
1048646,6
1250142,6
1297338,6
1270255,6
1132430,6
1154049,6
1046805,6
1104849,6
1096205,6
1091643,6
1284867,6
1022296,6
1254455,6
1016124,6
1204681,6
1057827,6
1263105,6
1212725,6
1023658,6
1252745,6
1159559,6
1164314,6
1192423,6
1123480,6
1093104,6
1191409,6
1142961,6
1029624,6
1251794,6
1079418,6
1283016,6
1211695,6
1000800,6
1070368,6
1192715,6
1137749,6
1301198,6
1283938,6
1195707,6
1297354,6
1144470,6
1030008,6
1274679,6
1253466,6
1163449,6
1114446,6
1173370,6
1100542,6
1263767,6
1259237,6
1225183,6
1102395,6
1060117,6
1027868,6
1268736,6
1192899,6
1141451,6
1291274,6
1016059,6
1055364,6
1061235,6
1015541,6
1310984,6
1198204,6
1206142,6
1214505,6
1203932,6
1211244,6
1081300,6
1224951,6
1055962,6
1321534,6
1225873,6
1180619,6
1090295,6
1133102,6
1259405,6
1176712,6
1014627,6
1123776,6
1250565,6
1008249,6
1129374,6
1077741,6
1299809,6
1299307,6
1032497,6
1158394,6
1005817,6
1303711,6
1155514,6
1264062,6
1046482,6
1027803,6
1065973,6
1242454,6
1208717,6
1180961,6
1172721,6
1003676,6
1163342,6
1080767,6
1151246,6
1016935,6
1175471,6
1303487,6
1247422,6
1004500,6
1246483,6
1227088,6
1280437,6
1075053,6
1225134,6
1290411,6
1304220,6
1248934,6
1165572,6
1212081,6
1129513,6
1285214,6
1082934,6
1241070,6
1042733,6
1180551,6
1130405,6
1007729,6
1137355,6
1179621,6
1176707,6
1026541,6
1105296,6
1122705,6
1320238,6
1030321,6
1030137,6
1192407,6
1019897,6
1154099,6
1029577,6
1030748,6
1215768,6
1255308,6
1012898,6
1087305,6
1055314,6
1224003,6
1004550,6
1024984,6
1201495,6
1255524,6
1173897,6
1290897,6
1178034,6
1315673,6
1171854,6
1071920,6
1141073,6
1291854,6
1216759,6
1018345,6
1117230,6
1026622,6
1061823,6
1267760,6
1047294,6
1266751,6
1178081,6
1083627,6
1273375,6
1129145,6
1176576,6
1229231,6
1311514,6
1123565,6
1319400,6
1314058,6
1313693,6
1171078,6
1194377,6
1126511,6
1180981,6
1137183,6
1227810,6
1094171,6
1019855,6
1050575,6
1062605,6
1281918,6
1111748,6
1250858,6
1215696,6
1255214,6
1319794,6
1231545,6
1308502,6
1239945,6
1190231,6
1259737,6
1182214,6
1117415,6
1226594,6
1199501,6
1231338,6
1272543,6
1159457,6
1166704,6
1188404,6
1067122,6
1019555,6
1098077,6
1244380,6
1164833,6
1160175,6
1243844,6
1324026,6
1149334,6
1040994,6
1065102,6
1142258,6
1262583,6
1170842,6
1310900,6
1203179,6
1195770,6
1292454,6
1109277,6
1132835,6
1047279,6
1158254,6
1163678,6
1324832,6
1030073,6
1007518,6
1098812,6
1043532,6
1060003,6
1031409,6
1273827,6
1140218,6
1188100,6
1096349,6
1140513,6
1245281,6
1045233,6
1068553,6
1143542,6
1256325,6
1124890,6
1097904,6
1109030,6
1211427,6
1318730,6
1093303,6
1299657,6
1307841,6
1285110,6
1276259,6
1079223,6
1004032,6
1224521,6
1181523,6
1022068,6
1027726,6
1249275,6
1230800,6
1022996,6
1201223,6
1152288,6
1321186,6
1259121,6
1048735,6
1095952,6
1143798,6
1019639,6
1060934,6
1175482,6
1135111,6
1035574,6
1227797,6
1278280,6
1158550,6
1174649,6
1272380,6
1114126,6
1241318,6
1109437,6
1169982,6
1272404,6
1155481,6
1310823,6
1091646,6
1311433,6
1024150,6
1061396,6
1255460,6
1008489,6
1096950,6
1038898,6
1100721,6
1138395,6
1313176,6
1197948,6
1221284,6
1156233,6
1242474,6
1291467,6
1090671,6
1080709,6
1139164,6
1260661,6
1030294,6
1003366,6
1117030,6
1055872,6
1028453,6
1199358,6
1181604,6
1164194,6
1290709,6
1312856,6
1115885,6
1025309,6
1139044,6
1318109,6
1004888,6
1138345,6
1045969,6
1057457,6
1303883,6
1079539,6
1307917,6
1203018,6
1061494,6
1203936,6
1292566,6
1031385,6
1284201,6
1296393,6
1293317,6
1209287,6
1236628,6
1200968,6
1293727,6
1047827,6
1071282,6
1196171,6
1314977,6
1029108,6
1144931,6
1173843,6
1075370,6
1182763,6
1304982,6
1321692,6
1220604,6
1126654,6
1218053,6
1153908,6
1224974,6
1324640,6
1312379,6
1029057,6
1000917,6
1128117,6
1289773,6
1247823,6
1303564,6
1249586,6
1288424,6
1189614,6
1229962,6
1136037,6
1215632,6
1107701,6
1097091,6
1138390,6
1115786,6
1079500,6
1167276,6
1044931,6
1253474,6
1311378,6
1178508,6
1003680,6
1286846,6
1251791,6
1200197,6
1057490,6
1215701,6
1195187,6
1321570,6
1143883,6
1125128,6
1238049,6
1103995,6
1064715,6
1235028,6
1324645,6
1009239,6
1049899,6
1249462,6
1151619,6
1219535,6
1026059,6
1297988,6
1093593,6
1183636,6
1112009,6
1144939,6
1176298,6
1147195,6
1130993,6
1058318,6
1225718,6
1294359,6
1155455,6
1140952,6
1243591,6
1057488,6
1136028,6
1244730,6
1319770,6
1139554,6
1276984,6
1029896,6
1031835,6
1150734,6
1202047,6
1093555,6
1315736,6
1079309,6
1055351,6
1200855,6
1255601,6
1237636,6
1138987,6
1304775,6
1142105,6
1086256,6
1292112,6
1149386,6
1149918,6
1002582,6
1198273,6
1217066,6
1224397,6
1224164,6
1085006,6
1247229,6
1106434,6
1246390,6
1201417,6
1073833,6
1307584,6
1253865,6
1082313,6
1118374,6
1195545,6
1089501,6
1320454,6
1016685,6
1111321,6
1039189,6
1005454,6
1212680,6
1186176,6
1164388,6
1046034,6
1089260,6
1200560,6
1108295,6
1320289,6
1008581,6
1008126,6
1095254,6
1109353,6
1106228,6
1224256,6
1299109,6
1214397,6
1207648,6
1000068,6
1259720,6
1164313,6
1140809,6
1282540,6
1026144,6
1297554,6
1075970,6
1201402,6
1225089,6
1137018,6
1303078,6
1277548,6
1248279,6
1129469,6
1281351,6
1246271,6
1250201,6
1061285,6
1068438,6
1070959,6
1091201,6
1093168,6
1242748,6
1010424,6
1304348,6
1126059,6
1243159,6
1051850,6
1268404,6
1152644,6
1082471,6
1103348,6
1204521,6
1043372,6
1175676,6
1071334,6
1280284,6
1076770,6
1251324,6
1007274,6
1145082,6
1141892,6
1124900,6
1261879,6
1265140,6
1193259,6
1142936,6
1042158,6
1172494,6
1191344,6
1164564,6
1168982,6
1159569,6
1247795,6
1024266,6
1304543,6
1208878,6
1206177,6
1203134,6
1235861,6
1177221,6
1114705,6
1266218,6
1206524,6
1173775,6
1149969,6
1192292,6
1116270,6
1152805,6
1005455,6
1104498,6
1030552,6
1022604,6
1085951,6
1089381,6
1176292,6
1076077,6
1002428,6
1244377,6
1140454,6
1053303,6
1317378,6
1107530,6
1187450,6
1042089,6
1279678,6
1172825,6
1138537,6
1035183,6
1051759,6
1184996,6
1086506,6
1060199,6
1053696,6
1001748,6
1180966,6
1054233,6
1205873,6
1197401,6
1020040,6
1102960,6
1133867,6
1255031,6
1240650,6
1147325,6
1293387,6
1187243,6
1058334,6
1282705,6
1065660,6
1182294,6
1235675,6
1008474,6
1095082,6
1212868,6
1014822,6
1124864,6
1267050,6
1175654,6
1125406,6
1033759,6
1205541,6
1093672,6
1133821,6
1034372,6
1213854,6
1154292,6
1040515,6
1021080,6
1058411,6
1167542,6
1207055,6
1207693,6
1122218,6
1180087,6
1114507,6
1269456,6
1214676,6
1103788,6
1259565,6
1111260,6
1030794,6
1060310,6
1183310,6
1090808,6
1312189,6
1276124,6
1198949,6
1056970,6
1102612,6
1110602,6
1177031,6
1024692,6
1264981,6
1268334,6
1263080,6
1266673,6
1169409,6
1253402,6
1085656,6
1011995,6
1249521,6
1144229,6
1237344,6
1077579,6
1207329,6
1286423,6
1030319,6
1224063,6
1181464,6
1122524,6
1085884,6
1004643,6
1149303,6
1210528,6
1174385,6
1039767,6
1037970,6
1033539,6
1197389,6
1084567,6
1170129,6
1211587,6
1008389,6
1062169,6
1200276,6
1257709,6
1144172,6
1032014,6
1182582,6
1131377,6
1034338,6
1138032,6
1314872,6
1119811,6
1179310,6
1009666,6
1034403,6
1064588,6
1276203,6
1221088,6
1272451,6
1113001,6
1014181,6
1209564,6
1148703,6
1208902,6
1146793,6
1217614,6
1141164,6
1171275,6
1110399,6
1216044,6
1113418,6
1107405,6
1133070,6
1177980,6
1192001,6
1211989,6
1105817,6
1005310,6
1174723,6
1114657,6
1192221,6
1206017,6
1002125,6
1172549,6
1163099,6
1256509,6
1242117,6
1145292,6
1254730,6
1052023,6
1107856,6
1063831,6
1100458,6
1098142,6
1195173,6
1055589,6
1241520,6
1214047,6
1304314,6
1305117,6
1262007,6
1134720,6
1141944,6
1315334,6
1317179,6
1319981,6
1235220,6
1265827,6
1136294,6
1006859,6
1138253,6
1027535,6
1204641,6
1316344,6
1210235,6
1017126,6
1147930,6
1072253,6
1262911,6
1122600,6
1073796,6
1295590,6
1299732,6
1192865,6
1044537,6
1231290,6
1297805,6
1198858,6
1064514,6
1248227,6
1193086,6
1174479,6
1119899,6
1128083,6
1324826,6
1227325,6
1022055,6
1014270,6
1064054,6
1102699,6
1265831,6
1255669,6
1273604,6
1129579,6
1041255,6
1323058,6
1303602,6
1148469,6
1035491,6
1148458,6
1196497,6
1098840,6
1129547,6
1050812,6
1219378,6
1039316,6
1233225,6
1128761,6
1196340,6
1314406,6
1116863,6
1167042,6
1219673,6
1062413,6
1307251,6
1016905,6
1225091,6
1019868,6
1028168,6
1213122,6
1068477,6
1313424,6
1125569,6
1283537,6
1042832,6
1213251,6
1246080,6
1293338,6
1036967,6
1002393,6
1251803,6
1303827,6
1118061,6
1080498,6
1282412,6
1114005,6
1093254,6
1111942,6
1210180,6
1203004,6
1206287,6
1202006,6
1221506,6
1264196,6
1297932,6
1257913,6
1248894,6
1221906,6
1167153,6
1275746,6
1181839,6
1168042,6
1131240,6
1249423,6
1175628,6
1207684,6
1257174,6
1124924,6
1012282,6
1062403,6
1205736,6
1299271,6
1039766,6
1076482,6
1063952,6
1321325,6
1194407,6
1245099,6
1084505,6
1051877,6
1043161,6
1128297,6
1033582,6
1184211,6
1256075,6
1085720,6
1299367,6
1105726,6
1176302,6
1219055,6
1085505,6
1285532,6
1002863,6
1156077,6
1167338,6
1311547,6
1261115,6
1260292,6
1134204,6
1199821,6
1108205,6
1307063,6
1114875,6
1031547,6
1304364,6
1102601,6
1188140,6
1189433,6
1149163,6
1104927,6
1224896,6
1053370,6
1316484,6
1274195,6
1271362,6
1009936,6
1216797,6
1313229,6
1296225,6
1307310,6
1157927,6
1243578,6
1177526,6
1314492,6
1283781,6
1056262,6
1177953,6
1079834,6
1112467,6
1102559,6
1069766,6
1229949,6
1309933,6
1145701,6
1050214,6
1201869,6
1044190,6
1166578,6
1107089,6
1038652,6
1268395,6
1276213,6
1120452,6
1193143,6
1007855,6
1017536,6
1313543,6
1231011,6
1242622,6
1297490,6
1133533,6
1038258,6
1257850,6
1174728,6
1105304,6
1100531,6
1266573,6
1310317,6
1085657,6
1110908,6
1065954,6
1197154,6
1117817,6
1134230,6
1278084,6
1107624,6
1300796,6
1216473,6
1015403,6
1254419,6
1050136,6
1090252,6
1021622,6
1195040,6
1273643,6
1152073,6
1016873,6
1014074,6
1159544,6
1288869,6
1208702,6
1094309,6
1209145,6
1157342,6
1290123,6
1260172,6
1319889,6
1101927,6
1027162,6
1073190,6
1295280,6
1117781,6
1170909,6
1008454,6
1286506,6
1263577,6
1046896,6
1093503,6
1146819,6
1192936,6
1118185,6
1060730,6
1190865,6
1295647,6
1284782,6
1153814,6
1166912,6
1186375,6
1164855,6
1300886,6
1082773,6
1040416,6
1304737,6
1208110,6
1211756,6
1149277,6
1101567,6
1260900,6
1102686,6
1129121,6
1256782,6
1280988,6
1105379,6
1245937,6
1167363,6
1080076,6
1167382,6
1297804,6
1195000,6
1255449,6
1026596,6
1321959,6
1054954,6
1002896,6
1032600,6
1277731,6
1159791,6
1284788,6
1297717,6
1267233,6
1057657,6
1086319,6
1085181,6
1128100,6
1184549,6
1013220,6
1162987,6
1195665,6
1242664,6
1258979,6
1111670,6
1234892,6
1313267,6
1028079,6
1112496,6
1206370,6
1251406,6
1252757,6
1251749,6
1226463,6
1151964,6
1213199,6
1047341,6
1125993,6
1129302,6
1068484,6
1287108,6
1290246,6
1272705,6
1122454,6
1313094,6
1246797,6
1272443,6
1233713,6
1083897,6
1199760,6
1019365,6
1077962,6
1061637,6
1174915,6
1005438,6
1008084,6
1250156,6
1154649,6
1217126,6
1301322,6
1050086,6
1129607,6
1212321,6
1036183,6
1231452,6
1143671,6
1273044,6
1141468,6
1172330,6
1062151,6
1069700,6
1055554,6
1165233,6
1319647,6
1309843,6
1303206,6
1007602,6
1037159,6
1045471,6
1223653,6
1212632,6
1039412,6
1325180,6
1024773,6
1050456,6
1165754,6
1128760,6
1048403,6
1142343,6
1093919,6
1019605,6
1168349,6
1125429,6
1139961,6
1156209,6
1213727,6
1056328,6
1131895,6
1174931,6
1109488,6
1245142,6
1265585,6
1251330,6
1040222,6
1202970,6
1062914,6
1059373,6
1019252,6
1222607,6
1054488,6
1149109,6
1290526,6
1142819,6
1096723,6
1246377,6
1085365,6
1012923,6
1153060,6
1124414,6
1186745,6
1242459,6
1178633,6
1002234,6
1094168,6
1022826,6
1240578,6
1306475,6
1221136,6
1149814,6
1160699,6
1137089,6
1159224,6
1119197,6
1197904,6
1026928,6
1169610,6
1144517,6
1026181,6
1222010,6
1185682,6
1109247,6
1111186,6
1033358,6
1270640,6
1061604,6
1178098,6
1003509,6
1153383,6
1082247,6
1163874,6
1229092,6
1268651,6
1322193,6
1237928,6
1086025,6
1284477,6
1303117,6
1127595,6
1031589,6
1177035,6
1195498,6
1325552,6
1059885,6
1140904,6
1164513,6
1120257,6
1054268,6
1222026,6
1153810,6
1171598,6
1205003,6
1291422,6
1031927,6
1051556,6
1258450,6
1303859,6
1039539,6
1055075,6
1116722,6
1126327,6
1061607,6
1147100,6
1168208,6
1294173,6
1295498,6
1314301,6
1037922,6
1057172,6
1218109,6
1093743,6
1257372,6
1060466,6
1147380,6
1283416,6
1140848,6
1300917,6
1205047,6
1092071,6
1103833,6
1320130,6
1154453,6
1082343,6
1129665,6
1308852,6
1189167,6
1306099,6
1086861,6
1291886,6
1256764,6
1172321,6
1102624,6
1297871,6
1159673,6
1261782,6
1104350,6
1088748,6
1207086,6
1070880,6
1182128,6
1264915,6
1088597,6
1201616,6
1053012,6
1283688,6
1239970,6
1054186,6
1173670,6
1292442,6
1048463,6
1012460,6
1206402,6
1119168,6
1001425,6
1234733,6
1061695,6
1209760,6
1094180,6
1299035,6
1118326,6
1275404,6
1114830,6
1216406,6
1101135,6
1144718,6
1118559,6
1059256,6
1218030,6
1109554,6
1234525,6
1130362,6
1039636,6
1118879,6
1044629,6
1198658,6
1178496,6
1209472,6
1306789,6
1118509,6
1168852,6
1089798,6
1180510,6
1322333,6
1207635,6
1256133,6
1024137,6
1213513,6
1257637,6
1296033,6
1291377,6
1149394,6
1043491,6
1205882,6
1278880,6
1193111,6
1112155,6
1112131,6
1087721,6
1201888,6
1202739,6
1104997,6
1005484,6
1305347,6
1078643,6
1174616,6
1279721,6
1142662,6
1194425,6
1094280,6
1168168,6
1073783,6
1315055,6
1131999,6
1065010,6
1207419,6
1150572,6
1241719,6
1122542,6
1044809,6
1093113,6
1190225,6
1226419,6
1246917,6
1085898,6
1250800,6
1017434,6
1236525,6
1221489,6
1188563,6
1159884,6
1210471,6
1253191,6
1045064,6
1102200,6
1179559,6
1104337,6
1159136,6
1083818,6
1307641,6
1095335,6
1299968,6
1188305,6
1152780,6
1317585,6
1006707,6
1024057,6
1243967,6
1191678,6
1286640,6
1010229,6
1027146,6
1172182,6
1154368,6
1075672,6
1173268,6
1305793,6
1006685,6
1268619,6
1143523,6
1220552,6
1179435,6
1260788,6
1208287,6
1125377,6
1087646,6
1040773,6
1063179,6
1098268,6
1051523,6
1226534,6
1188940,6
1144056,6
1187924,6
1319358,6
1175326,6
1026007,6
1194080,6
1142279,6
1199949,6
1059051,6
1241786,6
1190195,6
1026298,6
1112079,6
1302558,6
1090505,6
1095799,6
1220696,6
1244239,6
1007945,6
1001809,6
1069564,6
1061143,6
1299349,6
1087907,6
1051510,6
1093028,6
1076741,6
1290613,6
1237302,6
1238424,6
1010086,6
1313800,6
1003314,6
1230624,6
1060871,6
1084184,6
1259509,6
1273753,6
1266555,6
1302495,6
1076760,6
1232493,6
1322158,6
1083334,6
1230265,6
1108809,6
1243653,6
1315410,6
1063392,6
1113762,6
1131842,6
1322474,6
1091029,6
1045704,6
1225870,6
1167995,6
1090534,6
1193650,6
1092104,6
1117468,6
1074019,6
1137415,6
1195259,6
1282605,6
1195032,6
1324709,6
1138221,6
1247589,6
1008934,6
1093725,6
1125968,6
1220184,6
1166756,6
1122789,6
1069916,6
1152671,6
1268548,6
1152813,6
1229621,6
1255036,6
1104435,6
1308154,6
1100014,6
1272646,6
1019655,6
1199234,6
1062972,6
1251486,6
1142649,6
1252506,6
1237731,6
1287090,6
1189831,6
1267972,6
1131387,6
1018605,6
1198678,6
1099130,6
1151435,6
1297218,6
1222437,6
1217243,6
1194008,6
1323000,6
1095814,6
1257609,6
1140226,6
1206380,6
1102918,6
1287085,6
1289763,6
1050602,6
1300380,6
1024924,6
1234979,6
1272927,6
1178569,6
1296379,6
1079455,6
1190126,6
1213146,6
1084637,6
1026968,6
1097540,6
1132885,6
1141540,6
1153306,6
1137975,6
1094822,6
1217937,6
1302581,6
1136852,6
1304789,6
1012426,6
1314929,6
1090097,6
1273128,6
1280089,6
1079300,6
1196638,6
1175836,6
1257089,6
1189220,6
1189435,6
1220268,6
1184414,6
1031051,6
1227030,6
1286194,6
1072338,6
1161028,6
1271310,6
1165281,6
1024753,6
1065315,6
1250025,6
1159530,6
1203789,6
1159248,6
1082791,6
1022659,6
1310827,6
1056066,6
1069940,6
1304140,6
1140019,6
1229467,6
1089638,6
1227394,6
1178359,6
1271256,6
1173712,6
1020589,6
1036365,6
1163475,6
1147155,6
1028369,6
1202062,6
1083342,6
1247254,6
1299658,6
1095431,6
1132394,6
1040588,6
1203640,6
1106336,6
1305042,6
1012759,6
1129147,6
1194950,6
1029313,6
1185608,6
1295172,6
1182439,6
1194827,6
1158473,6
1056691,6
1005804,6
1206954,6
1248767,6
1123043,6
1275643,6
1091189,6
1049260,6
1029156,6
1219858,6
1228524,6
1109560,6
1116412,6
1218342,6
1160573,6
1325312,6
1107057,6
1012232,6
1044234,6
1074853,6
1113558,6
1293516,6
1291997,6
1090719,6
1322294,6
1261567,6
1228154,6
1220188,6
1113855,6
1276223,6
1132172,6
1279132,6
1017118,6
1265042,6
1137341,6
1164389,6
1138029,6
1002736,6
1123956,6
1186971,6
1099812,6
1056663,6
1152382,6
1235805,6
1135542,6
1176853,6
1018458,6
1142421,6
1259046,6
1239292,6
1191301,6
1115294,6
1173480,6
1116203,6
1113123,6
1083456,6
1066287,6
1008601,6
1233296,6
1251253,6
1197899,6
1188601,6
1171786,6
1120997,6
1134592,6
1054814,6
1103412,6
1092256,6
1153049,6
1167340,6
1163227,6
1189322,6
1015463,6
1205125,6
1027019,6
1303972,6
1290439,6
1275653,6
1144558,6
1015242,6
1108732,6
1042814,6
1049588,6
1015390,6
1192208,6
1113369,6
1176532,6
1009721,6
1253101,6
1095049,6
1047347,6
1298385,6
1116301,6
1146860,6
1196630,6
1060583,6
1054181,6
1078522,6
1272559,6
1145687,6
1147679,6
1251512,6
1262572,6
1209776,6
1314928,6
1220354,6
1254370,6
1066638,6
1119050,6
1184700,6
1035478,6
1272655,6
1244903,6
1320217,6
1273240,6
1289705,6
1072500,6
1131901,6
1119090,6
1250634,6
1267102,6
1167046,6
1226016,6
1309918,6
1055403,6
1123100,6
1092048,6
1154084,6
1005308,6
1068960,6
1122428,6
1071405,6
1066705,6
1110096,6
1202092,6
1228245,6
1250665,6
1312238,6
1318614,6
1083495,6
1045521,6
1285888,6
1153958,6
1216537,6
1033850,6
1079426,6
1171151,6
1072298,6
1095073,6
1039936,6
1009531,6
1013020,6
1269934,6
1191672,6
1213796,6
1055335,6
1123242,6
1126010,6
1256910,6
1233160,6
1126114,6
1039540,6
1315356,6
1130382,6
1171103,6
1237047,6
1284932,6
1005949,6
1293323,6
1006821,6
1067187,6
1076536,6
1231451,6
1245712,6
1104386,6
1254325,6
1113198,6
1270984,6
1164083,6
1085732,6
1132873,6
1039800,6
1301266,6
1017933,6
1308596,6
1293116,6
1283923,6
1279525,6
1313101,6
1014930,6
1074914,6
1127706,6
1126363,6
1094949,6
1192789,6
1109584,6
1192732,6
1093659,6
1160533,6
1028842,6
1018576,6
1249664,6
1121551,6
1092335,6
1281463,6
1248247,6
1066342,6
1240566,6
1296000,6
1081640,6
1215422,6
1063435,6
1164927,6
1110554,6
1070131,6
1276559,6
1154490,6
1127539,6
1010340,6
1248997,6
1167702,6
1287862,6
1143945,6
1108723,6
1086087,6
1238645,6
1302116,6
1294656,6
1269007,6
1267607,6
1090004,6
1087639,6
1086145,6
1147052,6
1036101,6
1088119,6
1005833,6
1243656,6
1172844,6
1057243,6
1095917,6
1133417,6
1206368,6
1110549,6
1120254,6
1102763,6
1120067,6
1205217,6
1177725,6
1210973,6
1115202,6
1052020,6
1210598,6
1111924,6
1098509,6
1087183,6
1264499,6
1001085,6
1132001,6
1045329,6
1039723,6
1292728,6
1251006,6
1193924,6
1165711,6
1149383,6
1307358,6
1015151,6
1310696,6
1195598,6
1165161,6
1314192,6
1285597,6
1044547,6
1159420,6
1242115,6
1179164,6
1125769,6
1271709,6
1056922,6
1312366,6
1203900,6
1213079,6
1321643,6
1213115,6
1044400,6
1312250,6
1104432,6
1278943,6
1300391,6
1159501,6
1002333,6
1272388,6
1014987,6
1289051,6
1282144,6
1024329,6
1039644,6
1053541,6
1073906,6
1282493,6
1261251,6
1223975,6
1252925,6
1282667,6
1313191,6
1174095,6
1256190,6
1111702,6
1127159,6
1278963,6
1248693,6
1258927,6
1087041,6
1015004,6
1317928,6
1083991,6
1313813,6
1139465,6
1325518,6
1024875,6
1177929,6
1188847,6
1280574,6
1131136,6
1104626,6
1286555,6
1087065,6
1312851,6
1257138,6
1241715,6
1144670,6
1092118,6
1044512,6
1034370,6
1286827,6
1131109,6
1043006,6
1247166,6
1278460,6
1275205,6
1272156,6
1274261,6
1121573,6
1067563,6
1317806,6
1105788,6
1306187,6
1313697,6
1101512,6
1194042,6
1222538,6
1032052,6
1196886,6
1102152,6
1148697,6
1302767,6
1124428,6
1084884,6
1226658,6
1041451,6
1320124,6
1100989,6
1125060,6
1018875,6
1218222,6
1008421,6
1177001,6
1168136,6
1086891,6
1295350,6
1073333,6
1200603,6
1111136,6
1076962,6
1312201,6
1161866,6
1248713,6
1054689,6
1073242,6
1270658,6
1135863,6
1291746,6
1006644,6
1012593,6
1276399,6
1188882,6
1137432,6
1008571,6
1138931,6
1077093,6
1094219,6
1246238,6
1161393,6
1290625,6
1249840,6
1164556,6
1020543,6
1181753,6
1112725,6
1168393,6
1228471,6
1057476,6
1128693,6
1155252,6
1018072,6
1139757,6
1063951,6
1112706,6
1135386,6
1285508,6
1055104,6
1155626,6
1100708,6
1265607,6
1153581,6
1056886,6
1094594,6
1138761,6
1288392,6
1248948,6
1036966,6
1066154,6
1190412,6
1109864,6
1301618,6
1116981,6
1289286,6
1019851,6
1291164,6
1304559,6
1006910,6
1297412,6
1087662,6
1260616,6
1015076,6
1274423,6
1268755,6
1314791,6
1245947,6
1181124,6
1034545,6
1138725,6
1080437,6
1177584,6
1099818,6
1003048,6
1220043,6
1318222,6
1111366,6
1252810,6
1286013,6
1297981,6
1073044,6
1023804,6
1241061,6
1267340,6
1115830,6
1078445,6
1108323,6
1299208,6
1097444,6
1278804,6
1055638,6
1246445,6
1137513,6
1138453,6
1303549,6
1296279,6
1319956,6
1257517,6
1316528,6
1059391,6
1004986,6
1130338,6
1130302,6
1188913,6
1276350,6
1182925,6
1221726,6
1056507,6
1022915,6
1122243,6
1061935,6
1105026,6
1189168,6
1119928,6
1164300,6
1299424,6
1009341,6
1256315,6
1310102,6
1160228,6
1145015,6
1034113,6
1114355,6
1254288,6
1052709,6
1272696,6
1035068,6
1135524,6
1191777,6
1181573,6
1102094,6
1034687,6
1235535,6
1271976,6
1010841,6
1276939,6
1232463,6
1172741,6
1040542,6
1040432,6
1309389,6
1275819,6
1158326,6
1269261,6
1041835,6
1038855,6
1165749,6
1128637,6
1178877,6
1214017,6
1003120,6
1134214,6
1135227,6
1084678,6
1167693,6
1185646,6
1262938,6
1054116,6
1190007,6
1019499,6
1285288,6
1112998,6
1290229,6
1014030,6
1304546,6
1204998,6
1215780,6
1313990,6
1004128,6
1228356,6
1048970,6
1007399,6
1266766,6
1042210,6
1156638,6
1080365,6
1043351,6
1066164,6
1301941,6
1265794,6
1318871,6
1066954,6
1122720,6
1034083,6
1322530,6
1030880,6
1254027,6
1141120,6
1220376,6
1214517,6
1121427,6
1251573,6
1084720,6
1012438,6
1018010,6
1167789,6
1058042,6
1288255,6
1278352,6
1076579,6
1306727,6
1167402,6
1052565,6
1197366,6
1185920,6
1051016,6
1230768,6
1264977,6
1183219,6
1125744,6
1313179,6
1038798,6
1114408,6
1041812,6
1009432,6
1103870,6
1022498,6
1012331,6
1282303,6
1219796,6
1001422,6
1269561,6
1282415,6
1093751,6
1074173,6
1322883,6
1156583,6
1058162,6
1017373,6
1098988,6
1037495,6
1205209,6
1240032,6
1215020,6
1205304,6
1089394,6
1009831,6
1140425,6
1020631,6
1194187,6
1268970,6
1244305,6
1193146,6
1184213,6
1123441,6
1317062,6
1311141,6
1241115,6
1278011,6
1009048,6
1175029,6
1085123,6
1296991,6
1277310,6
1040863,6
1295343,6
1140414,6
1245296,6
1294045,6
1315191,6
1213847,6
1235354,6
1237076,6
1107625,6
1064697,6
1315129,6
1011643,6
1165770,6
1198322,6
1026010,6
1070158,6
1302214,6
1120506,6
1079396,6
1047005,6
1110419,6
1173394,6
1167880,6
1217270,6
1085256,6
1200451,6
1064024,6
1250359,6
1007427,6
1010734,6
1237422,6
1036816,6
1146762,6
1232900,6
1079225,6
1251912,6
1033507,6
1228123,6
1240903,6
1051272,6
1308700,6
1052069,6
1185620,6
1029619,6
1139954,6
1164687,6
1136228,6
1243723,6
1220652,6
1147880,6
1054048,6
1280332,6
1168896,6
1316969,6
1239524,6
1207667,6
1058034,6
1057110,6
1012721,6
1230236,6
1221693,6
1316605,6
1287639,6
1095861,6
1125048,6
1031878,6
1155973,6
1051526,6
1211873,6
1119219,6
1212006,6
1198310,6
1296347,6
1017124,6
1021276,6
1262190,6
1145841,6
1055951,6
1237725,6
1312125,6
1062943,6
1055316,6
1190761,6
1091553,6
1075829,6
1231276,6
1233825,6
1181627,6
1263933,6
1205933,6
1027626,6
1150757,6
1184218,6
1321682,6
1267684,6
1107125,6
1148387,6
1032241,6
1155725,6
1306573,6
1087145,6
1181350,6
1294550,6
1128483,6
1315352,6
1062985,6
1183352,6
1276555,6
1276924,6
1136053,6
1064776,6
1197632,6
1112680,6
1105037,6
1130909,6
1017242,6
1097001,6
1194388,6
1005525,6
1254719,6
1072001,6
1222357,6
1126395,6
1266087,6
1033794,6
1108317,6
1207457,6
1245530,6
1111286,6
1013620,6
1220093,6
1084829,6
1299434,6
1067233,6
1176528,6
1190251,6
1102560,6
1250236,6
1110757,6
1113815,6
1198982,6
1055953,6
1233184,6
1320907,6
1256220,6
1131568,6
1151190,6
1094153,6
1190948,6
1085110,6
1223462,6
1098968,6
1124258,6
1105509,6
1277699,6
1124233,6
1262587,6
1214589,6
1204774,6
1050794,6
1036897,6
1092767,6
1153645,6
1120296,6
1301514,6
1083301,6
1075417,6
1314463,6
1229574,6
1236935,6
1188725,6
1037398,6
1028395,6
1270223,6
1069998,6
1086508,6
1029246,6
1271504,6
1120461,6
1121754,6
1065162,6
1035741,6
1158464,6
1130063,6
1241497,6
1177271,6
1234090,6
1156999,6
1131186,6
1031512,6
1154839,6
1266115,6
1008245,6
1224107,6
1114477,6
1026282,6
1219329,6
1231264,6
1143598,6
1054885,6
1240217,6
1179849,6
1030900,6
1210711,6
1264181,6
1033233,6
1278235,6
1178695,6
1042290,6
1111392,6
1265737,6
1227834,6
1221299,6
1102506,6
1297014,6
1114923,6
1239410,6
1023981,6
1182797,6
1103743,6
1188981,6
1013321,6
1053578,6
1137908,6
1044603,6
1067315,6
1114092,6
1177806,6
1205425,6
1149230,6
1086526,6
1014670,6
1125854,6
1066647,6
1081957,6
1057318,6
1255350,6
1272425,6
1150961,6
1020331,6
1247730,6
1269661,6
1276196,6
1165678,6
1102101,6
1242395,6
1293044,6
1289052,6
1027770,6
1196287,6
1006000,6
1119312,6
1279689,6
1298142,6
1131737,6
1081415,6
1316296,6
1035994,6
1316879,6
1172706,6
1103330,6
1302834,6
1249198,6
1064308,6
1109239,6
1257402,6
1169639,6
1246494,6
1026949,6
1183639,6
1264391,6
1052865,6
1153185,6
1085469,6
1322752,6
1047800,6
1038396,6
1284626,6
1129473,6
1162678,6
1176513,6
1253780,6
1061772,6
1021519,6
1176381,6
1264178,6
1028034,6
1242953,6
1086246,6
1028408,6
1120160,6
1172624,6
1194082,6
1306013,6
1093284,6
1302654,6
1240952,6
1320220,6
1039228,6
1070324,6
1325507,6
1084302,6
1279817,6
1137659,6
1142179,6
1169932,6
1068091,6
1295110,6
1077221,6
1182962,6
1010878,6
1265065,6
1119208,6
1286568,6
1087381,6
1058497,6
1312530,6
1240458,6
1036865,6
1011532,6
1244564,6
1313497,6
1113239,6
1046365,6
1164074,6
1306690,6
1238787,6
1105405,6
1018241,6
1028129,6
1297333,6
1027318,6
1232100,6
1066508,6
1190356,6
1040842,6
1294671,6
1090249,6
1232576,6
1097432,6
1124726,6
1285864,6
1004782,6
1170135,6
1127418,6
1121412,6
1275038,6
1119741,6
1134162,6
1295610,6
1161755,6
1232356,6
1249952,6
1007330,6
1208944,6
1124503,6
1176656,6
1053936,6
1074486,6
1256294,6
1137425,6
1070005,6
1166181,6
1297091,6
1124375,6
1257263,6
1131569,6
1193291,6
1277157,6
1085866,6
1236343,6
1057495,6
1288539,6
1177257,6
1081189,6
1159215,6
1117120,6
1158872,6
1005965,6
1303783,6
1275449,6
1081170,6
1188066,6
1152480,6
1037150,6
1143319,6
1237674,6
1068934,6
1115342,6
1182240,6
1214386,6
1094894,6
1023898,6
1056045,6
1073127,6
1024931,6
1312129,6
1276999,6
1259483,6
1112878,6
1278056,6
1135653,6
1308919,6
1096119,6
1059584,6
1092060,6
1167388,6
1107948,6
1150719,6
1169302,6
1222025,6
1240481,6
1315457,6
1250260,6
1036923,6
1172276,6
1089196,6
1017718,6
1270229,6
1210950,6
1289797,6
1219734,6
1273815,6
1212305,6
1065288,6
1016143,6
1147600,6
1194643,6
1123628,6
1294955,6
1213902,6
1216765,6
1201248,6
1161825,6
1117526,6
1201138,6
1287368,6
1251163,6
1068134,6
1229281,6
1082688,6
1080019,6
1066745,6
1201214,6
1100767,6
1315507,6
1214465,6
1106796,6
1220359,6
1283833,6
1196135,6
1232116,6
1146016,6
1227562,6
1282458,6
1280999,6
1152930,6
1053955,6
1122760,6
1300146,6
1124761,6
1142485,6
1027031,6
1225922,6
1228751,6
1152081,6
1229290,6
1171840,6
1210498,6
1303842,6
1096928,6
1249821,6
1038708,6
1124493,6
1151707,6
1281561,6
1093405,6
1181404,6
1152732,6
1188477,6
1136334,6
1072580,6
1140617,6
1206413,6
1114444,6
1058990,6
1078834,6
1094538,6
1202176,6
1094749,6
1262666,6
1185052,6
1065835,6
1182504,6
1302634,6
1199464,6
1025953,6
1071557,6
1043843,6
1102789,6
1226239,6
1034567,6
1287202,6
1241548,6
1001325,6
1267740,6
1112335,6
1072194,6
1001733,6
1207151,6
1089964,6
1312966,6
1110097,6
1296785,6
1316003,6
1288682,6
1180203,6
1153107,6
1305084,6
1007190,6
1136826,6
1125539,6
1054005,6
1163243,6
1020156,6
1070921,6
1179800,6
1021161,6
1192857,6
1132425,6
1034014,6
1006440,6
1299727,6
1115360,6
1281539,6
1053165,6
1076321,6
1084435,6
1150453,6
1117482,6
1306241,6
1255192,6
1293678,6
1307625,6
1226373,6
1166529,6
1031914,6
1073800,6
1073426,6
1101010,6
1213516,6
1249871,6
1022782,6
1232337,6
1158115,6
1266672,6
1129353,6
1070207,6
1099547,6
1074802,6
1244248,6
1146955,6
1111975,6
1213096,6
1262760,6
1047384,6
1021964,6
1279991,6
1087287,6
1047735,6
1124967,6
1091206,6
1075178,6
1267777,6
1121298,6
1246054,6
1144525,6
1046722,6
1267407,6
1263648,6
1261119,6
1062225,6
1124970,6
1281204,6
1179821,6
1323881,6
1117226,6
1048167,6
1260872,6
1092901,6
1026274,6
1218203,6
1315500,6
1082443,6
1256671,6
1280111,6
1032733,6
1249828,6
1138489,6
1005180,6
1143877,6
1042277,6
1169231,6
1153242,6
1152837,6
1177324,6
1026162,6
1138183,6
1023835,6
1066443,6
1125639,6
1276417,6
1040281,6
1266916,6
1092977,6
1161452,6
1051335,6
1079385,6
1215998,6
1283609,6
1184699,6
1172748,6
1084796,6
1314424,6
1064368,6
1029471,6
1147956,6
1095164,6
1099054,6
1170681,6
1184868,6
1059819,6
1120285,6
1189252,6
1314173,6
1243468,6
1042896,6
1127199,6
1321976,6
1239929,6
1027281,6
1161050,6
1286820,6
1041810,6
1216806,6
1100405,6
1093287,6
1237039,6
1038865,6
1170857,6
1095413,6
1209513,6
1009765,6
1170732,6
1071283,6
1226776,6
1020658,6
1170250,6
1281511,6
1042075,6
1065611,6
1230291,6
1106699,6
1285279,6
1240990,6
1254616,6
1287778,6
1300519,6
1188444,6
1271496,6
1047418,6
1002573,6
1229968,6
1197910,6
1209085,6
1268178,6
1311942,6
1067554,6
1140865,6
1238674,6
1133513,6
1056393,6
1301285,6
1010432,6
1178114,6
1257148,6
1296344,6
1284064,6
1027277,6
1203281,6
1014123,6
1247621,6
1316080,6
1242165,6
1017365,6
1224393,6
1186845,6
1291528,6
1200221,6
1116910,6
1023751,6
1188298,6
1319969,6
1320410,6
1031815,6
1257914,6
1127867,6
1024458,6
1184770,6
1227910,6
1129309,6
1288581,6
1223656,6
1280883,6
1267640,6
1259614,6
1045215,6
1101912,6
1315978,6
1019608,6
1267946,6
1009213,6
1214889,6
1063934,6
1246119,6
1053280,6
1237557,6
1186964,6
1006682,6
1089571,6
1021946,6
1038132,6
1058436,6
1029027,6
1035148,6
1175550,6
1063531,6
1013866,6
1255278,6
1215796,6
1249233,6
1196261,6
1056246,6
1282053,6
1256627,6
1106241,6
1320344,6
1024287,6
1031789,6
1062313,6
1287867,6
1087680,6
1060350,6
1222560,6
1216502,6
1283496,6
1148064,6
1220971,6
1175672,6
1230805,6
1174210,6
1258433,6
1125114,6
1301167,6
1065520,6
1252488,6
1047678,6
1220207,6
1057705,6
1244391,6
1115091,6
1098103,6
1126489,6
1236950,6
1152769,6
1027702,6
1215816,6
1166307,6
1118201,6
1276140,6
1126203,6
1239503,6
1154357,6
1258080,6
1194787,6
1226113,6
1150345,6
1062717,6
1035115,6
1146395,6
1023136,6
1244975,6
1137540,6
1299569,6
1211108,6
1304768,6
1068721,6
1228965,6
1217864,6
1060754,6
1013215,6
1033037,6
1293392,6
1061031,6
1062198,6
1076166,6
1275739,6
1056618,6
1089285,6
1215818,6
1224585,6
1163049,6
1300589,6
1264133,6
1302111,6
1260714,6
1100263,6
1069421,6
1131658,6
1125278,6
1157220,6
1286796,6
1211876,6
1144922,6
1049508,6
1019839,6
1196541,6
1243455,6
1250493,6
1212911,6
1203481,6
1324441,6
1166038,6
1046715,6
1165436,6
1112827,6
1182479,6
1085459,6
1246091,6
1301781,6
1175888,6
1057992,6
1299340,6
1022175,6
1156884,6
1283778,6
1165980,6
1201006,6
1132033,6
1156333,6
1004473,6
1276498,6
1043019,6
1144211,6
1151382,6
1243953,6
1234365,6
1165308,6
1052877,6
1157624,6
1112858,6
1072527,6
1196311,6
1287232,6
1021474,6
1178185,6
1129097,6
1286899,6
1268923,6
1124741,6
1313476,6
1187845,6
1210951,6
1321349,6
1253417,6
1016364,6
1169346,6
1076363,6
1181367,6
1223235,6
1001718,6
1288765,6
1173449,6
1280459,6
1318898,6
1043477,6
1093341,6
1275703,6
1208004,6
1173287,6
1307842,6
1121448,6
1060995,6
1104264,6
1036190,6
1032680,6
1303739,6
1216508,6
1138795,6
1265393,6
1106688,6
1311408,6
1135308,6
1324117,6
1215311,6
1022465,6
1078046,6
1237112,6
1290102,6
1145230,6
1298494,6
1249430,6
1200731,6
1158402,6
1224792,6
1131444,6
1237743,6
1106488,6
1148323,6
1173870,6
1098900,6
1184544,6
1186993,6
1302223,6
1018611,6
1191273,6
1168513,6
1008914,6
1208329,6
1231390,6
1270055,6
1110368,6
1206365,6
1149618,6
1135662,6
1265735,6
1180416,6
1243033,6
1180031,6
1102121,6
1288371,6
1220286,6
1079469,6
1148826,6
1148491,6
1312746,6
1124814,6
1150386,6
1151266,6
1140806,6
1114960,6
1147652,6
1267538,6
1013153,6
1206853,6
1227705,6
1068209,6
1013938,6
1053293,6
1187309,6
1048977,6
1254348,6
1151053,6
1054568,6
1070806,6
1046214,6
1031033,6
1091607,6
1274335,6
1231253,6
1020095,6
1037610,6
1238820,6
1028040,6
1287037,6
1113896,6
1195264,6
1288336,6
1005690,6
1008339,6
1213438,6
1105740,6
1200107,6
1250076,6
1316420,6
1127763,6
1194479,6
1031805,6
1130674,6
1127090,6
1199737,6
1246574,6
1273295,6
1264495,6
1288556,6
1182091,6
1153186,6
1265229,6
1128995,6
1166077,6
1081963,6
1311976,6
1115242,6
1056732,6
1015135,6
1041834,6
1210726,6
1218388,6
1307279,6
1209207,6
1061162,6
1000441,6
1284454,6
1294481,6
1076607,6
1290034,6
1052362,6
1297457,6
1182936,6
1007261,6
1146498,6
1073766,6
1239796,6
1304466,6
1015681,6
1193586,6
1192073,6
1218741,6
1289674,6
1014694,6
1038608,6
1166525,6
1285457,6
1102957,6
1196849,6
1003863,6
1090403,6
1278003,6
1231037,6
1319077,6
1048451,6
1032443,6
1038707,6
1227952,6
1255085,6
1071403,6
1148693,6
1124238,6
1314687,6
1286129,6
1279308,6
1155246,6
1244670,6
1219349,6
1118490,6
1131722,6
1030690,6
1027637,6
1236983,6
1097663,6
1054910,6
1043289,6
1011663,6
1004743,6
1026138,6
1078586,6
1011459,6
1004206,6
1093991,6
1063897,6
1182360,6
1289444,6
1238557,6
1083761,6
1196675,6
1251294,6
1139083,6
1184318,6
1037103,6
1110635,6
1248103,6
1082642,6
1271903,6
1294588,6
1252826,6
1098244,6
1153176,6
1156100,6
1095015,6
1245806,6
1007303,6
1077637,6
1222132,6
1256226,6
1293490,6
1323417,6
1017206,6
1324973,6
1225023,6
1171817,6
1317130,6
1032218,6
1013009,6
1046444,6
1314660,6
1047633,6
1040850,6
1059917,6
1177842,6
1183324,6
1100955,6
1301064,6
1270151,6
1003273,6
1212073,6
1298053,6
1049688,6
1000897,6
1007705,6
1254346,6
1092818,6
1237424,6
1048425,6
1317679,6
1010296,6
1267477,6
1194248,6
1280788,6
1227715,6
1200488,6
1129981,6
1298457,6
1019143,6
1248911,6
1300949,6
1017465,6
1283869,6
1040917,6
1265262,6
1242824,6
1296158,6
1061872,6
1088132,6
1067242,6
1096768,6
1114115,6
1047015,6
1191251,6
1211596,6
1152511,6
1142919,6
1119952,6
1020644,6
1106636,6
1012990,6
1266941,6
1089774,6
1171497,6
1205325,6
1025148,6
1049216,6
1192032,6
1312698,6
1006256,6
1206483,6
1160382,6
1008267,6
1075685,6
1074429,6
1169918,6
1035324,6
1253438,6
1040310,6
1180359,6
1056980,6
1087802,6
1159725,6
1307201,6
1096942,6
1150927,6
1231490,6
1277912,6
1279697,6
1089139,6
1129226,6
1229811,6
1181059,6
1265565,6
1255952,6
1024321,6
1230499,6
1134517,6
1026971,6
1002389,6
1291660,6
1314168,6
1044785,6
1053054,6
1127092,6
1261776,6
1179126,6
1247738,6
1067797,6
1281505,6
1272301,6
1075762,6
1312279,6
1071603,6
1296737,6
1151126,6
1021850,6
1118880,6
1044278,6
1198370,6
1311568,6
1186923,6
1066800,6
1256949,6
1322057,6
1023175,6
1281833,6
1168971,6
1135437,6
1200104,6
1211707,6
1286621,6
1321801,6
1265925,6
1192727,6
1219093,6
1290260,6
1279272,6
1066194,6
1185890,6
1141637,6
1285159,6
1150452,6
1285905,6
1221623,6
1245317,6
1048483,6
1233530,6
1265964,6
1283291,6
1120488,6
1059384,6
1128253,6
1011002,6
1309611,6
1144681,6
1100928,6
1232752,6
1075725,6
1125088,6
1278875,6
1230938,6
1003833,6
1122706,6
1325505,6
1141185,6
1020188,6
1100060,6
1022135,6
1258082,6
1285706,6
1253184,6
1151052,6
1125695,6
1245822,6
1241766,6
1026396,6
1071604,6
1086818,6
1218913,6
1228257,6
1044543,6
1269662,6
1093689,6
1069535,6
1035182,6
1178069,6
1060568,6
1156848,6
1196022,6
1068847,6
1078577,6
1092157,6
1138984,6
1189050,6
1036051,6
1272809,6
1214217,6
1008357,6
1078083,6
1290391,6
1019090,6
1092278,6
1127942,6
1086182,6
1127318,6
1174559,6
1180538,6
1017962,6
1234102,6
1102739,6
1240073,6
1277097,6
1025537,6
1234095,6
1084572,6
1273018,6
1197098,6
1184325,6
1102355,6
1173696,6
1009067,6
1266545,6
1279622,6
1143891,6
1121100,6
1113021,6
1223938,6
1236894,6
1065402,6
1041442,6
1215460,6
1240129,6
1180675,6
1261975,6
1117275,6
1293170,6
1056613,6
1082042,6
1189749,6
1253840,6
1158331,6
1187408,6
1014217,6
1245294,6
1207736,6
1072657,6
1199170,6
1310216,6
1201020,6
1037014,6
1158054,6
1295492,6
1072670,6
1188054,6
1148351,6
1174141,6
1158316,6
1313194,6
1242827,6
1190543,6
1193085,6
1004844,6
1134187,6
1247552,6
1102667,6
1170631,6
1151360,6
1217642,6
1167511,6
1275862,6
1018937,6
1157091,6
1200803,6
1287173,6
1101746,6
1204077,6
1259186,6
1018727,6
1183565,6
1205060,6
1164334,6
1064431,6
1189059,6
1099629,6
1225372,6
1213625,6
1083002,6
1111491,6
1041032,6
1086663,6
1059625,6
1125120,6
1180731,6
1065267,6
1305826,6
1162510,6
1009120,6
1291485,6
1042397,6
1056609,6
1067369,6
1001096,6
1173261,6
1180099,6
1228039,6
1302024,6
1178215,6
1229221,6
1279038,6
1245732,6
1110668,6
1020065,6
1321125,6
1303884,6
1218632,6
1255802,6
1206865,6
1323763,6
1273095,6
1220246,6
1248075,6
1194257,6
1128418,6
1041791,6
1186924,6
1264252,6
1274443,6
1061516,6
1096932,6
1106394,6
1105054,6
1008423,6
1276251,6
1049520,6
1047399,6
1087015,6
1238708,6
1209170,6
1243475,6
1079953,6
1271708,6
1234678,6
1195648,6
1216253,6
1249553,6
1014385,6
1090988,6
1317932,6
1150600,6
1293821,6
1255648,6
1222463,6
1014396,6
1068551,6
1241177,6
1143764,6
1030224,6
1251868,6
1127625,6
1313463,6
1151517,6
1108232,6
1102061,6
1037522,6
1088168,6
1034685,6
1070639,6
1318214,6
1037296,6
1309252,6
1060184,6
1218634,6
1128010,6
1261068,6
1299017,6
1072417,6
1007133,6
1130186,6
1104477,6
1046110,6
1230317,6
1241068,6
1015380,6
1121077,6
1254915,6
1020361,6
1283324,6
1073718,6
1264656,6
1320034,6
1308233,6
1095454,6
1178149,6
1164201,6
1258459,6
1096011,6
1009954,6
1075755,6
1230269,6
1133646,6
1104213,6
1101216,6
1294994,6
1045685,6
1043667,6
1172114,6
1015713,6
1247391,6
1277872,6
1258446,6
1084395,6
1105193,6
1016528,6
1188395,6
1010595,6
1009776,6
1315066,6
1146671,6
1067472,6
1080613,6
1254951,6
1079204,6
1209406,6
1123244,6
1142688,6
1297843,6
1025736,6
1110181,6
1273607,6
1051200,6
1159860,6
1020657,6
1082977,6
1098899,6
1097883,6
1123007,6
1239841,6
1238873,6
1142935,6
1167197,6
1036722,6
1208420,6
1306325,6
1078901,6
1198691,6
1077078,6
1085036,6
1159236,6
1201704,6
1174404,6
1282022,6
1097044,6
1105510,6
1217595,6
1067929,6
1115925,6
1068346,6
1202526,6
1275761,6
1061631,6
1126378,6
1246197,6
1218115,6
1041072,6
1225087,6
1270972,6
1008639,6
1288954,6
1129879,6
1322517,6
1072000,6
1317369,6
1099989,6
1314372,6
1318911,6
1166614,6
1054094,6
1184942,6
1061231,6
1283588,6
1142883,6
1258225,6
1102112,6
1279401,6
1039222,6
1063850,6
1080956,6
1048997,6
1243272,6
1195413,6
1064051,6
1042166,6
1071977,6
1272704,6
1159452,6
1183578,6
1299437,6
1196929,6
1077379,6
1238652,6
1181329,6
1058216,6
1111102,6
1120377,6
1097403,6
1288699,6
1170185,6
1032841,6
1230114,6
1271318,6
1071128,6
1309113,6
1141815,6
1101366,6
1234598,6
1015623,6
1200224,6
1033329,6
1269417,6
1023207,6
1058575,6
1007425,6
1279748,6
1200094,6
1087453,6
1285170,6
1014867,6
1086208,6
1205395,6
1170454,6
1059645,6
1008503,6
1167413,6
1202684,6
1093250,6
1000013,6
1019526,6
1274278,6
1023225,6
1282357,6
1090211,6
1190472,6
1097368,6
1302921,6
1120815,6
1252979,6
1187513,6
1236642,6
1273194,6
1135020,6
1096452,6
1081701,6
1096960,6
1284073,6
1074320,6
1023192,6
1123427,6
1171014,6
1320780,6
1309731,6
1248304,6
1221036,6
1260593,6
1190562,6
1142328,6
1056238,6
1298587,6
1038311,6
1009462,6
1064831,6
1253930,6
1064361,6
1153225,6
1112791,6
1043306,6
1060240,6
1137684,6
1277477,6
1026875,6
1170991,6
1049445,6
1098243,6
1285581,6
1111930,6
1159348,6
1255883,6
1210353,6
1183445,6
1170827,6
1262043,6
1128608,6
1256945,6
1165945,6
1174873,6
1036928,6
1178806,6
1066394,6
1196589,6
1236541,6
1102290,6
1204194,6
1031523,6
1167362,6
1135178,6
1115062,6
1004344,6
1170812,6
1177442,6
1239959,6
1275772,6
1218459,6
1205609,6
1245066,6
1187911,6
1041611,6
1121666,6
1083876,6
1320567,6
1269138,6
1162986,6
1282013,6
1262507,6
1021439,6
1082264,6
1155799,6
1028530,6
1207341,6
1295325,6
1054295,6
1091461,6
1097894,6
1156797,6
1262116,6
1320308,6
1009202,6
1259758,6
1097659,6
1029468,6
1266707,6
1277409,6
1244205,6
1002200,6
1307750,6
1081274,6
1237642,6
1248557,6
1201373,6
1054420,6
1084991,6
1015882,6
1094400,6
1274286,6
1056684,6
1123740,6
1183182,6
1029029,6
1229838,6
1075995,6
1164197,6
1167254,6
1313948,6
1251981,6
1173058,6
1263133,6
1279068,6
1106987,6
1087184,6
1304373,6
1151589,6
1085804,6
1013027,6
1195970,6
1220533,6
1060674,6
1278770,6
1215695,6
1086677,6
1274404,6
1321820,6
1077997,6
1077825,6
1193514,6
1297329,6
1155586,6
1227048,6
1087444,6
1154627,6
1181421,6
1078954,6
1165815,6
1243231,6
1223015,6
1314809,6
1238534,6
1270962,6
1130447,6
1248448,6
1215515,6
1071419,6
1170867,6
1228737,6
1287444,6
1211243,6
1041688,6
1057500,6
1271493,6
1222471,6
1094043,6
1295926,6
1318084,6
1094459,6
1200326,6
1306246,6
1153088,6
1206319,6
1081900,6
1142664,6
1225006,6
1021969,6
1325569,6
1321229,6
1121515,6
1145343,6
1308383,6
1314996,6
1226030,6
1166452,6
1265020,6
1213364,6
1079236,6
1316918,6
1004409,6
1279997,6
1113017,6
1186429,6
1032053,6
1216872,6
1301688,6
1131356,6
1241777,6
1217371,6
1275121,6
1126972,6
1174861,6
1273697,6
1258848,6
1104781,6
1002888,6
1257945,6
1254820,6
1205948,6
1276332,6
1241923,6
1186283,6
1159318,6
1177825,6
1022427,6
1243186,6
1313368,6
1019106,6
1076655,6
1238226,6
1177151,6
1123127,6
1040955,6
1272726,6
1113386,6
1169570,6
1017976,6
1234030,6
1239417,6
1050041,6
1311401,6
1085116,6
1019115,6
1212382,6
1082820,6
1049577,6
1122361,6
1264766,6
1177294,6
1267988,6
1166686,6
1098003,6
1304568,6
1159009,6
1105205,6
1309175,6
1157236,6
1013831,6
1022895,6
1099542,6
1186501,6
1291975,6
1124316,6
1268503,6
1043030,6
1124579,6
1263381,6
1313392,6
1207483,6
1027292,6
1003345,6
1051281,6
1208676,6
1135231,6
1269704,6
1253337,6
1106872,6
1237741,6
1307490,6
1115790,6
1021631,6
1121780,6
1211593,6
1018057,6
1050565,6
1318562,6
1037898,6
1098980,6
1130391,6
1076795,6
1161789,6
1157552,6
1071766,6
1110289,6
1313633,6
1154825,6
1056132,6
1267868,6
1176407,6
1305025,6
1093122,6
1073154,6
1300536,6
1117428,6
1186828,6
1250272,6
1093512,6
1176091,6
1321574,6
1158089,6
1105751,6
1157101,6
1225063,6
1083034,6
1006790,6
1112433,6
1093402,6
1299350,6
1010491,6
1144626,6
1221194,6
1324526,6
1232783,6
1066568,6
1246411,6
1286825,6
1176716,6
1181083,6
1044262,6
1320417,6
1078247,6
1238015,6
1014875,6
1043439,6
1172255,6
1113668,6
1083105,6
1040107,6
1142304,6
1077814,6
1090713,6
1295769,6
1110525,6
1036761,6
1164637,6
1069822,6
1139547,6
1285696,6
1093787,6
1130386,6
1079139,6
1298510,6
1203951,6
1221591,6
1289802,6
1168245,6
1287384,6
1004885,6
1035587,6
1004607,6
1142908,6
1206196,6
1297369,6
1077101,6
1317049,6
1235557,6
1179537,6
1048094,6
1196604,6
1082438,6
1080708,6
1020690,6
1096774,6
1098070,6
1200245,6
1003123,6
1321143,6
1223669,6
1059598,6
1166590,6
1265502,6
1288159,6
1232162,6
1216918,6
1232550,6
1192864,6
1105844,6
1250963,6
1020557,6
1183248,6
1306637,6
1094849,6
1149870,6
1015727,6
1249809,6
1053058,6
1300620,6
1254644,6
1156722,6
1209869,6
1308404,6
1151615,6
1200175,6
1219412,6
1199644,6
1259722,6
1283659,6
1112134,6
1195103,6
1202818,6
1029236,6
1147348,6
1007881,6
1194954,6
1309864,6
1250259,6
1303773,6
1148649,6
1275174,6
1069568,6
1022854,6
1030523,6
1294353,6
1195405,6
1219995,6
1128993,6
1179857,6
1061947,6
1302384,6
1040056,6
1317472,6
1114242,6
1222902,6
1317948,6
1208267,6
1317689,6
1016805,6
1304084,6
1283014,6
1291380,6
1054260,6
1060702,6
1244141,6
1266818,6
1116166,6
1200048,6
1321367,6
1009586,6
1012377,6
1233497,6
1022798,6
1103562,6
1226513,6
1102974,6
1122622,6
1188190,6
1010983,6
1095124,6
1153963,6
1180230,6
1120609,6
1099365,6
1180894,6
1106653,6
1310567,6
1041889,6
1321559,6
1107756,6
1034749,6
1056436,6
1013643,6
1039369,6
1258145,6
1308870,6
1048360,6
1154472,6
1119043,6
1126887,6
1211323,6
1169288,6
1222180,6
1051670,6
1093071,6
1226885,6
1253799,6
1096041,6
1160481,6
1041762,6
1049911,6
1085247,6
1144436,6
1191904,6
1283488,6
1170163,6
1006564,6
1116628,6
1136388,6
1011154,6
1038724,6
1020224,6
1049371,6
1116493,6
1211396,6
1279717,6
1253531,6
1139748,6
1122946,6
1190398,6
1160310,6
1214599,6
1080302,6
1039867,6
1254676,6
1024010,6
1098823,6
1318136,6
1259576,6
1010651,6
1261432,6
1150208,6
1015686,6
1078568,6
1208666,6
1320826,6
1197438,6
1250802,6
1258835,6
1144157,6
1026739,6
1191350,6
1135399,6
1007744,6
1150953,6
1294493,6
1174198,6
1145958,6
1116913,6
1267969,6
1302397,6
1252417,6
1019946,6
1274084,6
1094197,6
1246874,6
1040759,6
1249704,6
1004049,6
1171319,6
1169611,6
1000934,6
1024069,6
1285136,6
1090941,6
1030535,6
1036607,6
1127818,6
1179255,6
1278566,6
1010929,6
1317507,6
1232627,6
1266217,6
1084442,6
1065881,6
1161809,6
1148760,6
1056825,6
1288752,6
1225721,6
1049225,6
1189863,6
1273339,6
1190230,6
1172780,6
1261714,6
1270381,6
1223994,6
1144956,6
1114668,6
1215290,6
1131937,6
1085678,6
1069695,6
1238144,6
1121296,6
1134591,6
1185852,6
1118549,6
1017836,6
1289245,6
1232300,6
1091633,6
1133818,6
1000041,6
1063145,6
1253239,6
1185694,6
1241576,6
1307403,6
1303888,6
1189549,6
1161896,6
1076958,6
1233270,6
1083162,6
1153117,6
1010087,6
1142593,6
1244371,6
1134689,6
1183138,6
1054708,6
1029755,6
1011179,6
1160297,6
1002713,6
1253294,6
1029821,6
1031063,6
1086711,6
1170757,6
1155452,6
1155365,6
1271970,6
1300514,6
1238187,6
1263033,6
1256833,6
1218150,6
1076041,6
1291384,6
1314998,6
1233691,6
1305855,6
1139968,6
1094410,6
1029844,6
1031116,6
1289963,6
1046474,6
1309966,6
1224668,6
1272592,6
1120559,6
1304400,6
1156974,6
1069037,6
1195056,6
1296877,6
1048162,6
1035956,6
1302188,6
1153934,6
1238286,6
1316836,6
1087494,6
1128287,6
1184650,6
1140278,6
1076680,6
1273758,6
1101963,6
1120141,6
1107160,6
1315423,6
1113164,6
1013082,6
1305625,6
1146868,6
1053730,6
1170853,6
1001508,6
1320353,6
1209964,6
1171146,6
1270416,6
1203480,6
1222912,6
1156352,6
1095995,6
1098684,6
1104679,6
1244793,6
1164164,6
1194153,6
1224331,6
1218000,6
1323280,6
1285131,6
1136860,6
1051154,6
1088600,6
1224205,6
1058287,6
1225224,6
1325656,6
1038056,6
1059322,6
1108241,6
1148891,6
1202450,6
1005470,6
1004086,6
1128109,6
1073581,6
1255300,6
1079847,6
1132633,6
1049477,6
1271337,6
1176255,6
1304759,6
1013402,6
1137890,6
1237903,6
1045589,6
1024821,6
1106510,6
1191870,6
1212408,6
1213864,6
1243970,6
1078355,6
1179864,6
1007264,6
1124633,6
1063213,6
1265801,6
1042173,6
1199757,6
1148799,6
1313084,6
1239270,6
1211494,6
1103608,6
1040973,6
1257657,6
1147591,6
1126100,6
1031106,6
1027057,6
1008246,6
1095072,6
1252708,6
1160834,6
1312787,6
1280394,6
1196799,6
1153933,6
1034975,6
1078843,6
1126277,6
1158727,6
1290623,6
1159188,6
1315639,6
1000578,6
1190511,6
1218230,6
1101654,6
1304557,6
1222690,6
1320748,6
1203338,6
1311106,6
1220193,6
1116157,6
1283342,6
1201515,6
1229320,6
1144530,6
1232937,6
1162647,6
1162198,6
1143633,6
1204588,6
1260706,6
1078299,6
1266070,6
1290507,6
1303864,6
1201623,6
1323250,6
1285979,6
1087757,6
1073245,6
1062063,6
1227671,6
1248090,6
1289138,6
1237742,6
1082288,6
1078334,6
1040284,6
1147387,6
1283802,6
1136050,6
1264637,6
1076119,6
1178996,6
1085396,6
1096570,6
1074477,6
1044063,6
1028555,6
1236646,6
1287880,6
1157057,6
1278271,6
1126270,6
1028330,6
1031938,6
1179686,6
1238289,6
1232117,6
1277242,6
1221883,6
1078125,6
1175965,6
1029288,6
1053906,6
1000328,6
1192288,6
1025683,6
1002720,6
1108743,6
1232961,6
1049092,6
1256280,6
1219287,6
1055302,6
1267653,6
1120463,6
1248436,6
1105491,6
1042139,6
1127429,6
1242976,6
1025639,6
1017297,6
1255249,6
1069338,6
1029389,6
1295160,6
1074499,6
1295179,6
1313347,6
1225188,6
1071175,6
1042883,6
1248642,6
1075660,6
1253663,6
1122520,6
1253551,6
1142314,6
1113727,6
1295639,6
1187041,6
1317161,6
1167493,6
1183112,6
1316950,6
1103046,6
1255607,6
1108450,6
1236664,6
1076701,6
1271825,6
1169309,6
1100557,6
1184921,6
1161858,6
1247429,6
1162055,6
1214726,6
1269897,6
1050582,6
1213956,6
1077374,6
1051994,6
1210472,6
1219740,6
1239883,6
1000864,6
1219173,6
1290576,6
1148237,6
1095602,6
1153979,6
1301099,6
1252428,6
1230484,6
1005102,6
1109427,6
1036943,6
1215297,6
1248133,6
1266803,6
1166151,6
1248721,6
1110674,6
1113651,6
1280719,6
1098013,6
1295045,6
1101104,6
1220006,6
1152283,6
1228976,6
1231470,6
1009092,6
1076209,6
1159944,6
1169793,6
1093272,6
1148609,6
1205675,6
1288120,6
1071908,6
1194525,6
1268826,6
1289770,6
1209279,6
1008224,6
1088987,6
1171212,6
1200893,6
1037700,6
1141292,6
1229957,6
1221258,6
1235524,6
1255216,6
1063840,6
1042163,6
1123983,6
1102581,6
1092552,6
1043927,6
1229475,6
1001916,6
1187071,6
1193783,6
1305282,6
1012912,6
1159305,6
1296410,6
1251549,6
1100379,6
1144604,6
1298543,6
1048938,6
1232139,6
1115211,6
1051737,6
1212061,6
1064724,6
1102301,6
1150657,6
1149487,6
1306378,6
1178256,6
1072781,6
1254695,6
1318660,6
1161076,6
1152011,6
1276094,6
1199157,6
1192674,6
1323319,6
1205915,6
1246851,6
1021529,6
1190276,6
1110431,6
1090642,6
1262181,6
1110018,6
1083649,6
1090165,6
1001830,6
1049909,6
1312984,6
1306982,6
1182825,6
1009793,6
1025690,6
1106032,6
1201164,6
1002714,6
1176719,6
1274243,6
1059953,6
1234516,6
1153962,6
1251016,6
1191889,6
1218853,6
1043260,6
1126144,6
1303582,6
1292333,6
1223317,6
1311191,6
1056519,6
1184373,6
1105701,6
1187650,6
1001251,6
1229552,6
1005595,6
1006826,6
1248373,6
1149488,6
1261778,6
1097507,6
1195499,6
1213121,6
1005905,6
1218888,6
1184615,6
1028272,6
1105472,6
1235159,6
1228684,6
1209257,6
1143445,6
1038052,6
1075815,6
1052289,6
1048870,6
1188469,6
1179955,6
1143511,6
1024967,6
1265095,6
1105989,6
1008629,6
1153228,6
1274260,6
1064771,6
1277728,6
1292971,6
1124541,6
1254619,6
1199577,6
1226328,6
1165460,6
1109577,6
1278622,6
1086026,6
1306816,6
1125212,6
1011004,6
1257629,6
1149717,6
1153064,6
1139455,6
1276902,6
1161984,6
1216740,6
1085160,6
1077424,6
1003359,6
1186007,6
1284035,6
1041496,6
1077923,6
1127536,6
1098564,6
1032963,6
1142546,6
1003892,6
1092033,6
1279135,6
1180246,6
1039250,6
1285370,6
1029982,6
1180414,6
1010909,6
1276915,6
1165097,6
1218377,6
1107130,6
1188019,6
1238442,6
1154537,6
1198893,6
1125174,6
1019683,6
1018809,6
1246203,6
1143363,6
1005356,6
1220136,6
1159123,6
1197990,6
1033229,6
1114062,6
1040582,6
1086864,6
1239069,6
1167674,6
1118631,6
1239226,6
1052370,6
1058938,6
1096055,6
1016461,6
1160725,6
1265739,6
1139254,6
1217571,6
1112986,6
1319118,6
1078630,6
1230757,6
1319465,6
1047026,6
1155432,6
1280508,6
1064330,6
1011042,6
1060521,6
1284137,6
1132370,6
1261505,6
1221687,6
1144723,6
1192981,6
1167290,6
1145113,6
1062874,6
1028173,6
1004433,6
1115035,6
1105629,6
1146478,6
1170283,6
1222968,6
1182853,6
1140878,6
1258172,6
1213282,6
1102953,6
1060287,6
1233701,6
1132837,6
1149713,6
1283657,6
1227231,6
1280356,6
1121107,6
1157144,6
1208857,6
1207486,6
1069575,6
1256216,6
1094415,6
1067130,6
1018840,6
1074856,6
1084172,6
1311070,6
1278837,6
1231105,6
1049595,6
1284565,6
1009656,6
1308019,6
1117759,6
1114533,6
1228055,6
1161944,6
1282541,6
1030378,6
1020649,6
1170402,6
1258978,6
1016308,6
1170469,6
1012842,6
1099451,6
1223435,6
1138886,6
1058233,6
1156191,6
1087508,6
1135585,6
1080981,6
1311387,6
1157173,6
1008890,6
1253524,6
1214574,6
1321852,6
1180930,6
1150617,6
1088084,6
1124527,6
1199954,6
1013021,6
1310255,6
1177861,6
1201314,6
1232813,6
1266298,6
1137573,6
1290676,6
1210256,6
1114252,6
1309400,6
1021671,6
1229812,6
1317404,6
1253768,6
1058578,6
1152448,6
1299747,6
1185891,6
1068127,6
1230374,6
1017454,6
1116768,6
1145111,6
1079911,6
1090062,6
1295929,6
1125266,6
1198689,6
1153748,6
1074582,6
1149302,6
1319613,6
1264240,6
1091405,6
1156922,6
1217616,6
1251030,6
1247092,6
1229524,6
1108115,6
1134848,6
1218665,6
1025871,6
1036931,6
1315170,6
1125005,6
1253964,6
1240856,6
1241722,6
1037177,6
1214333,6
1191328,6
1089486,6
1188833,6
1203939,6
1223646,6
1317826,6
1217005,6
1053429,6
1006554,6
1116856,6
1165326,6
1002299,6
1272968,6
1284748,6
1250682,6
1100213,6
1148667,6
1139248,6
1201401,6
1184058,6
1106590,6
1228800,6
1025201,6
1112229,6
1269859,6
1191281,6
1274873,6
1102852,6
1130973,6
1319970,6
1325068,6
1102507,6
1224076,6
1048953,6
1310740,6
1263098,6
1112429,6
1317371,6
1178022,6
1105615,6
1011043,6
1298173,6
1199397,6
1110899,6
1202910,6
1141441,6
1015172,6
1318217,6
1252623,6
1306512,6
1168223,6
1221148,6
1298951,6
1074371,6
1262316,6
1150214,6
1025569,6
1197067,6
1240011,6
1233210,6
1183888,6
1299889,6
1021789,6
1214411,6
1275533,6
1207002,6
1263323,6
1240870,6
1215132,6
1102125,6
1015762,6
1214351,6
1285626,6
1080675,6
1146562,6
1107592,6
1251107,6
1098672,6
1051983,6
1220015,6
1207554,6
1142615,6
1114911,6
1302980,6
1106064,6
1291767,6
1310128,6
1055698,6
1168327,6
1021822,6
1169339,6
1102005,6
1064350,6
1151688,6
1176508,6
1215159,6
1036874,6
1286191,6
1060844,6
1228155,6
1163041,6
1097826,6
1314020,6
1277590,6
1282777,6
1196876,6
1059297,6
1015481,6
1253217,6
1310248,6
1324595,6
1193199,6
1261507,6
1103976,6
1080313,6
1261556,6
1181109,6
1138701,6
1087958,6
1199396,6
1210039,6
1175435,6
1005715,6
1259632,6
1258300,6
1140417,6
1189459,6
1124301,6
1162712,6
1170466,6
1270942,6
1286981,6
1124962,6
1244359,6
1134447,6
1199226,6
1258546,6
1183775,6
1285923,6
1167897,6
1092280,6
1011074,6
1095749,6
1199079,6
1192003,6
1002792,6
1264250,6
1204220,6
1045746,6
1002105,6
1288613,6
1042750,6
1257224,6
1278475,6
1097329,6
1282486,6
1273679,6
1169029,6
1125241,6
1130668,6
1071168,6
1304687,6
1046226,6
1112200,6
1287554,6
1027793,6
1126337,6
1307010,6
1023157,6
1210701,6
1077932,6
1229814,6
1005647,6
1181729,6
1126759,6
1006730,6
1241191,6
1126303,6
1124064,6
1176996,6
1173314,6
1106458,6
1216526,6
1094402,6
1159198,6
1094987,6
1239993,6
1139131,6
1073936,6
1022377,6
1267180,6
1179292,6
1264431,6
1322808,6
1273930,6
1210867,6
1156125,6
1192306,6
1096251,6
1035467,6
1295029,6
1236409,6
1319849,6
1301219,6
1272114,6
1219071,6
1319248,6
1224194,6
1219638,6
1309967,6
1261570,6
1196587,6
1310726,6
1269568,6
1142824,6
1016437,6
1034483,6
1176980,6
1290945,6
1046964,6
1140950,6
1225805,6
1273611,6
1298791,6
1221632,6
1220121,6
1106051,6
1043770,6
1076171,6
1052052,6
1248908,6
1310932,6
1126304,6
1096513,6
1218185,6
1027994,6
1126385,6
1049377,6
1068831,6
1301216,6
1209139,6
1223624,6
1026654,6
1168623,6
1026284,6
1186420,6
1001996,6
1225602,6
1314229,6
1084714,6
1072641,6
1056588,6
1214773,6
1282129,6
1310052,6
1199342,6
1314256,6
1118849,6
1064584,6
1176448,6
1294170,6
1299507,6
1043005,6
1156683,6
1012658,6
1080943,6
1304838,6
1191041,6
1081130,6
1064241,6
1319994,6
1236792,6
1079764,6
1031931,6
1182536,6
1175338,6
1234726,6
1111079,6
1203810,6
1073226,6
1046172,6
1317240,6
1203999,6
1323168,6
1037567,6
1268279,6
1099940,6
1106884,6
1294849,6
1113383,6
1287321,6
1076405,6
1132608,6
1222990,6
1284885,6
1234082,6
1091275,6
1076632,6
1030585,6
1226538,6
1176836,6
1221974,6
1009296,6
1238985,6
1257857,6
1186073,6
1034119,6
1180213,6
1260526,6
1279603,6
1304523,6
1023369,6
1015133,6
1141903,6
1056229,6
1109627,6
1012229,6
1102910,6
1215772,6
1018842,6
1247637,6
1248181,6
1142308,6
1266332,6
1246489,6
1249374,6
1244426,6
1295903,6
1062216,6
1127382,6
1097043,6
1246950,6
1256256,6
1288583,6
1192805,6
1205507,6
1211690,6
1196837,6
1220347,6
1003995,6
1194422,6
1309268,6
1305912,6
1254937,6
1191671,6
1027428,6
1259732,6
1018475,6
1169728,6
1148861,6
1128649,6
1108415,6
1294688,6
1263534,6
1109461,6
1266100,6
1299661,6
1256980,6
1179092,6
1139383,6
1281956,6
1246915,6
1315787,6
1242283,6
1074559,6
1221277,6
1096456,6
1054601,6
1087391,6
1255072,6
1070666,6
1293978,6
1275212,6
1305056,6
1107288,6
1049983,6
1049992,6
1178068,6
1251662,6
1222700,6
1117404,6
1031122,6
1302074,6
1299544,6
1170904,6
1238686,6
1217332,6
1288119,6
1102088,6
1272502,6
1261063,6
1146707,6
1106469,6
1114307,6
1315655,6
1046971,6
1234893,6
1154721,6
1292389,6
1166981,6
1129288,6
1266497,6
1153574,6
1107113,6
1225221,6
1039588,6
1324682,6
1068402,6
1285080,6
1026784,6
1316066,6
1066707,6
1279886,6
1009526,6
1114139,6
1165450,6
1226097,6
1316453,6
1219218,6
1025239,6
1297655,6
1057286,6
1127617,6
1070530,6
1247403,6
1218522,6
1283262,6
1202551,6
1091282,6
1071457,6
1128240,6
1255851,6
1167860,6
1032827,6
1216642,6
1148883,6
1097133,6
1286080,6
1297208,6
1280267,6
1173365,6
1061926,6
1321906,6
1052483,6
1173328,6
1120278,6
1217719,6
1175345,6
1277255,6
1129300,6
1041301,6
1226108,6
1245389,6
1134875,6
1157865,6
1154237,6
1248538,6
1216242,6
1164421,6
1146810,6
1317783,6
1125499,6
1137542,6
1243859,6
1139900,6
1184367,6
1078785,6
1141663,6
1244138,6
1232547,6
1087437,6
1222934,6
1153020,6
1216864,6
1024486,6
1122936,6
1220500,6
1236556,6
1094460,6
1121752,6
1146031,6
1203245,6
1008900,6
1114967,6
1138157,6
1060187,6
1147078,6
1319294,6
1308202,6
1134303,6
1056187,6
1220964,6
1307262,6
1302930,6
1164209,6
1194657,6
1313829,6
1180898,6
1197405,6
1011024,6
1193444,6
1304424,6
1032072,6
1244455,6
1004704,6
1042111,6
1165958,6
1195069,6
1241321,6
1072887,6
1263950,6
1214401,6
1232031,6
1292624,6
1211570,6
1184791,6
1259558,6
1126213,6
1085150,6
1147700,6
1102309,6
1086635,6
1068970,6
1185980,6
1064644,6
1108192,6
1133019,6
1306113,6
1109193,6
1308186,6
1160161,6
1018985,6
1258309,6
1144795,6
1066544,6
1323469,6
1002891,6
1227441,6
1310772,6
1148116,6
1089596,6
1154527,6
1145024,6
1081033,6
1065469,6
1144302,6
1197743,6
1059607,6
1024330,6
1099352,6
1027124,6
1097761,6
1157728,6
1292993,6
1226381,6
1113496,6
1110449,6
1104775,6
1264602,6
1048208,6
1297120,6
1277510,6
1241270,6
1051305,6
1073381,6
1080702,6
1101597,6
1294384,6
1140476,6
1065381,6
1247869,6
1161274,6
1239116,6
1167636,6
1182560,6
1106001,6
1178753,6
1207283,6
1128656,6
1041344,6
1109762,6
1192530,6
1116992,6
1318785,6
1098998,6
1274437,6
1244197,6
1219292,6
1187157,6
1321536,6
1288888,6
1215737,6
1025412,6
1061741,6
1185027,6
1013654,6
1134430,6
1267738,6
1001344,6
1282227,6
1278043,6
1271096,6
1072054,6
1087219,6
1227033,6
1068157,6
1244098,6
1119872,6
1240239,6
1215104,6
1109014,6
1314814,6
1200643,6
1319685,6
1107663,6
1084317,6
1039368,6
1012601,6
1242469,6
1217131,6
1089686,6
1321940,6
1163637,6
1049113,6
1023972,6
1042674,6
1231529,6
1026789,6
1006719,6
1015688,6
1307850,6
1183109,6
1229394,6
1156395,6
1295863,6
1291304,6
1081545,6
1116601,6
1228110,6
1080860,6
1067508,6
1077159,6
1115139,6
1193367,6
1264724,6
1243026,6
1140538,6
1180665,6
1314064,6
1069079,6
1261082,6
1303927,6
1130318,6
1279694,6
1316363,6
1029164,6
1104900,6
1238319,6
1228389,6
1124612,6
1220862,6
1259648,6
1092597,6
1187156,6
1319150,6
1070628,6
1185934,6
1317650,6
1164482,6
1186323,6
1165376,6
1078457,6
1213073,6
1045992,6
1295555,6
1045437,6
1259603,6
1268957,6
1149360,6
1172398,6
1054330,6
1123509,6
1137990,6
1265068,6
1248893,6
1202404,6
1214608,6
1079482,6
1129348,6
1170431,6
1139906,6
1317159,6
1265376,6
1111322,6
1012208,6
1291925,6
1134004,6
1270651,6
1164765,6
1245417,6
1275505,6
1191405,6
1179148,6
1052385,6
1022285,6
1227673,6
1312765,6
1193359,6
1103162,6
1301877,6
1072051,6
1094482,6
1128251,6
1042895,6
1132279,6
1209780,6
1111831,6
1039819,6
1225402,6
1155522,6
1163390,6
1032495,6
1036675,6
1306109,6
1247577,6
1291013,6
1130396,6
1234317,6
1126158,6
1240793,6
1113665,6
1038886,6
1254595,6
1214193,6
1222958,6
1085757,6
1072682,6
1307410,6
1019399,6
1192220,6
1280785,6
1197986,6
1179457,6
1254335,6
1027851,6
1204030,6
1303811,6
1239267,6
1112456,6
1298416,6
1212592,6
1051591,6
1223194,6
1200060,6
1193443,6
1285156,6
1001149,6
1156949,6
1207507,6
1041469,6
1035664,6
1188566,6
1017136,6
1295473,6
1225440,6
1114675,6
1264411,6
1272642,6
1151135,6
1129312,6
1110325,6
1275448,6
1188136,6
1252497,6
1097106,6
1227590,6
1017054,6
1101331,6
1071969,6
1254789,6
1039074,6
1127859,6
1002987,6
1256496,6
1151561,6
1256537,6
1021289,6
1269514,6
1298056,6
1128965,6
1107847,6
1059940,6
1254118,6
1271673,6
1266107,6
1152466,6
1219898,6
1033115,6
1276935,6
1044096,6
1109426,6
1176267,6
1289806,6
1041568,6
1212508,6
1238739,6
1116688,6
1080420,6
1144936,6
1310946,6
1193527,6
1236049,6
1065853,6
1085325,6
1059988,6
1236251,6
1180064,6
1047082,6
1306871,6
1245636,6
1310854,6
1279399,6
1252592,6
1073778,6
1126669,6
1263844,6
1210535,6
1091974,6
1293410,6
1097101,6
1325327,6
1072198,6
1221648,6
1079159,6
1213061,6
1067596,6
1320840,6
1188366,6
1294398,6
1309705,6
1119998,6
1003694,6
1010028,6
1024581,6
1033711,6
1146790,6
1125760,6
1035226,6
1261436,6
1060416,6
1260339,6
1242130,6
1091108,6
1063536,6
1273491,6
1056105,6
1244645,6
1096624,6
1206996,6
1066215,6
1205256,6
1260591,6
1278838,6
1168469,6
1243997,6
1303288,6
1113341,6
1324395,6
1000285,6
1073321,6
1214984,6
1017924,6
1056024,6
1072450,6
1058960,6
1256641,6
1252170,6
1029937,6
1061026,6
1113788,6
1219594,6
1297384,6
1174624,6
1104388,6
1243223,6
1088394,6
1298051,6
1088649,6
1113895,6
1305220,6
1282459,6
1265644,6
1140994,6
1017542,6
1147339,6
1119152,6
1202555,6
1194680,6
1281338,6
1013216,6
1173278,6
1209094,6
1185742,6
1017241,6
1273197,6
1062587,6
1196780,6
1044999,6
1094081,6
1296084,6
1102014,6
1201866,6
1159765,6
1253477,6
1281279,6
1221064,6
1323173,6
1038386,6
1051124,6
1228578,6
1231220,6
1032237,6
1152628,6
1190371,6
1309605,6
1272162,6
1248585,6
1316407,6
1252580,6
1148207,6
1187170,6
1138463,6
1199402,6
1064738,6
1276170,6
1094787,6
1041903,6
1190087,6
1223683,6
1318748,6
1275434,6
1190390,6
1059981,6
1301948,6
1048385,6
1025220,6
1030125,6
1148896,6
1230728,6
1127580,6
1039101,6
1114802,6
1097556,6
1062128,6
1181014,6
1158910,6
1088388,6
1241796,6
1284329,6
1221057,6
1210416,6
1019409,6
1034198,6
1269630,6
1228234,6
1257686,6
1310004,6
1216144,6
1289879,6
1086209,6
1303165,6
1276743,6
1236454,6
1086093,6
1231575,6
1283911,6
1129613,6
1032694,6
1123759,6
1191288,6
1281783,6
1014682,6
1228384,6
1159998,6
1129743,6
1258990,6
1065572,6
1166170,6
1291481,6
1325778,6
1105468,6
1010270,6
1077240,6
1077956,6
1009401,6
1023722,6
1265480,6
1013615,6
1289454,6
1311915,6
1306831,6
1221178,6
1118827,6
1154982,6
1245074,6
1134762,6
1100959,6
1048518,6
1098590,6
1024622,6
1264864,6
1169613,6
1270955,6
1310185,6
1244367,6
1127259,6
1161964,6
1090572,6
1085104,6
1241955,6
1312043,6
1264314,6
1064852,6
1300022,6
1238991,6
1146134,6
1141511,6
1256176,6
1306891,6
1241658,6
1023579,6
1225580,6
1206036,6
1118275,6
1097641,6
1137315,6
1210238,6
1151229,6
1308092,6
1050094,6
1206430,6
1203893,6
1250921,6
1240525,6
1064430,6
1200387,6
1317270,6
1218197,6
1199462,6
1152408,6
1098752,6
1034739,6
1060265,6
1050566,6
1242692,6
1256087,6
1229064,6
1220326,6
1198962,6
1181285,6
1135484,6
1012251,6
1229587,6
1053774,6
1148296,6
1310167,6
1298327,6
1218234,6
1230981,6
1316215,6
1060021,6
1289632,6
1033993,6
1211073,6
1246013,6
1031473,6
1277015,6
1073267,6
1189819,6
1295916,6
1249317,6
1282798,6
1283548,6
1012486,6
1286145,6
1100080,6
1146897,6
1132315,6
1220754,6
1132802,6
1166339,6
1219410,6
1069532,6
1270117,6
1146891,6
1126864,6
1104486,6
1181360,6
1315033,6
1069962,6
1056361,6
1091488,6
1078166,6
1276727,6
1097698,6
1243465,6
1126844,6
1207014,6
1257150,6
1001322,6
1037618,6
1236375,6
1174111,6
1268944,6
1279690,6
1303390,6
1250430,6
1135684,6
1154241,6
1243529,6
1159834,6
1023565,6
1190097,6
1239720,6
1126179,6
1272754,6
1260870,6
1292130,6
1113156,6
1325584,6
1144378,6
1062523,6
1107520,6
1149640,6
1281634,6
1150038,6
1067231,6
1268777,6
1302327,6
1174970,6
1289389,6
1043255,6
1068645,6
1288050,6
1243385,6
1094630,6
1089865,6
1002462,6
1204240,6
1205900,6
1170152,6
1156210,6
1029679,6
1226828,6
1083273,6
1239699,6
1219280,6
1079277,6
1293210,6
1271050,6
1143414,6
1309248,6
1105508,6
1075327,6
1095473,6
1033873,6
1112279,6
1111052,6
1028081,6
1156428,6
1097028,6
1016082,6
1131884,6
1239078,6
1110972,6
1100553,6
1197760,6
1086957,6
1276937,6
1006544,6
1219940,6
1147544,6
1290685,6
1121333,6
1252639,6
1253357,6
1050302,6
1103570,6
1138177,6
1276415,6
1062756,6
1130299,6
1317756,6
1266830,6
1048484,6
1019943,6
1317967,6
1081813,6
1054855,6
1081574,6
1201152,6
1301299,6
1083866,6
1283163,6
1266576,6
1115055,6
1131808,6
1068912,6
1157199,6
1270268,6
1019984,6
1286564,6
1203232,6
1040072,6
1157283,6
1242588,6
1177254,6
1208181,6
1099502,6
1194638,6
1305404,6
1172709,6
1005135,6
1257611,6
1169390,6
1144892,6
1075846,6
1108909,6
1023411,6
1198149,6
1258944,6
1163783,6
1200083,6
1097134,6
1100291,6
1038941,6
1282028,6
1249449,6
1201474,6
1145488,6
1105158,6
1173418,6
1062254,6
1285804,6
1268271,6
1033472,6
1155693,6
1291342,6
1278243,6
1286401,6
1144700,6
1296286,6
1113713,6
1041146,6
1051145,6
1160291,6
1211735,6
1015871,6
1133723,6
1205723,6
1245539,6
1017567,6
1304074,6
1120923,6
1022788,6
1105537,6
1200662,6
1284167,6
1229135,6
1064918,6
1142227,6
1244871,6
1266319,6
1250261,6
1216945,6
1004002,6
1242421,6
1038124,6
1213307,6
1158168,6
1236924,6
1226240,6
1014319,6
1299928,6
1302599,6
1026457,6
1301172,6
1264192,6
1320767,6
1178999,6
1076174,6
1253050,6
1221236,6
1197352,6
1169522,6
1235852,6
1017635,6
1089620,6
1281235,6
1234917,6
1124789,6
1111449,6
1229156,6
1043749,6
1117385,6
1316672,6
1308287,6
1154898,6
1303486,6
1124269,6
1028218,6
1291663,6
1061566,6
1014753,6
1176311,6
1293507,6
1144733,6
1178334,6
1059971,6
1086504,6
1081217,6
1262709,6
1231708,6
1152432,6
1155318,6
1006460,6
1024906,6
1130323,6
1117501,6
1280444,6
1208127,6
1122580,6
1265371,6
1233040,6
1109686,6
1166345,6
1152667,6
1160199,6
1165210,6
1062802,6
1186706,6
1076414,6
1146387,6
1202676,6
1027540,6
1140039,6
1251456,6
1021346,6
1088261,6
1042049,6
1109927,6
1242883,6
1287148,6
1028551,6
1305739,6
1007464,6
1198430,6
1000894,6
1139607,6
1100914,6
1175515,6
1152547,6
1119568,6
1071037,6
1225111,6
1156286,6
1102339,6
1246313,6
1239105,6
1029611,6
1279389,6
1155349,6
1002196,6
1306808,6
1157911,6
1038026,6
1283450,6
1320479,6
1045881,6
1277454,6
1049528,6
1129728,6
1269986,6
1008576,6
1062663,6
1258895,6
1004727,6
1087558,6
1238185,6
1057970,6
1227594,6
1265226,6
1106364,6
1084521,6
1132732,6
1024720,6
1288080,6
1059019,6
1013516,6
1004081,6
1181804,6
1235284,6
1047334,6
1282531,6
1036075,6
1282916,6
1233932,6
1287568,6
1028500,6
1096706,6
1101082,6
1116224,6
1196706,6
1283591,6
1223530,6
1115258,6
1184242,6
1103550,6
1031616,6
1207020,6
1112776,6
1241666,6
1014175,6
1080328,6
1298462,6
1041106,6
1140124,6
1128146,6
1237880,6
1271537,6
1068013,6
1006197,6
1149327,6
1320712,6
1028625,6
1301227,6
1060533,6
1311316,6
1017337,6
1181917,6
1127874,6
1056494,6
1052382,6
1095824,6
1057199,6
1140102,6
1233427,6
1032790,6
1088342,6
1307507,6
1236018,6
1152349,6
1108628,6
1087579,6
1318892,6
1184852,6
1325657,6
1080041,6
1015387,6
1125421,6
1013340,6
1053778,6
1008052,6
1125315,6
1214414,6
1197014,6
1286613,6
1086533,6
1191539,6
1278135,6
1006608,6
1302972,6
1099640,6
1124426,6
1075329,6
1130130,6
1171376,6
1117138,6
1012299,6
1053626,6
1226517,6
1134514,6
1077082,6
1270766,6
1246649,6
1084722,6
1319145,6
1067035,6
1057622,6
1212218,6
1138022,6
1027786,6
1147099,6
1159145,6
1055266,6
1120052,6
1223535,6
1212880,6
1123813,6
1295108,6
1128008,6
1315276,6
1321128,6
1263887,6
1076205,6
1013621,6
1126020,6
1008302,6
1186077,6
1272015,6
1196057,6
1110328,6
1253463,6
1157035,6
1003212,6
1266634,6
1081828,6
1087840,6
1321493,6
1183596,6
1097512,6
1030907,6
1287063,6
1084607,6
1108153,6
1123231,6
1310642,6
1229701,6
1233901,6
1095724,6
1083062,6
1010677,6
1169702,6
1217832,6
1094935,6
1285900,6
1210873,6
1074558,6
1097076,6
1174009,6
1233394,6
1299357,6
1232405,6
1044314,6
1267925,6
1121080,6
1009974,6
1263941,6
1287246,6
1235254,6
1217242,6
1103429,6
1323337,6
1078221,6
1226329,6
1276295,6
1125155,6
1148844,6
1312901,6
1173759,6
1222214,6
1074458,6
1284001,6
1095483,6
1058541,6
1310250,6
1310418,6
1130609,6
1206090,6
1130454,6
1057933,6
1082174,6
1207584,6
1158348,6
1288304,6
1088529,6
1008506,6
1105536,6
1294860,6
1246742,6
1139873,6
1182939,6
1027293,6
1030467,6
1263164,6
1232987,6
1062374,6
1075625,6
1208468,6
1152132,6
1101018,6
1308720,6
1201610,6
1023643,6
1227782,6
1274672,6
1019787,6
1240397,6
1240102,6
1113185,6
1117201,6
1011005,6
1151365,6
1155931,6
1012362,6
1061354,6
1152374,6
1177868,6
1267365,6
1129113,6
1078205,6
1056296,6
1080585,6
1116862,6
1300417,6
1170130,6
1191866,6
1235339,6
1292121,6
1074694,6
1270513,6
1134213,6
1175778,6
1258232,6
1107495,6
1140340,6
1027708,6
1190628,6
1067662,6
1151531,6
1287595,6
1101655,6
1043047,6
1242543,6
1320808,6
1020579,6
1179952,6
1214926,6
1300954,6
1312996,6
1043128,6
1119210,6
1299819,6
1178395,6
1267403,6
1000490,6
1037043,6
1173187,6
1051228,6
1116930,6
1068213,6
1276241,6
1254559,6
1193337,6
1065681,6
1282858,6
1322764,6
1135068,6
1073314,6
1208274,6
1314761,6
1109578,6
1015374,6
1271752,6
1247804,6
1069049,6
1039621,6
1305130,6
1116302,6
1103699,6
1243421,6
1075554,6
1240409,6
1005602,6
1251732,6
1109508,6
1065501,6
1125488,6
1087776,6
1126242,6
1127062,6
1307716,6
1191486,6
1022447,6
1128691,6
1115383,6
1034593,6
1153512,6
1179733,6
1155815,6
1008190,6
1277685,6
1183613,6
1322409,6
1093294,6
1114605,6
1324954,6
1125822,6
1263433,6
1304826,6
1132978,6
1013192,6
1163500,6
1220717,6
1143692,6
1096033,6
1105315,6
1307713,6
1173381,6
1046691,6
1217062,6
1093710,6
1237558,6
1075632,6
1198076,6
1160084,6
1022822,6
1013498,6
1254935,6
1310182,6
1267262,6
1296424,6
1308809,6
1070886,6
1097833,6
1222197,6
1250612,6
1259143,6
1196235,6
1241962,6
1310858,6
1209708,6
1036069,6
1232552,6
1146580,6
1312766,6
1060821,6
1225073,6
1145205,6
1010060,6
1216008,6
1003057,6
1112989,6
1118777,6
1128884,6
1266206,6
1271997,6
1082236,6
1131318,6
1108086,6
1039485,6
1246346,6
1008600,6
1027436,6
1178403,6
1225562,6
1020400,6
1189236,6
1004246,6
1041649,6
1264619,6
1303026,6
1096091,6
1102846,6
1070206,6
1045742,6
1107064,6
1025851,6
1133588,6
1051618,6
1028828,6
1193955,6
1108028,6
1020060,6
1277513,6
1007597,6
1053088,6
1291466,6
1292559,6
1221508,6
1104862,6
1152626,6
1266369,6
1132461,6
1293103,6
1256733,6
1318120,6
1095588,6
1032953,6
1235943,6
1048179,6
1037876,6
1295017,6
1127263,6
1191942,6
1210400,6
1312413,6
1160067,6
1028724,6
1145959,6
1129911,6
1007324,6
1293204,6
1043868,6
1147119,6
1090989,6
1123476,6
1099248,6
1145885,6
1057649,6
1097341,6
1101016,6
1097614,6
1221668,6
1183162,6
1203539,6
1226011,6
1087988,6
1033460,6
1297167,6
1246423,6
1079243,6
1178279,6
1010842,6
1171484,6
1233741,6
1121344,6
1315208,6
1094138,6
1129679,6
1312278,6
1249132,6
1236559,6
1016018,6
1281283,6
1259112,6
1223688,6
1166172,6
1254879,6
1115983,6
1127574,6
1000375,6
1316853,6
1315662,6
1185937,6
1206959,6
1319028,6
1105236,6
1007530,6
1087730,6
1197040,6
1169946,6
1251375,6
1034208,6
1302942,6
1100461,6
1251114,6
1281659,6
1236849,6
1106661,6
1127807,6
1301776,6
1313595,6
1235819,6
1068368,6
1008790,6
1049511,6
1070302,6
1134453,6
1010065,6
1029074,6
1046057,6
1193488,6
1202765,6
1281412,6
1284140,6
1281188,6
1173459,6
1123024,6
1286829,6
1211880,6
1131717,6
1264146,6
1306952,6
1019043,6
1282322,6
1127404,6
1222635,6
1034257,6
1253319,6
1050865,6
1282961,6
1211965,6
1106634,6
1184129,6
1083332,6
1054765,6
1166185,6
1291814,6
1271516,6
1279726,6
1082251,6
1023639,6
1205399,6
1037236,6
1258435,6
1035982,6
1170070,6
1017909,6
1191546,6
1270373,6
1180603,6
1016365,6
1129949,6
1271682,6
1083035,6
1055282,6
1133097,6
1205643,6
1240781,6
1169993,6
1087338,6
1052015,6
1023538,6
1113980,6
1192923,6
1268730,6
1179804,6
1236325,6
1114734,6
1072741,6
1317642,6
1004063,6
1133000,6
1307182,6
1137388,6
1047728,6
1177659,6
1030443,6
1309521,6
1277926,6
1271874,6
1107796,6
1237070,6
1314115,6
1120877,6
1052046,6
1288813,6
1053046,6
1015339,6
1030947,6
1211392,6
1242503,6
1286913,6
1268353,6
1303083,6
1017707,6
1170346,6
1003387,6
1264808,6
1244030,6
1276594,6
1145686,6
1188955,6
1088229,6
1145286,6
1031327,6
1108724,6
1116375,6
1252181,6
1206638,6
1127028,6
1210898,6
1258600,6
1237280,6
1224339,6
1027685,6
1044597,6
1167152,6
1290835,6
1063037,6
1131168,6
1109413,6
1243854,6
1288366,6
1314151,6
1070648,6
1217398,6
1273849,6
1077426,6
1309135,6
1309128,6
1007899,6
1250387,6
1249983,6
1275552,6
1012055,6
1071323,6
1161635,6
1100488,6
1109242,6
1302612,6
1225193,6
1190215,6
1303955,6
1273177,6
1142732,6
1198824,6
1141690,6
1208773,6
1240152,6
1221274,6
1087844,6
1095867,6
1102459,6
1269050,6
1128721,6
1271567,6
1280219,6
1166841,6
1147476,6
1144678,6
1007848,6
1295895,6
1132130,6
1095556,6
1309394,6
1153481,6
1099449,6
1163784,6
1289563,6
1253086,6
1265436,6
1141542,6
1234560,6
1177689,6
1219473,6
1262873,6
1056827,6
1033350,6
1325313,6
1170776,6
1002828,6
1080316,6
1294672,6
1281483,6
1075260,6
1238722,6
1304491,6
1124703,6
1320678,6
1250673,6
1132301,6
1063695,6
1311542,6
1240112,6
1027388,6
1115967,6
1055572,6
1077844,6
1165196,6
1282630,6
1293757,6
1263339,6
1129022,6
1139169,6
1043484,6
1149977,6
1302744,6
1257510,6
1322864,6
1230799,6
1079829,6
1123929,6
1166905,6
1303374,6
1211382,6
1103496,6
1304730,6
1252141,6
1179191,6
1265781,6
1212863,6
1255829,6
1098095,6
1319638,6
1208599,6
1226792,6
1132766,6
1269134,6
1100605,6
1006266,6
1249279,6
1265011,6
1218594,6
1078720,6
1180422,6
1289517,6
1150234,6
1319106,6
1166534,6
1027589,6
1135214,6
1030133,6
1292790,6
1011981,6
1236857,6
1192389,6
1000329,6
1179741,6
1142933,6
1037792,6
1059389,6
1152528,6
1155570,6
1278341,6
1067357,6
1083626,6
1201120,6
1264599,6
1212529,6
1286312,6
1128395,6
1154652,6
1285678,6
1267635,6
1236705,6
1161783,6
1021629,6
1002656,6
1153660,6
1325543,6
1055348,6
1230737,6
1068010,6
1001210,6
1127690,6
1306881,6
1213273,6
1308920,6
1298259,6
1311282,6
1257266,6
1028578,6
1215117,6
1025189,6
1197833,6
1069428,6
1280905,6
1229333,6
1214364,6
1272874,6
1272477,6
1195698,6
1051391,6
1059611,6
1057764,6
1179535,6
1181607,6
1153895,6
1284446,6
1178933,6
1188859,6
1103420,6
1050122,6
1141736,6
1056199,6
1304166,6
1005270,6
1083150,6
1117550,6
1283185,6
1215307,6
1168251,6
1162802,6
1230778,6
1279121,6
1072594,6
1040581,6
1085943,6
1168164,6
1089078,6
1111538,6
1324960,6
1053834,6
1027435,6
1260635,6
1098689,6
1113437,6
1104951,6
1121043,6
1185054,6
1250572,6
1316851,6
1038435,6
1160280,6
1077428,6
1047133,6
1120133,6
1258526,6
1133096,6
1254101,6
1293348,6
1317284,6
1102884,6
1308713,6
1046032,6
1074052,6
1251800,6
1268406,6
1010945,6
1074155,6
1128650,6
1292005,6
1295529,6
1135090,6
1241384,6
1081914,6
1114627,6
1018844,6
1285442,6
1220656,6
1313732,6
1258156,6
1320578,6
1032839,6
1223999,6
1050658,6
1126502,6
1202462,6
1130282,6
1130685,6
1321609,6
1082302,6
1118517,6
1289289,6
1280700,6
1306518,6
1171795,6
1137701,6
1302739,6
1222565,6
1000920,6
1286340,6
1324241,6
1115611,6
1115103,6
1065476,6
1056746,6
1127549,6
1038944,6
1133380,6
1202265,6
1043694,6
1299808,6
1055067,6
1092132,6
1269732,6
1248898,6
1111790,6
1307820,6
1306811,6
1282496,6
1216788,6
1203557,6
1302033,6
1143061,6
1046352,6
1269938,6
1322882,6
1081733,6
1231804,6
1205220,6
1009050,6
1208561,6
1216257,6
1306779,6
1225423,6
1281386,6
1201939,6
1260286,6
1312034,6
1212230,6
1149511,6
1298423,6
1321522,6
1020758,6
1070726,6
1037544,6
1320513,6
1145663,6
1029780,6
1095189,6
1061714,6
1262287,6
1089847,6
1053858,6
1322953,6
1130268,6
1008207,6
1023155,6
1097744,6
1079400,6
1151614,6
1009066,6
1020856,6
1185289,6
1054938,6
1157730,6
1202433,6
1207335,6
1030344,6
1282370,6
1228026,6
1083948,6
1190389,6
1021874,6
1067599,6
1059321,6
1286371,6
1118909,6
1178244,6
1318841,6
1018088,6
1109199,6
1046779,6
1076573,6
1160923,6
1311736,6
1255377,6
1306586,6
1072736,6
1108058,6
1009383,6
1306490,6
1042627,6
1259942,6
1176781,6
1253475,6
1089400,6
1246858,6
1165522,6
1108907,6
1300130,6
1159786,6
1033778,6
1301263,6
1309097,6
1045363,6
1016682,6
1097710,6
1248933,6
1074659,6
1138640,6
1320117,6
1154208,6
1204626,6
1136949,6
1135171,6
1162469,6
1182984,6
1050893,6
1133026,6
1298924,6
1278162,6
1237729,6
1250732,6
1072577,6
1321913,6
1155526,6
1104740,6
1126486,6
1301893,6
1147289,6
1174858,6
1194473,6
1254258,6
1226231,6
1250002,6
1259719,6
1006145,6
1232237,6
1181600,6
1230954,6
1120467,6
1296199,6
1263688,6
1186812,6
1039062,6
1161699,6
1183543,6
1047458,6
1271578,6
1124656,6
1139374,6
1200998,6
1278849,6
1153366,6
1106750,6
1158784,6
1000123,6
1293464,6
1070535,6
1094112,6
1169758,6
1239631,6
1172123,6
1292271,6
1299274,6
1323509,6
1105123,6
1235435,6
1203113,6
1119830,6
1074191,6
1021755,6
1000054,6
1123584,6
1001265,6
1185071,6
1055598,6
1293260,6
1253692,6
1117676,6
1205508,6
1263882,6
1312838,6
1310160,6
1259730,6
1046074,6
1103959,6
1261279,6
1138379,6
1121499,6
1267300,6
1036066,6
1023492,6
1214748,6
1017275,6
1287956,6
1189066,6
1006447,6
1101196,6
1011454,6
1128032,6
1131443,6
1194972,6
1281201,6
1193814,6
1020049,6
1019861,6
1192167,6
1300183,6
1125929,6
1283274,6
1287648,6
1049265,6
1235381,6
1219977,6
1028485,6
1069131,6
1143075,6
1247560,6
1125796,6
1267964,6
1214893,6
1061662,6
1209083,6
1227316,6
1229070,6
1236708,6
1166256,6
1022121,6
1023840,6
1002710,6
1175136,6
1142162,6
1045231,6
1032750,6
1025804,6
1158260,6
1026990,6
1276177,6
1023272,6
1066888,6
1057640,6
1145277,6
1061058,6
1048395,6
1175079,6
1253087,6
1200813,6
1030924,6
1195406,6
1087996,6
1289442,6
1015338,6
1146552,6
1027209,6
1289347,6
1126113,6
1268822,6
1018820,6
1139227,6
1236358,6
1040477,6
1315416,6
1296734,6
1187925,6
1202570,6
1116524,6
1206465,6
1208640,6
1202501,6
1205832,6
1243655,6
1027380,6
1137982,6
1041937,6
1019641,6
1101570,6
1073236,6
1113236,6
1194325,6
1271847,6
1271646,6
1178050,6
1178108,6
1235488,6
1011727,6
1319578,6
1065604,6
1106057,6
1027014,6
1120349,6
1066300,6
1167633,6
1115629,6
1135297,6
1118341,6
1159403,6
1293792,6
1015155,6
1233699,6
1116760,6
1158755,6
1288701,6
1207425,6
1197397,6
1089625,6
1156324,6
1158931,6
1133367,6
1299425,6
1117152,6
1233653,6
1171340,6
1226115,6
1110128,6
1050871,6
1150344,6
1268865,6
1042687,6
1095256,6
1263288,6
1303636,6
1234580,6
1082756,6
1218523,6
1318679,6
1313837,6
1089889,6
1169285,6
1314565,6
1207087,6
1259780,6
1233708,6
1238252,6
1062538,6
1181338,6
1107760,6
1270383,6
1306885,6
1096788,6
1239911,6
1199409,6
1239470,6
1155082,6
1193084,6
1034513,6
1072982,6
1313967,6
1122166,6
1229084,6
1279036,6
1305003,6
1089531,6
1105129,6
1081458,6
1133178,6
1130086,6
1183720,6
1136919,6
1031636,6
1167820,6
1007816,6
1020219,6
1181801,6
1059367,6
1186886,6
1311998,6
1182114,6
1265527,6
1052118,6
1069380,6
1280894,6
1062115,6
1210339,6
1091006,6
1306803,6
1266953,6
1165149,6
1116162,6
1259351,6
1270904,6
1021888,6
1193813,6
1319529,6
1099273,6
1092282,6
1223685,6
1308061,6
1221718,6
1263529,6
1150966,6
1223474,6
1173922,6
1050337,6
1323686,6
1191025,6
1300732,6
1222954,6
1225784,6
1307396,6
1216313,6
1120014,6
1283766,6
1271135,6
1272200,6
1073111,6
1227937,6
1312094,6
1300662,6
1245492,6
1156081,6
1019290,6
1038484,6
1270237,6
1167294,6
1264628,6
1266800,6
1119835,6
1159183,6
1289569,6
1103909,6
1023710,6
1092865,6
1045837,6
1209117,6
1270760,6
1310118,6
1181888,6
1123061,6
1100283,6
1287497,6
1154040,6
1236188,6
1013309,6
1106038,6
1150124,6
1082971,6
1168954,6
1318933,6
1192915,6
1216953,6
1029119,6
1278478,6
1243701,6
1321846,6
1023910,6
1007116,6
1185523,6
1285997,6
1214444,6
1213812,6
1091083,6
1135179,6
1192513,6
1014306,6
1322056,6
1184294,6
1248941,6
1082719,6
1290712,6
1198756,6
1097868,6
1002069,6
1282610,6
1101078,6
1021258,6
1050594,6
1135577,6
1298137,6
1147939,6
1276157,6
1299866,6
1032318,6
1014758,6
1164516,6
1257848,6
1159081,6
1305593,6
1095231,6
1097908,6
1064695,6
1313623,6
1293569,6
1087849,6
1162022,6
1028242,6
1267783,6
1154751,6
1097716,6
1193307,6
1285456,6
1130165,6
1096896,6
1246766,6
1094401,6
1272607,6
1034061,6
1321312,6
1140657,6
1013150,6
1318686,6
1125746,6
1175217,6
1122517,6
1055152,6
1190109,6
1117847,6
1071097,6
1228653,6
1012856,6
1064627,6
1068555,6
1190305,6
1091080,6
1180033,6
1087912,6
1250931,6
1007810,6
1068738,6
1202986,6
1178689,6
1126656,6
1250988,6
1204884,6
1218997,6
1261561,6
1278349,6
1115439,6
1131977,6
1199172,6
1214266,6
1014983,6
1274398,6
1316006,6
1233360,6
1162820,6
1214628,6
1153308,6
1068202,6
1027051,6
1040224,6
1223619,6
1249882,6
1022932,6
1310795,6
1297437,6
1098575,6
1231339,6
1304652,6
1243733,6
1197565,6
1145139,6
1190858,6
1271169,6
1052300,6
1198664,6
1187922,6
1172714,6
1309919,6
1125385,6
1067757,6
1311710,6
1294790,6
1212335,6
1112053,6
1071306,6
1191033,6
1177828,6
1090024,6
1294183,6
1122246,6
1097728,6
1100973,6
1254495,6
1032664,6
1280189,6
1072025,6
1177247,6
1081078,6
1137401,6
1018542,6
1014266,6
1085155,6
1228982,6
1094570,6
1111666,6
1149348,6
1041626,6
1114299,6
1265283,6
1112938,6
1211361,6
1251153,6
1220416,6
1296554,6
1213482,6
1139882,6
1283481,6
1021171,6
1240461,6
1160961,6
1146551,6
1307916,6
1237606,6
1312857,6
1279087,6
1042659,6
1152366,6
1067280,6
1210695,6
1086385,6
1157106,6
1116201,6
1032398,6
1125239,6
1086975,6
1085581,6
1085056,6
1211046,6
1084101,6
1166503,6
1034662,6
1025421,6
1150292,6
1050671,6
1033696,6
1270442,6
1125679,6
1030548,6
1031012,6
1320668,6
1281695,6
1303743,6
1279633,6
1075206,6
1287443,6
1135502,6
1275407,6
1151272,6
1176457,6
1189755,6
1035894,6
1071698,6
1180273,6
1283319,6
1165112,6
1067974,6
1081122,6
1028548,6
1106886,6
1318865,6
1205893,6
1255376,6
1182960,6
1315515,6
1121853,6
1134726,6
1173369,6
1132617,6
1248389,6
1041477,6
1148384,6
1319091,6
1077370,6
1012391,6
1045871,6
1225070,6
1312151,6
1282101,6
1101800,6
1084485,6
1118787,6
1063560,6
1165096,6
1163043,6
1143699,6
1064045,6
1160848,6
1052976,6
1084769,6
1309436,6
1145283,6
1087790,6
1045679,6
1187880,6
1257734,6
1237450,6
1280856,6
1076867,6
1104172,6
1306896,6
1166821,6
1273713,6
1261618,6
1063547,6
1221639,6
1201264,6
1161051,6
1171075,6
1161793,6
1188690,6
1036491,6
1133807,6
1058397,6
1062294,6
1287671,6
1171695,6
1052084,6
1103968,6
1067898,6
1176960,6
1186343,6
1031488,6
1118970,6
1086838,6
1275090,6
1071902,6
1178817,6
1222786,6
1015810,6
1232977,6
1042980,6
1309443,6
1304012,6
1099710,6
1129515,6
1287643,6
1296443,6
1081874,6
1262381,6
1052733,6
1192873,6
1176029,6
1322324,6
1275638,6
1230494,6
1307171,6
1066074,6
1263981,6
1082575,6
1114390,6
1028563,6
1131244,6
1195754,6
1252536,6
1099561,6
1136366,6
1105256,6
1281532,6
1003626,6
1020600,6
1271826,6
1097947,6
1310066,6
1114181,6
1319262,6
1100031,6
1302125,6
1093192,6
1287644,6
1147026,6
1122412,6
1131800,6
1109197,6
1185632,6
1015930,6
1103407,6
1036860,6
1200716,6
1072573,6
1242898,6
1121125,6
1003014,6
1214391,6
1267351,6
1084347,6
1300966,6
1183597,6
1204490,6
1029756,6
1250122,6
1204018,6
1117591,6
1036907,6
1097246,6
1215396,6
1161921,6
1204351,6
1216843,6
1059713,6
1266645,6
1208792,6
1279491,6
1075710,6
1298948,6
1211947,6
1211698,6
1114852,6
1101344,6
1211193,6
1246276,6
1265223,6
1058306,6
1184897,6
1134962,6
1179013,6
1168847,6
1200120,6
1112263,6
1072331,6
1114778,6
1091632,6
1107176,6
1323679,6
1312255,6
1287587,6
1027357,6
1287998,6
1162053,6
1255059,6
1168837,6
1047043,6
1305102,6
1092010,6
1307480,6
1281391,6
1078680,6
1226531,6
1284306,6
1208147,6
1147787,6
1322208,6
1119875,6
1099002,6
1135829,6
1051396,6
1015976,6
1052418,6
1224697,6
1161501,6
1115037,6
1054778,6
1277710,6
1193470,6
1044511,6
1161333,6
1290019,6
1322501,6
1236572,6
1108159,6
1085955,6
1248492,6
1263285,6
1266984,6
1281854,6
1123448,6
1132681,6
1194916,6
1144751,6
1228549,6
1015418,6
1149041,6
1132388,6
1173038,6
1114562,6
1048842,6
1012904,6
1062763,6
1242882,6
1274905,6
1126692,6
1106576,6
1192330,6
1293300,6
1212540,6
1149986,6
1174132,6
1100796,6
1101696,6
1005857,6
1279909,6
1198201,6
1042672,6
1020055,6
1000918,6
1038660,6
1282286,6
1220021,6
1166135,6
1134560,6
1034834,6
1317432,6
1227494,6
1116735,6
1086948,6
1008575,6
1259992,6
1040373,6
1319002,6
1187254,6
1314494,6
1248393,6
1077866,6
1307658,6
1076608,6
1086169,6
1264949,6
1317771,6
1065893,6
1054378,6
1105602,6
1147064,6
1151633,6
1057512,6
1082513,6
1056194,6
1021841,6
1020722,6
1304992,6
1035378,6
1027615,6
1020830,6
1059491,6
1145119,6
1078224,6
1093610,6
1253341,6
1160399,6
1034579,6
1020116,6
1109794,6
1172375,6
1322670,6
1014097,6
1009086,6
1281288,6
1307764,6
1284541,6
1281674,6
1226897,6
1293415,6
1267201,6
1228517,6
1029935,6
1074263,6
1014976,6
1259669,6
1014871,6
1275901,6
1210957,6
1082812,6
1184968,6
1136894,6
1013315,6
1077959,6
1211442,6
1136882,6
1005906,6
1260680,6
1315707,6
1265292,6
1225974,6
1053478,6
1024210,6
1130999,6
1025002,6
1099773,6
1239944,6
1319713,6
1245349,6
1199886,6
1112051,6
1264397,6
1290971,6
1247467,6
1305523,6
1116292,6
1257236,6
1270981,6
1122179,6
1317414,6
1311873,6
1323553,6
1301623,6
1050089,6
1047980,6
1019935,6
1032190,6
1260566,6
1120024,6
1167318,6
1232444,6
1012656,6
1040547,6
1310198,6
1165466,6
1138826,6
1173929,6
1324336,6
1081373,6
1313335,6
1134961,6
1293671,6
1100501,6
1090056,6
1010009,6
1069900,6
1079181,6
1158498,6
1120181,6
1314811,6
1022796,6
1055096,6
1193397,6
1274720,6
1185213,6
1275046,6
1170931,6
1121777,6
1149518,6
1176320,6
1197277,6
1073610,6
1216478,6
1291046,6
1127937,6
1170769,6
1053988,6
1196875,6
1278028,6
1195680,6
1244982,6
1225236,6
1260409,6
1272438,6
1306403,6
1160037,6
1132473,6
1064822,6
1250023,6
1047806,6
1121169,6
1203079,6
1165481,6
1011350,6
1038452,6
1140478,6
1185929,6
1009104,6
1149442,6
1112918,6
1053419,6
1049448,6
1094678,6
1099742,6
1055807,6
1143108,6
1099419,6
1010601,6
1037771,6
1173885,6
1055756,6
1256485,6
1089662,6
1256879,6
1027977,6
1290361,6
1087116,6
1015606,6
1312971,6
1184035,6
1144268,6
1114560,6
1003093,6
1309537,6
1254615,6
1024164,6
1045197,6
1166416,6
1177022,6
1321001,6
1156307,6
1052627,6
1173701,6
1079283,6
1127170,6
1018375,6
1249876,6
1177440,6
1213072,6
1048846,6
1114693,6
1092648,6
1206294,6
1179216,6
1318714,6
1243012,6
1153190,6
1276680,6
1087188,6
1235962,6
1223170,6
1129027,6
1049696,6
1274025,6
1066683,6
1218460,6
1310763,6
1120394,6
1241001,6
1003566,6
1162383,6
1307392,6
1253488,6
1270305,6
1048902,6
1168583,6
1182200,6
1174303,6
1241570,6
1019638,6
1210866,6
1065986,6
1226434,6
1307086,6
1084494,6
1036135,6
1214452,6
1016823,6
1015834,6
1048018,6
1046381,6
1000829,6
1004533,6
1317552,6
1280329,6
1165473,6
1191498,6
1208621,6
1095559,6
1085907,6
1146592,6
1141092,6
1160171,6
1185285,6
1168215,6
1080688,6
1049615,6
1190906,6
1090472,6
1287426,6
1269056,6
1283472,6
1153360,6
1128528,6
1132167,6
1318980,6
1057608,6
1089029,6
1184026,6
1159395,6
1128382,6
1054715,6
1237822,6
1181025,6
1047656,6
1148539,6
1039545,6
1288302,6
1314420,6
1304374,6
1201774,6
1148121,6
1289867,6
1051363,6
1291043,6
1087372,6
1282134,6
1220767,6
1039326,6
1008485,6
1037160,6
1218102,6
1116963,6
1027946,6
1185463,6
1153813,6
1319482,6
1100899,6
1288881,6
1045668,6
1282789,6
1275117,6
1260038,6
1130248,6
1179963,6
1113990,6
1050998,6
1019324,6
1174950,6
1121022,6
1230889,6
1053859,6
1154976,6
1012109,6
1263860,6
1204763,6
1223248,6
1088292,6
1248147,6
1156656,6
1251626,6
1058424,6
1139861,6
1222980,6
1047109,6
1305594,6
1090815,6
1050226,6
1036377,6
1043188,6
1067647,6
1116333,6
1080107,6
1294503,6
1076693,6
1149631,6
1133916,6
1182818,6
1016531,6
1273899,6
1241776,6
1143057,6
1277219,6
1012956,6
1007636,6
1208240,6
1030307,6
1087360,6
1298155,6
1192476,6
1019810,6
1153142,6
1153840,6
1278989,6
1025523,6
1229931,6
1069051,6
1221068,6
1223725,6
1105185,6
1204617,6
1178935,6
1135530,6
1007006,6
1133103,6
1049512,6
1210421,6
1253642,6
1147186,6
1216347,6
1174548,6
1212618,6
1323486,6
1089801,6
1228456,6
1239440,6
1303965,6
1086293,6
1110366,6
1270526,6
1161663,6
1070408,6
1090659,6
1034745,6
1027841,6
1290783,6
1071402,6
1257784,6
1086416,6
1273904,6
1061982,6
1102182,6
1178263,6
1261986,6
1324774,6
1029439,6
1112734,6
1102792,6
1113315,6
1199984,6
1320241,6
1116500,6
1271588,6
1226539,6
1142879,6
1062937,6
1091978,6
1007817,6
1026210,6
1090466,6
1304286,6
1098352,6
1010501,6
1271586,6
1101234,6
1167501,6
1102948,6
1193498,6
1160505,6
1031017,6
1158105,6
1245678,6
1253868,6
1076972,6
1000268,6
1160111,6
1256823,6
1100232,6
1060647,6
1164909,6
1265181,6
1284902,6
1188540,6
1112889,6
1010122,6
1275483,6
1304860,6
1038363,6
1227975,6
1012773,6
1152778,6
1309457,6
1012250,6
1171620,6
1189496,6
1104917,6
1091670,6
1285251,6
1053069,6
1065754,6
1127507,6
1276486,6
1296353,6
1154380,6
1073627,6
1109201,6
1224854,6
1075962,6
1153535,6
1233746,6
1048638,6
1177756,6
1285992,6
1127484,6
1101237,6
1014630,6
1068641,6
1029086,6
1146808,6
1187768,6
1177635,6
1174124,6
1235882,6
1015538,6
1235279,6
1163754,6
1257421,6
1047348,6
1161259,6
1295524,6
1280973,6
1154663,6
1151398,6
1035808,6
1284976,6
1196267,6
1049012,6
1303192,6
1102293,6
1135924,6
1281636,6
1205394,6
1289482,6
1077441,6
1237196,6
1000315,6
1315680,6
1275011,6
1054724,6
1095916,6
1228024,6
1264934,6
1300475,6
1194469,6
1273596,6
1141075,6
1144074,6
1202631,6
1133202,6
1249920,6
1201953,6
1003422,6
1185781,6
1004405,6
1169127,6
1281016,6
1017064,6
1055178,6
1232233,6
1266032,6
1143084,6
1079651,6
1299684,6
1070254,6
1253841,6
1178763,6
1204758,6
1287169,6
1106553,6
1199627,6
1193574,6
1199636,6
1308795,6
1006146,6
1194494,6
1201836,6
1316813,6
1004924,6
1209821,6
1248596,6
1229474,6
1106201,6
1185405,6
1042789,6
1038891,6
1042106,6
1177896,6
1033634,6
1261019,6
1085865,6
1176355,6
1115392,6
1213547,6
1274149,6
1281638,6
1021015,6
1143392,6
1212719,6
1005476,6
1265894,6
1237309,6
1246006,6
1090416,6
1260723,6
1263761,6
1162280,6
1227486,6
1012406,6
1225503,6
1067198,6
1060261,6
1155884,6
1171001,6
1298754,6
1133582,6
1297520,6
1213257,6
1236269,6
1239077,6
1145796,6
1239090,6
1085200,6
1201795,6
1006298,6
1243114,6
1028849,6
1288359,6
1178397,6
1140799,6
1174722,6
1176734,6
1112092,6
1035157,6
1015562,6
1099027,6
1243035,6
1214357,6
1295660,6
1014964,6
1127088,6
1079529,6
1269903,6
1195377,6
1078603,6
1151065,6
1227387,6
1227531,6
1278730,6
1033978,6
1019084,6
1194826,6
1033714,6
1320119,6
1173878,6
1036957,6
1272101,6
1099735,6
1238001,6
1228460,6
1109816,6
1155059,6
1094967,6
1254449,6
1182963,6
1228689,6
1113728,6
1182028,6
1010993,6
1149608,6
1093187,6
1248252,6
1147178,6
1276716,6
1103961,6
1196089,6
1070034,6
1293979,6
1015261,6
1151559,6
1114829,6
1109682,6
1315192,6
1106438,6
1296371,6
1165141,6
1024042,6
1133704,6
1147859,6
1242189,6
1165218,6
1188729,6
1289424,6
1291288,6
1102944,6
1178896,6
1213551,6
1194558,6
1319217,6
1256250,6
1105823,6
1204881,6
1085101,6
1250306,6
1255016,6
1304519,6
1276459,6
1173318,6
1098512,6
1053095,6
1130747,6
1121592,6
1307572,6
1012206,6
1266060,6
1156586,6
1233524,6
1297528,6
1310578,6
1283167,6
1293760,6
1001949,6
1145877,6
1034249,6
1134681,6
1176069,6
1186298,6
1263793,6
1179707,6
1040256,6
1183071,6
1129756,6
1302962,6
1049711,6
1273996,6
1128087,6
1302578,6
1207295,6
1139415,6
1287834,6
1320451,6
1130876,6
1177123,6
1204297,6
1010792,6
1262715,6
1117701,6
1198960,6
1252385,6
1021693,6
1210885,6
1216514,6
1195488,6
1053570,6
1160319,6
1236680,6
1272489,6
1128495,6
1324186,6
1254253,6
1039459,6
1312091,6
1030738,6
1174623,6
1322775,6
1119248,6
1212322,6
1041706,6
1009773,6
1256339,6
1054388,6
1304728,6
1244893,6
1126443,6
1034716,6
1138079,6
1246195,6
1219868,6
1166568,6
1148366,6
1303210,6
1148293,6
1071899,6
1171381,6
1074154,6
1047643,6
1067752,6
1158011,6
1308203,6
1321956,6
1176956,6
1100662,6
1159399,6
1181648,6
1154950,6
1052855,6
1036211,6
1299041,6
1134645,6
1295704,6
1099617,6
1271421,6
1025195,6
1179507,6
1146584,6
1115317,6
1132810,6
1214185,6
1322659,6
1104084,6
1056723,6
1055229,6
1083916,6
1324961,6
1212454,6
1286511,6
1189008,6
1027152,6
1037368,6
1207844,6
1285957,6
1170966,6
1157466,6
1191455,6
1137725,6
1181394,6
1205068,6
1042544,6
1062817,6
1178066,6
1098189,6
1272470,6
1004460,6
1049678,6
1149276,6
1155991,6
1107107,6
1294205,6
1170591,6
1309201,6
1189203,6
1121598,6
1119397,6
1185806,6
1313238,6
1004140,6
1280098,6
1209105,6
1260602,6
1300808,6
1302208,6
1218593,6
1225488,6
1274521,6
1055682,6
1295724,6
1196314,6
1289663,6
1109299,6
1296052,6
1182509,6
1201471,6
1107080,6
1278988,6
1196708,6
1092222,6
1219637,6
1277314,6
1101767,6
1242290,6
1152680,6
1012827,6
1117271,6
1281330,6
1222101,6
1068626,6
1251363,6
1178125,6
1145997,6
1246656,6
1013926,6
1031278,6
1215752,6
1288713,6
1225106,6
1324491,6
1075354,6
1115959,6
1089850,6
1030315,6
1318238,6
1127808,6
1072997,6
1138634,6
1254925,6
1013015,6
1236145,6
1298520,6
1067853,6
1199563,6
1030805,6
1188886,6
1238579,6
1259746,6
1200777,6
1255808,6
1108127,6
1153371,6
1159234,6
1108864,6
1140979,6
1182027,6
1216814,6
1310172,6
1269573,6
1243744,6
1130383,6
1143147,6
1305649,6
1057263,6
1134715,6
1065624,6
1042958,6
1116008,6
1007483,6
1322118,6
1191830,6
1290573,6
1105959,6
1048689,6
1210381,6
1169860,6
1083564,6
1164652,6
1170214,6
1029187,6
1176049,6
1000079,6
1077642,6
1238163,6
1101191,6
1169604,6
1222454,6
1301166,6
1103666,6
1156861,6
1035695,6
1265825,6
1279514,6
1132702,6
1099345,6
1115466,6
1217317,6
1091830,6
1148080,6
1261960,6
1165563,6
1108368,6
1276897,6
1059797,6
1075674,6
1099996,6
1216667,6
1314359,6
1225678,6
1085178,6
1228775,6
1279987,6
1261473,6
1104252,6
1007505,6
1194009,6
1242980,6
1168914,6
1003410,6
1154437,6
1038497,6
1123197,6
1262222,6
1210358,6
1030225,6
1184272,6
1158381,6
1249770,6
1054876,6
1002831,6
1141053,6
1016831,6
1145203,6
1078114,6
1053945,6
1315131,6
1102903,6
1034468,6
1046033,6
1306166,6
1187975,6
1261242,6
1187189,6
1165867,6
1287180,6
1324129,6
1263318,6
1275544,6
1108493,6
1116403,6
1229054,6
1091875,6
1055445,6
1213965,6
1106338,6
1231152,6
1289033,6
1177378,6
1311788,6
1064126,6
1214950,6
1214529,6
1134344,6
1210761,6
1228918,6
1146049,6
1101260,6
1231304,6
1082388,6
1168710,6
1185576,6
1159427,6
1290997,6
1026656,6
1062275,6
1312252,6
1286867,6
1170840,6
1105143,6
1156331,6
1151109,6
1106196,6
1041909,6
1190308,6
1283423,6
1268778,6
1313087,6
1202693,6
1164161,6
1279565,6
1281035,6
1227649,6
1012293,6
1075849,6
1019236,6
1180210,6
1049776,6
1202824,6
1005695,6
1028529,6
1306717,6
1105368,6
1104392,6
1154952,6
1130504,6
1106487,6
1137436,6
1321211,6
1222881,6
1073593,6
1307878,6
1114845,6
1165700,6
1256080,6
1153787,6
1107443,6
1135404,6
1303395,6
1281464,6
1042597,6
1118389,6
1263818,6
1187948,6
1189100,6
1045696,6
1210451,6
1281844,6
1143648,6
1012156,6
1305964,6
1060685,6
1028429,6
1300512,6
1196726,6
1251158,6
1232658,6
1217623,6
1169975,6
1028876,6
1042493,6
1109122,6
1295889,6
1055270,6
1160053,6
1258481,6
1283728,6
1249853,6
1171610,6
1102825,6
1143986,6
1051449,6
1147986,6
1142942,6
1142419,6
1185678,6
1257026,6
1208721,6
1042745,6
1085582,6
1218908,6
1112343,6
1207782,6
1133823,6
1030719,6
1053852,6
1076707,6
1316844,6
1283708,6
1024305,6
1153681,6
1178342,6
1259400,6
1061664,6
1263674,6
1044151,6
1021340,6
1178831,6
1322441,6
1281991,6
1095638,6
1318065,6
1228700,6
1195054,6
1079083,6
1255702,6
1206978,6
1125942,6
1027605,6
1065276,6
1175097,6
1081832,6
1094354,6
1140516,6
1025759,6
1123547,6
1234151,6
1283107,6
1052480,6
1293397,6
1163078,6
1110791,6
1130358,6
1198657,6
1071718,6
1171104,6
1224216,6
1234721,6
1110335,6
1143293,6
1177302,6
1146430,6
1005002,6
1235748,6
1113244,6
1146935,6
1319231,6
1260468,6
1012542,6
1282997,6
1185590,6
1312292,6
1006800,6
1213402,6
1230448,6
1043454,6
1007050,6
1133577,6
1144409,6
1090268,6
1058178,6
1299749,6
1014625,6
1315532,6
1109726,6
1125862,6
1023941,6
1192092,6
1241478,6
1031680,6
1114160,6
1120510,6
1122280,6
1266883,6
1000874,6
1026426,6
1263896,6
1025379,6
1282409,6
1313710,6
1095378,6
1323309,6
1228533,6
1062755,6
1281349,6
1071443,6
1254273,6
1136124,6
1087895,6
1191466,6
1281285,6
1010655,6
1142608,6
1194934,6
1172498,6
1151317,6
1178556,6
1165556,6
1166781,6
1037105,6
1014454,6
1024530,6
1075072,6
1123612,6
1185573,6
1258567,6
1037128,6
1274351,6
1225738,6
1130473,6
1084418,6
1280799,6
1260031,6
1171879,6
1088213,6
1283186,6
1270535,6
1325360,6
1254233,6
1147150,6
1195684,6
1320207,6
1152856,6
1008024,6
1030313,6
1122160,6
1246953,6
1091587,6
1292146,6
1160743,6
1188517,6
1269287,6
1060029,6
1145740,6
1090158,6
1242723,6
1050601,6
1114200,6
1262552,6
1224252,6
1312230,6
1147125,6
1142247,6
1213960,6
1026561,6
1242865,6
1194182,6
1173563,6
1264595,6
1159218,6
1256515,6
1107567,6
1042104,6
1309151,6
1239782,6
1102222,6
1159586,6
1261135,6
1225817,6
1155863,6
1059924,6
1171267,6
1211603,6
1013336,6
1262490,6
1089561,6
1031719,6
1241655,6
1270021,6
1217892,6
1082770,6
1313256,6
1295402,6
1153315,6
1016689,6
1128384,6
1308894,6
1181893,6
1127980,6
1131529,6
1137782,6
1297094,6
1180775,6
1085839,6
1254447,6
1295644,6
1125567,6
1050334,6
1296183,6
1127795,6
1140065,6
1118705,6
1168272,6
1036527,6
1223321,6
1051620,6
1289896,6
1169755,6
1187339,6
1316582,6
1019963,6
1045647,6
1134308,6
1148876,6
1158257,6
1019163,6
1238698,6
1243236,6
1318202,6
1076824,6
1308158,6
1177804,6
1048053,6
1290667,6
1136025,6
1086034,6
1146319,6
1042570,6
1022452,6
1028163,6
1010594,6
1218521,6
1130481,6
1184394,6
1016295,6
1158839,6
1033212,6
1158232,6
1316048,6
1286151,6
1046613,6
1315518,6
1287828,6
1031487,6
1201794,6
1187816,6
1305481,6
1287695,6
1049045,6
1265893,6
1235990,6
1290009,6
1032360,6
1056775,6
1139775,6
1057804,6
1303849,6
1276750,6
1149752,6
1217741,6
1214509,6
1232082,6
1308827,6
1190505,6
1298964,6
1113648,6
1028628,6
1193356,6
1249282,6
1146492,6
1281226,6
1194619,6
1313771,6
1081520,6
1197580,6
1060678,6
1034909,6
1154193,6
1211219,6
1040143,6
1182430,6
1260010,6
1236279,6
1267938,6
1071898,6
1280708,6
1198059,6
1093292,6
1080737,6
1222130,6
1084075,6
1293370,6
1188334,6
1214448,6
1247381,6
1006028,6
1296618,6
1120471,6
1035319,6
1044057,6
1153260,6
1037807,6
1054772,6
1003459,6
1124244,6
1177969,6
1009991,6
1043570,6
1116711,6
1298684,6
1227273,6
1277248,6
1278323,6
1083838,6
1116479,6
1174458,6
1081966,6
1146614,6
1322172,6
1039332,6
1192067,6
1043502,6
1182620,6
1028662,6
1052024,6
1216415,6
1196104,6
1025819,6
1307648,6
1287941,6
1112937,6
1092338,6
1055154,6
1047761,6
1307700,6
1038679,6
1214704,6
1074479,6
1267667,6
1293193,6
1084552,6
1014052,6
1315037,6
1145068,6
1096758,6
1298786,6
1074092,6
1104747,6
1037252,6
1138196,6
1195035,6
1317498,6
1084316,6
1171785,6
1144129,6
1176570,6
1253597,6
1279521,6
1272417,6
1150647,6
1090558,6
1159958,6
1068233,6
1321461,6
1012321,6
1129263,6
1262320,6
1152292,6
1227933,6
1271823,6
1292189,6
1303065,6
1047795,6
1257587,6
1114575,6
1081421,6
1170225,6
1262030,6
1296595,6
1037120,6
1321880,6
1219610,6
1229947,6
1071346,6
1175276,6
1040743,6
1176900,6
1287036,6
1187762,6
1013619,6
1158125,6
1194689,6
1188310,6
1039617,6
1107412,6
1157490,6
1244761,6
1023667,6
1289022,6
1125594,6
1275710,6
1123994,6
1188740,6
1235660,6
1314323,6
1300597,6
1154512,6
1305026,6
1085485,6
1319545,6
1230530,6
1119136,6
1162279,6
1057151,6
1316869,6
1148741,6
1172585,6
1312537,6
1198709,6
1062777,6
1213212,6
1085239,6
1260088,6
1249267,6
1029633,6
1098423,6
1234608,6
1041734,6
1067829,6
1276086,6
1304876,6
1045712,6
1221243,6
1323649,6
1172567,6
1254812,6
1079369,6
1261239,6
1002448,6
1056315,6
1107491,6
1313069,6
1008141,6
1144161,6
1200652,6
1256238,6
1110006,6
1084030,6
1226039,6
1054236,6
1025349,6
1183491,6
1169320,6
1325449,6
1249927,6
1167964,6
1072202,6
1052034,6
1100048,6
1110832,6
1104928,6
1062595,6
1305136,6
1205029,6
1054962,6
1190120,6
1198384,6
1199750,6
1146564,6
1047197,6
1097774,6
1225383,6
1099632,6
1225598,6
1023820,6
1039206,6
1254852,6
1309200,6
1161391,6
1116771,6
1235146,6
1171315,6
1056235,6
1086102,6
1024245,6
1238485,6
1071317,6
1213152,6
1049199,6
1033821,6
1092409,6
1048111,6
1294332,6
1000393,6
1029944,6
1284424,6
1068821,6
1195740,6
1116170,6
1179845,6
1275906,6
1109212,6
1039026,6
1026195,6
1319203,6
1159780,6
1253299,6
1202751,6
1054385,6
1171384,6
1022122,6
1011632,6
1237128,6
1295946,6
1007202,6
1272251,6
1018846,6
1040946,6
1216037,6
1012488,6
1209164,6
1053197,6
1295307,6
1138468,6
1290086,6
1283920,6
1091987,6
1262276,6
1061318,6
1289453,6
1000718,6
1172680,6
1317901,6
1109054,6
1311866,6
1269350,6
1021570,6
1057815,6
1267571,6
1254421,6
1231632,6
1215795,6
1086761,6
1251735,6
1211089,6
1230303,6
1169792,6
1298303,6
1027889,6
1028919,6
1108108,6
1064693,6
1049139,6
1103439,6
1197396,6
1286483,6
1129189,6
1295044,6
1103925,6
1006979,6
1130143,6
1289103,6
1068590,6
1205430,6
1004283,6
1122779,6
1247486,6
1012083,6
1180801,6
1121728,6
1288966,6
1198609,6
1149714,6
1246554,6
1282244,6
1292974,6
1190244,6
1214260,6
1228311,6
1107617,6
1272464,6
1246293,6
1180512,6
1171859,6
1149223,6
1315375,6
1113472,6
1045552,6
1223735,6
1053655,6
1279589,6
1080567,6
1313471,6
1074739,6
1041147,6
1314825,6
1069977,6
1107494,6
1094882,6
1162119,6
1149458,6
1232568,6
1218960,6
1025136,6
1063767,6
1313005,6
1170090,6
1021858,6
1266182,6
1004718,6
1007384,6
1183178,6
1222349,6
1039518,6
1232218,6
1043993,6
1200644,6
1123250,6
1068275,6
1017499,6
1073020,6
1324562,6
1201789,6
1076200,6
1114915,6
1091962,6
1321688,6
1208188,6
1136118,6
1318395,6
1141232,6
1012062,6
1290267,6
1288551,6
1147242,6
1224473,6
1150909,6
1196681,6
1288332,6
1236552,6
1276316,6
1199021,6
1189364,6
1176078,6
1226922,6
1152101,6
1321816,6
1133037,6
1087277,6
1238796,6
1255754,6
1128643,6
1079339,6
1306125,6
1136434,6
1260621,6
1310531,6
1079257,6
1150988,6
1037378,6
1206307,6
1198108,6
1234292,6
1079640,6
1267908,6
1051507,6
1084598,6
1230429,6
1021492,6
1005113,6
1001816,6
1005261,6
1066468,6
1094445,6
1055435,6
1064083,6
1087698,6
1251151,6
1070675,6
1241783,6
1155669,6
1093947,6
1296578,6
1255455,6
1196233,6
1073404,6
1315994,6
1246980,6
1133921,6
1059304,6
1020315,6
1213775,6
1040001,6
1059299,6
1005425,6
1312859,6
1174176,6
1069032,6
1281712,6
1035446,6
1183716,6
1117596,6
1015310,6
1067386,6
1204498,6
1265390,6
1003735,6
1073284,6
1122643,6
1200681,6
1183181,6
1135557,6
1060789,6
1153101,6
1023332,6
1013906,6
1015699,6
1030545,6
1212703,6
1207845,6
1245768,6
1195339,6
1064559,6
1203236,6
1241781,6
1144186,6
1014801,6
1320235,6
1187966,6
1129802,6
1068583,6
1180937,6
1291586,6
1248545,6
1320557,6
1126087,6
1148909,6
1232984,6
1242869,6
1125576,6
1148917,6
1113054,6
1302307,6
1122416,6
1028107,6
1288646,6
1058498,6
1222610,6
1253638,6
1215943,6
1095714,6
1094247,6
1153823,6
1237995,6
1281356,6
1015185,6
1277580,6
1147683,6
1232226,6
1288599,6
1081749,6
1024717,6
1126528,6
1143707,6
1179561,6
1058250,6
1080615,6
1262875,6
1197032,6
1207564,6
1202181,6
1182426,6
1268227,6
1136193,6
1048522,6
1085350,6
1212245,6
1092699,6
1203096,6
1224031,6
1309232,6
1041569,6
1137717,6
1124390,6
1039423,6
1089744,6
1301290,6
1025219,6
1182238,6
1129470,6
1310512,6
1132813,6
1035363,6
1312232,6
1306873,6
1016478,6
1262745,6
1104002,6
1248745,6
1091969,6
1296293,6
1052996,6
1125766,6
1318194,6
1043992,6
1041249,6
1094503,6
1118300,6
1136576,6
1294387,6
1206213,6
1177396,6
1066231,6
1296622,6
1191712,6
1177216,6
1106981,6
1224875,6
1025881,6
1259886,6
1004531,6
1178975,6
1211887,6
1264728,6
1252591,6
1081731,6
1215881,6
1285657,6
1034851,6
1052104,6
1013672,6
1019652,6
1175491,6
1065245,6
1071188,6
1144097,6
1263675,6
1011873,6
1097320,6
1238241,6
1101956,6
1220341,6
1277877,6
1021905,6
1253428,6
1122249,6
1231917,6
1199862,6
1097443,6
1164481,6
1012578,6
1243034,6
1004065,6
1192536,6
1106148,6
1045540,6
1202336,6
1278623,6
1242374,6
1233481,6
1227112,6
1070246,6
1192253,6
1063387,6
1122991,6
1133127,6
1215469,6
1287374,6
1323464,6
1305579,6
1298336,6
1089951,6
1262340,6
1171690,6
1310770,6
1017403,6
1250757,6
1284197,6
1171848,6
1153359,6
1170594,6
1308250,6
1042959,6
1205656,6
1221131,6
1104711,6
1292406,6
1162096,6
1301605,6
1189124,6
1219049,6
1064290,6
1129704,6
1251939,6
1230401,6
1036295,6
1043757,6
1022618,6
1173657,6
1177829,6
1025943,6
1127251,6
1120275,6
1318585,6
1232035,6
1148543,6
1305638,6
1232102,6
1251905,6
1282643,6
1241142,6
1276095,6
1182049,6
1323976,6
1242551,6
1194722,6
1284526,6
1115946,6
1249095,6
1206882,6
1100668,6
1237861,6
1112513,6
1036782,6
1082774,6
1195034,6
1022188,6
1121001,6
1319992,6
1187265,6
1167202,6
1190452,6
1245614,6
1220179,6
1085203,6
1127109,6
1185772,6
1316567,6
1230260,6
1244990,6
1223763,6
1081358,6
1108144,6
1182708,6
1253507,6
1000695,6
1160274,6
1146328,6
1160711,6
1075462,6
1257862,6
1178804,6
1292900,6
1314217,6
1133177,6
1227107,6
1170387,6
1121981,6
1146673,6
1158027,6
1177961,6
1085554,6
1133607,6
1172474,6
1160839,6
1229934,6
1040299,6
1133680,6
1088360,6
1201004,6
1263940,6
1182598,6
1011304,6
1049472,6
1311530,6
1041334,6
1301977,6
1184328,6
1263546,6
1048595,6
1319500,6
1080232,6
1194678,6
1042527,6
1195840,6
1182489,6
1033776,6
1308949,6
1047580,6
1221098,6
1304330,6
1186150,6
1299885,6
1051417,6
1065843,6
1183381,6
1101114,6
1068606,6
1296905,6
1286591,6
1099537,6
1129619,6
1316259,6
1293949,6
1148321,6
1104599,6
1302608,6
1257623,6
1049887,6
1106216,6
1046852,6
1014861,6
1054043,6
1292365,6
1138626,6
1028865,6
1219177,6
1188078,6
1285339,6
1176917,6
1147272,6
1004902,6
1077079,6
1283678,6
1252080,6
1027274,6
1092485,6
1243991,6
1006692,6
1044001,6
1208021,6
1060787,6
1052132,6
1317445,6
1044997,6
1196703,6
1120791,6
1258851,6
1200535,6
1143273,6
1124857,6
1298601,6
1022194,6
1224140,6
1312459,6
1275139,6
1227721,6
1254456,6
1062126,6
1303162,6
1277512,6
1044849,6
1235304,6
1136026,6
1148780,6
1268512,6
1245116,6
1229785,6
1318845,6
1165617,6
1312624,6
1076920,6
1311292,6
1191357,6
1130170,6
1004407,6
1036484,6
1073542,6
1017939,6
1095399,6
1211801,6
1125164,6
1245547,6
1216172,6
1091149,6
1185241,6
1168300,6
1005269,6
1294193,6
1238487,6
1210502,6
1299567,6
1192340,6
1164406,6
1146461,6
1038432,6
1100437,6
1146595,6
1002677,6
1306144,6
1017103,6
1305874,6
1258616,6
1067928,6
1092634,6
1047924,6
1069416,6
1267325,6
1207073,6
1207919,6
1095455,6
1242278,6
1032530,6
1309554,6
1007620,6
1223310,6
1152521,6
1155935,6
1120381,6
1283709,6
1283236,6
1108076,6
1200597,6
1202793,6
1283951,6
1111779,6
1056258,6
1202193,6
1161687,6
1314108,6
1129075,6
1207183,6
1132882,6
1099025,6
1065898,6
1289028,6
1037229,6
1020808,6
1153537,6
1249564,6
1147977,6
1174882,6
1135938,6
1168379,6
1090362,6
1184521,6
1236936,6
1237947,6
1054222,6
1121518,6
1064460,6
1165978,6
1090571,6
1208577,6
1273563,6
1152231,6
1092115,6
1090618,6
1304468,6
1217713,6
1081800,6
1005468,6
1166065,6
1214522,6
1271285,6
1275717,6
1138130,6
1186835,6
1305631,6
1107798,6
1036227,6
1117920,6
1136571,6
1140649,6
1031721,6
1165247,6
1173408,6
1121365,6
1040890,6
1030130,6
1305782,6
1171462,6
1037154,6
1092355,6
1168769,6
1069828,6
1090298,6
1119395,6
1169859,6
1200038,6
1109516,6
1217537,6
1250909,6
1092682,6
1179100,6
1219183,6
1172598,6
1226215,6
1058488,6
1195797,6
1042955,6
1031204,6
1207794,6
1026617,6
1211962,6
1033556,6
1144363,6
1244855,6
1192870,6
1226973,6
1074219,6
1293917,6
1316462,6
1121997,6
1248530,6
1024813,6
1136204,6
1021130,6
1113152,6
1315400,6
1182043,6
1298280,6
1078392,6
1249321,6
1117372,6
1109359,6
1013803,6
1009327,6
1235744,6
1312594,6
1141823,6
1279744,6
1068686,6
1091725,6
1143860,6
1260305,6
1223805,6
1267906,6
1095975,6
1236294,6
1321172,6
1291139,6
1008236,6
1143982,6
1157130,6
1206630,6
1312983,6
1116238,6
1132946,6
1279935,6
1149911,6
1280435,6
1051378,6
1277170,6
1104611,6
1291799,6
1321732,6
1181119,6
1212509,6
1293074,6
1214625,6
1209529,6
1092214,6
1102697,6
1321422,6
1095388,6
1047911,6
1219351,6
1190571,6
1053466,6
1143586,6
1278667,6
1274520,6
1257332,6
1199907,6
1264942,6
1212574,6
1139339,6
1075386,6
1068330,6
1141497,6
1117718,6
1152554,6
1184872,6
1205661,6
1166635,6
1098597,6
1268124,6
1122144,6
1186275,6
1218754,6
1152426,6
1244113,6
1019576,6
1238816,6
1157072,6
1268529,6
1015034,6
1172209,6
1114227,6
1019478,6
1119558,6
1232669,6
1203161,6
1147312,6
1067878,6
1003607,6
1130178,6
1022397,6
1008700,6
1109658,6
1018555,6
1202834,6
1157427,6
1294336,6
1135497,6
1181766,6
1233615,6
1143894,6
1138405,6
1254548,6
1226591,6
1043627,6
1130713,6
1287761,6
1058092,6
1238223,6
1057861,6
1302247,6
1234446,6
1053184,6
1177267,6
1280261,6
1311452,6
1225213,6
1084807,6
1228294,6
1091616,6
1073366,6
1081816,6
1258385,6
1144995,6
1038299,6
1195537,6
1213806,6
1041434,6
1318855,6
1056128,6
1285989,6
1256816,6
1318393,6
1306634,6
1113646,6
1267208,6
1061875,6
1213179,6
1107038,6
1211626,6
1235395,6
1265243,6
1094040,6
1038598,6
1211591,6
1094069,6
1297757,6
1106763,6
1109248,6
1168911,6
1099070,6
1192433,6
1283027,6
1076623,6
1045873,6
1291752,6
1083736,6
1068814,6
1140231,6
1171303,6
1194155,6
1200375,6
1113725,6
1210728,6
1127084,6
1034563,6
1105610,6
1158288,6
1255296,6
1274068,6
1120622,6
1285958,6
1085524,6
1089014,6
1029737,6
1141395,6
1267808,6
1268335,6
1175394,6
1173178,6
1276432,6
1215634,6
1285016,6
1286004,6
1011305,6
1180906,6
1036397,6
1223770,6
1112999,6
1018761,6
1236432,6
1263464,6
1007766,6
1067438,6
1106261,6
1180076,6
1088644,6
1110614,6
1090914,6
1241334,6
1191775,6
1207986,6
1267593,6
1083759,6
1263722,6
1192485,6
1249698,6
1186980,6
1195847,6
1062249,6
1121679,6
1230871,6
1275402,6
1276291,6
1276033,6
1231653,6
1200320,6
1145007,6
1294454,6
1151899,6
1256184,6
1196212,6
1088599,6
1281066,6
1183941,6
1077109,6
1212964,6
1002180,6
1107132,6
1107311,6
1149865,6
1194029,6
1277431,6
1021341,6
1291791,6
1139127,6
1246198,6
1118837,6
1313106,6
1046344,6
1213259,6
1172912,6
1086041,6
1239705,6
1265491,6
1205733,6
1126233,6
1083776,6
1240375,6
1257984,6
1100809,6
1125613,6
1231971,6
1323142,6
1200763,6
1133247,6
1053372,6
1094025,6
1255871,6
1115477,6
1000021,6
1064069,6
1066987,6
1044080,6
1206396,6
1319157,6
1186350,6
1267576,6
1292946,6
1133970,6
1107651,6
1148931,6
1319352,6
1019826,6
1188435,6
1211118,6
1323917,6
1317610,6
1229955,6
1011263,6
1147874,6
1124650,6
1171071,6
1092096,6
1229317,6
1285163,6
1124158,6
1267174,6
1312204,6
1295663,6
1164198,6
1083524,6
1079949,6
1013005,6
1017863,6
1115398,6
1020123,6
1036148,6
1285812,6
1006596,6
1267520,6
1114436,6
1190365,6
1195996,6
1189873,6
1150951,6
1131366,6
1180617,6
1056711,6
1031508,6
1175285,6
1195251,6
1091179,6
1254664,6
1165236,6
1142337,6
1080989,6
1051697,6
1139312,6
1020550,6
1168759,6
1192797,6
1125469,6
1263471,6
1090570,6
1082054,6
1285729,6
1043682,6
1016595,6
1129351,6
1175576,6
1309520,6
1309957,6
1003681,6
1132725,6
1273374,6
1307828,6
1244435,6
1061598,6
1176283,6
1056603,6
1177443,6
1192481,6
1048700,6
1002588,6
1140071,6
1294206,6
1179872,6
1059222,6
1321168,6
1206228,6
1206275,6
1130840,6
1151545,6
1110348,6
1056630,6
1241797,6
1267313,6
1164219,6
1265924,6
1100840,6
1102535,6
1095402,6
1147631,6
1038437,6
1000073,6
1035248,6
1120142,6
1023200,6
1313951,6
1213583,6
1217023,6
1160282,6
1040019,6
1166891,6
1199597,6
1209707,6
1121098,6
1280000,6
1245379,6
1150034,6
1172131,6
1184209,6
1244780,6
1277629,6
1133676,6
1018509,6
1212530,6
1212913,6
1255193,6
1240533,6
1199355,6
1086056,6
1184343,6
1035913,6
1127388,6
1180916,6
1041467,6
1022254,6
1237202,6
1310535,6
1088274,6
1085083,6
1298968,6
1172069,6
1024218,6
1204460,6
1181267,6
1061957,6
1081686,6
1305366,6
1195068,6
1042907,6
1319607,6
1198458,6
1072263,6
1023457,6
1055977,6
1202017,6
1163715,6
1324511,6
1178615,6
1056601,6
1222747,6
1139177,6
1142631,6
1187282,6
1028965,6
1084526,6
1287267,6
1123080,6
1025113,6
1116553,6
1313795,6
1142976,6
1191442,6
1245084,6
1149325,6
1229657,6
1051336,6
1279652,6
1294989,6
1121144,6
1015213,6
1291491,6
1053219,6
1282884,6
1270555,6
1061106,6
1018662,6
1135134,6
1092213,6
1256540,6
1259910,6
1019680,6
1076276,6
1121629,6
1160089,6
1037064,6
1320465,6
1232058,6
1080011,6
1259088,6
1241426,6
1112558,6
1029015,6
1162379,6
1150592,6
1243041,6
1095822,6
1305896,6
1270875,6
1027036,6
1066048,6
1248189,6
1246983,6
1283246,6
1312608,6
1048291,6
1246166,6
1039486,6
1174964,6
1098210,6
1319353,6
1152921,6
1016586,6
1134964,6
1091590,6
1236297,6
1057357,6
1089294,6
1022241,6
1249502,6
1217569,6
1088632,6
1308745,6
1288432,6
1029512,6
1071602,6
1153972,6
1193019,6
1077316,6
1088527,6
1268024,6
1042170,6
1017258,6
1316577,6
1284461,6
1040083,6
1257289,6
1114240,6
1301705,6
1039267,6
1066185,6
1054794,6
1002512,6
1240539,6
1317866,6
1199729,6
1052822,6
1067916,6
1002948,6
1133318,6
1157393,6
1157371,6
1212505,6
1152903,6
1023821,6
1295014,6
1244668,6
1008861,6
1002266,6
1174014,6
1032857,6
1237251,6
1049902,6
1205296,6
1293076,6
1231165,6
1066018,6
1120147,6
1002340,6
1091219,6
1294050,6
1175777,6
1104065,6
1256877,6
1275606,6
1014897,6
1106164,6
1116148,6
1060764,6
1295118,6
1166885,6
1296190,6
1140668,6
1140807,6
1155845,6
1078970,6
1018736,6
1238284,6
1106401,6
1039978,6
1314695,6
1176064,6
1128499,6
1302906,6
1088263,6
1290418,6
1242363,6
1089337,6
1281167,6
1295400,6
1294543,6
1029148,6
1294024,6
1250263,6
1156021,6
1258577,6
1131894,6
1216168,6
1101847,6
1070347,6
1322675,6
1225744,6
1218972,6
1273646,6
1064061,6
1197381,6
1140374,6
1299089,6
1143524,6
1306025,6
1266498,6
1198745,6
1316010,6
1066432,6
1072187,6
1035419,6
1226006,6
1223752,6
1186056,6
1047482,6
1086150,6
1254905,6
1167072,6
1027351,6
1005191,6
1002977,6
1040596,6
1139774,6
1260489,6
1279023,6
1027324,6
1085275,6
1158000,6
1133882,6
1178195,6
1267103,6
1117945,6
1123139,6
1013587,6
1297046,6
1057667,6
1156098,6
1003801,6
1249498,6
1093815,6
1265069,6
1084064,6
1048098,6
1014886,6
1078673,6
1034558,6
1017870,6
1102360,6
1097326,6
1191898,6
1122042,6
1314849,6
1299768,6
1251360,6
1302380,6
1134432,6
1283943,6
1176987,6
1215256,6
1122477,6
1292303,6
1112561,6
1075420,6
1027110,6
1237758,6
1267333,6
1158758,6
1036046,6
1112219,6
1198046,6
1049132,6
1157253,6
1263005,6
1272258,6
1190694,6
1253773,6
1151687,6
1121517,6
1061187,6
1298431,6
1135312,6
1175476,6
1025274,6
1207881,6
1117093,6
1171898,6
1322133,6
1180965,6
1294017,6
1202357,6
1145330,6
1010994,6
1222651,6
1255441,6
1254354,6
1024888,6
1066584,6
1267483,6
1293014,6
1294733,6
1248460,6
1095391,6
1072297,6
1070949,6
1053724,6
1124565,6
1232381,6
1324226,6
1287485,6
1269374,6
1142460,6
1068505,6
1043405,6
1292524,6
1009511,6
1155220,6
1118473,6
1142349,6
1222292,6
1122788,6
1318325,6
1116552,6
1255329,6
1187800,6
1238634,6
1120508,6
1059716,6
1281738,6
1157796,6
1123851,6
1064570,6
1288826,6
1092411,6
1213336,6
1232359,6
1199533,6
1272534,6
1120828,6
1289086,6
1017712,6
1098363,6
1194850,6
1081185,6
1265133,6
1154494,6
1145699,6
1025121,6
1132006,6
1252593,6
1249543,6
1022010,6
1146192,6
1011045,6
1177395,6
1244269,6
1152186,6
1053784,6
1004235,6
1291197,6
1057454,6
1264362,6
1128883,6
1307002,6
1273461,6
1197684,6
1044024,6
1109352,6
1103582,6
1280473,6
1320649,6
1031897,6
1026670,6
1033679,6
1001714,6
1233772,6
1008574,6
1298705,6
1006711,6
1212800,6
1298513,6
1150691,6
1038140,6
1288324,6
1070917,6
1114204,6
1255954,6
1257159,6
1307151,6
1123113,6
1005329,6
1307101,6
1310117,6
1008065,6
1323527,6
1260642,6
1301453,6
1014196,6
1114510,6
1147846,6
1072344,6
1268658,6
1135194,6
1102003,6
1063615,6
1026259,6
1134531,6
1127846,6
1194324,6
1204487,6
1180836,6
1108624,6
1041857,6
1186108,6
1264477,6
1013749,6
1260118,6
1193901,6
1293286,6
1160786,6
1260551,6
1227813,6
1032260,6
1300416,6
1321581,6
1063161,6
1305443,6
1102967,6
1286453,6
1141970,6
1187404,6
1192813,6
1076774,6
1297581,6
1210839,6
1164540,6
1127598,6
1285945,6
1016430,6
1160198,6
1083206,6
1060108,6
1279483,6
1233011,6
1059822,6
1119404,6
1304733,6
1149852,6
1153177,6
1251453,6
1242357,6
1047869,6
1171931,6
1038203,6
1078287,6
1027523,6
1321147,6
1292913,6
1006534,6
1110375,6
1161713,6
1028698,6
1308406,6
1017540,6
1165525,6
1193447,6
1073875,6
1030027,6
1167513,6
1143958,6
1183585,6
1320996,6
1178455,6
1233624,6
1085450,6
1205629,6
1228278,6
1132542,6
1150379,6
1135212,6
1016917,6
1129237,6
1290372,6
1009340,6
1229802,6
1191358,6
1075297,6
1039825,6
1131439,6
1031578,6
1290744,6
1284576,6
1256734,6
1222949,6
1151383,6
1285425,6
1100615,6
1075244,6
1058194,6
1183537,6
1127358,6
1003236,6
1314573,6
1080309,6
1002449,6
1232771,6
1137632,6
1091873,6
1250916,6
1210246,6
1011355,6
1219779,6
1012986,6
1163489,6
1023602,6
1220985,6
1058126,6
1079030,6
1042201,6
1019044,6
1023145,6
1294555,6
1201552,6
1297714,6
1242224,6
1061532,6
1202291,6
1268680,6
1104306,6
1239831,6
1313350,6
1102224,6
1270359,6
1165828,6
1090471,6
1017139,6
1023007,6
1109036,6
1198224,6
1224509,6
1075484,6
1162541,6
1110055,6
1037081,6
1034530,6
1191471,6
1181334,6
1183385,6
1011558,6
1018113,6
1183649,6
1020173,6
1028459,6
1130456,6
1069034,6
1246828,6
1149848,6
1184976,6
1040247,6
1034755,6
1046131,6
1131598,6
1121712,6
1199681,6
1040598,6
1134298,6
1268439,6
1280072,6
1005072,6
1194302,6
1136874,6
1111019,6
1038940,6
1026864,6
1111571,6
1014481,6
1218082,6
1025128,6
1079739,6
1265287,6
1117510,6
1146637,6
1314489,6
1082016,6
1047087,6
1129039,6
1192935,6
1321105,6
1027062,6
1054154,6
1005876,6
1214894,6
1285460,6
1064861,6
1146731,6
1302470,6
1064026,6
1249604,6
1036421,6
1221765,6
1104393,6
1241369,6
1313135,6
1063050,6
1310281,6
1172968,6
1022449,6
1191754,6
1004352,6
1000184,6
1051461,6
1100964,6
1141720,6
1046681,6
1305921,6
1021032,6
1199463,6
1173874,6
1260385,6
1085305,6
1117754,6
1177388,6
1170941,6
1243569,6
1213881,6
1254556,6
1140452,6
1114081,6
1063803,6
1281245,6
1044375,6
1211452,6
1009763,6
1021233,6
1027733,6
1219284,6
1140420,6
1177393,6
1194683,6
1051835,6
1137748,6
1188111,6
1109656,6
1127252,6
1213065,6
1256313,6
1077586,6
1072185,6
1165315,6
1011820,6
1260067,6
1281476,6
1161672,6
1198037,6
1048642,6
1209657,6
1266792,6
1075646,6
1310414,6
1165716,6
1083053,6
1136327,6
1028867,6
1116589,6
1001853,6
1248305,6
1023297,6
1016481,6
1163901,6
1174072,6
1279283,6
1080827,6
1265745,6
1126683,6
1039436,6
1087247,6
1100330,6
1309610,6
1203917,6
1276731,6
1294966,6
1180449,6
1175181,6
1154427,6
1290516,6
1130622,6
1231896,6
1279040,6
1001861,6
1137205,6
1064917,6
1126174,6
1023181,6
1241303,6
1139474,6
1146446,6
1102696,6
1302923,6
1155110,6
1214413,6
1122229,6
1049482,6
1249933,6
1054067,6
1136311,6
1282564,6
1109719,6
1140079,6
1014316,6
1091392,6
1141692,6
1262352,6
1052429,6
1162206,6
1324760,6
1178426,6
1246783,6
1322010,6
1014522,6
1066478,6
1253940,6
1298729,6
1228542,6
1206270,6
1322459,6
1188990,6
1137849,6
1182108,6
1062419,6
1228142,6
1141873,6
1296041,6
1092007,6
1174816,6
1181714,6
1023984,6
1113823,6
1058657,6
1297245,6
1067441,6
1200386,6
1278593,6
1238207,6
1039521,6
1254894,6
1266556,6
1225587,6
1282596,6
1247833,6
1186703,6
1172883,6
1052660,6
1220241,6
1200677,6
1125581,6
1139945,6
1116973,6
1120205,6
1237247,6
1193125,6
1114478,6
1112234,6
1164135,6
1129017,6
1193445,6
1230863,6
1072740,6
1193405,6
1021220,6
1054069,6
1161844,6
1216708,6
1005205,6
1144552,6
1258568,6
1317656,6
1061385,6
1097759,6
1256662,6
1025617,6
1040791,6
1250879,6
1062449,6
1157583,6
1282590,6
1249408,6
1257355,6
1013799,6
1044984,6
1312566,6
1220488,6
1014185,6
1112086,6
1175630,6
1154515,6
1036932,6
1229053,6
1038286,6
1161392,6
1115161,6
1000605,6
1268362,6
1217632,6
1222754,6
1273737,6
1233566,6
1192747,6
1272391,6
1245958,6
1009411,6
1265250,6
1236700,6
1008037,6
1056096,6
1056164,6
1141651,6
1072383,6
1051753,6
1124393,6
1044647,6
1105601,6
1302839,6
1297600,6
1264356,6
1275228,6
1121309,6
1189864,6
1000425,6
1185075,6
1266294,6
1203417,6
1055032,6
1237320,6
1253290,6
1218068,6
1293989,6
1080726,6
1316619,6
1008308,6
1011505,6
1279105,6
1206257,6
1305208,6
1051022,6
1308507,6
1226727,6
1013778,6
1185355,6
1241692,6
1247100,6
1061258,6
1235645,6
1234227,6
1207866,6
1205330,6
1123791,6
1169065,6
1232892,6
1042222,6
1147145,6
1245311,6
1112297,6
1047940,6
1133756,6
1214395,6
1317833,6
1126966,6
1320593,6
1296520,6
1299737,6
1174058,6
1325470,6
1175793,6
1049926,6
1182364,6
1230426,6
1111694,6
1275419,6
1256593,6
1024016,6
1147019,6
1162523,6
1103406,6
1046063,6
1057591,6
1078610,6
1293849,6
1164167,6
1094932,6
1256324,6
1201735,6
1068375,6
1273861,6
1305147,6
1309161,6
1029691,6
1117167,6
1234291,6
1163937,6
1265216,6
1132989,6
1190085,6
1313050,6
1035192,6
1184011,6
1039345,6
1074045,6
1049832,6
1080704,6
1253733,6
1136622,6
1196380,6
1044667,6
1300017,6
1047527,6
1065922,6
1121558,6
1290371,6
1218312,6
1285765,6
1151414,6
1005317,6
1120226,6
1159660,6
1163194,6
1110154,6
1149229,6
1245605,6
1065663,6
1028421,6
1184139,6
1276237,6
1270592,6
1224499,6
1175387,6
1186198,6
1280468,6
1205156,6
1043930,6
1239960,6
1057198,6
1046589,6
1271549,6
1003103,6
1243608,6
1235315,6
1132114,6
1125261,6
1306371,6
1239747,6
1297079,6
1319233,6
1194303,6
1248539,6
1045133,6
1096432,6
1291828,6
1070644,6
1299563,6
1181160,6
1191144,6
1221216,6
1020147,6
1125780,6
1031978,6
1158133,6
1163013,6
1157866,6
1086953,6
1308926,6
1140144,6
1118768,6
1266024,6
1209987,6
1195285,6
1230204,6
1254124,6
1184053,6
1305006,6
1047115,6
1118323,6
1069969,6
1201287,6
1120066,6
1151015,6
1216540,6
1155871,6
1256336,6
1172550,6
1205789,6
1074146,6
1241875,6
1251262,6
1025271,6
1080677,6
1291572,6
1231552,6
1114509,6
1089736,6
1294171,6
1317821,6
1089188,6
1152715,6
1170736,6
1085697,6
1269719,6
1227299,6
1195341,6
1319287,6
1185184,6
1162220,6
1323106,6
1147909,6
1244336,6
1080784,6
1020845,6
1063251,6
1071372,6
1183967,6
1245338,6
1019287,6
1285090,6
1160860,6
1264926,6
1030630,6
1023433,6
1323828,6
1157876,6
1160963,6
1097093,6
1079938,6
1159984,6
1101750,6
1097873,6
1026608,6
1110113,6
1047034,6
1171154,6
1244646,6
1181462,6
1123599,6
1106941,6
1051282,6
1050084,6
1086393,6
1296139,6
1120610,6
1018444,6
1257574,6
1209290,6
1085868,6
1063844,6
1104680,6
1046249,6
1091718,6
1057851,6
1135520,6
1212366,6
1036257,6
1310235,6
1033237,6
1108943,6
1054300,6
1229183,6
1081386,6
1003030,6
1284109,6
1246714,6
1152786,6
1156893,6
1088912,6
1199293,6
1099795,6
1043393,6
1000935,6
1274449,6
1283447,6
1103150,6
1122513,6
1315617,6
1040508,6
1175615,6
1281519,6
1274496,6
1219661,6
1269354,6
1016175,6
1208589,6
1062562,6
1239640,6
1264781,6
1185364,6
1165718,6
1109534,6
1279481,6
1115090,6
1236738,6
1260992,6
1144942,6
1175787,6
1193789,6
1175250,6
1165246,6
1085762,6
1174307,6
1209373,6
1059487,6
1014112,6
1011465,6
1144994,6
1092703,6
1115687,6
1310342,6
1305883,6
1282422,6
1168817,6
1279806,6
1071628,6
1223799,6
1237574,6
1090475,6
1125590,6
1010435,6
1107359,6
1100184,6
1237568,6
1221910,6
1222391,6
1083282,6
1079436,6
1184100,6
1053291,6
1170851,6
1275271,6
1162667,6
1291329,6
1152380,6
1067051,6
1275428,6
1040856,6
1039393,6
1325661,6
1085314,6
1261887,6
1120442,6
1290445,6
1174678,6
1170134,6
1170964,6
1322559,6
1295198,6
1177345,6
1000360,6
1000908,6
1054972,6
1179434,6
1232185,6
1254388,6
1282885,6
1017396,6
1287219,6
1314580,6
1073397,6
1258707,6
1172236,6
1146118,6
1276696,6
1307518,6
1057736,6
1162305,6
1154251,6
1193601,6
1127313,6
1094290,6
1246866,6
1163600,6
1052364,6
1217591,6
1093225,6
1070375,6
1197535,6
1180886,6
1292834,6
1124104,6
1236139,6
1021103,6
1106619,6
1222545,6
1323860,6
1037761,6
1242716,6
1188504,6
1306587,6
1117324,6
1242863,6
1294666,6
1078244,6
1004969,6
1291652,6
1210149,6
1128950,6
1275752,6
1291213,6
1073700,6
1259861,6
1038327,6
1162102,6
1229144,6
1049897,6
1076044,6
1146720,6
1260694,6
1203832,6
1057067,6
1127904,6
1167708,6
1006868,6
1170706,6
1153573,6
1111816,6
1157481,6
1287094,6
1141247,6
1245419,6
1292284,6
1156539,6
1016104,6
1070337,6
1100169,6
1316884,6
1126427,6
1077736,6
1094366,6
1185900,6
1006124,6
1071749,6
1231752,6
1041141,6
1307867,6
1128344,6
1177270,6
1138814,6
1241308,6
1092526,6
1067022,6
1050543,6
1025773,6
1135274,6
1304883,6
1186761,6
1203993,6
1090456,6
1197459,6
1258444,6
1037418,6
1025093,6
1098887,6
1007076,6
1207451,6
1013859,6
1281400,6
1053221,6
1174003,6
1261529,6
1072493,6
1145261,6
1053405,6
1187516,6
1159597,6
1219968,6
1286412,6
1009321,6
1179094,6
1317415,6
1138437,6
1031497,6
1066911,6
1012778,6
1260518,6
1010347,6
1241264,6
1076968,6
1102263,6
1037449,6
1083494,6
1112614,6
1110948,6
1056041,6
1118128,6
1078417,6
1231389,6
1200837,6
1080588,6
1247916,6
1130977,6
1199281,6
1007334,6
1310566,6
1007537,6
1125394,6
1019201,6
1291173,6
1281143,6
1243862,6
1187014,6
1139849,6
1163808,6
1208041,6
1149660,6
1005841,6
1324496,6
1055440,6
1235879,6
1170311,6
1023046,6
1240788,6
1022113,6
1243042,6
1060559,6
1287258,6
1111997,6
1128812,6
1304123,6
1020460,6
1130858,6
1052986,6
1197556,6
1017137,6
1142998,6
1237840,6
1308026,6
1174719,6
1204926,6
1218882,6
1298469,6
1154828,6
1156433,6
1105180,6
1172138,6
1282890,6
1142629,6
1000010,6
1198737,6
1231738,6
1199398,6
1131128,6
1215099,6
1156774,6
1176226,6
1009876,6
1300106,6
1179004,6
1324923,6
1226827,6
1035185,6
1121973,6
1078914,6
1325013,6
1126261,6
1062661,6
1171123,6
1318121,6
1279320,6
1050747,6
1226410,6
1292520,6
1038281,6
1073087,6
1203806,6
1279256,6
1283739,6
1265431,6
1026959,6
1041862,6
1003948,6
1244822,6
1312104,6
1000277,6
1291106,6
1131025,6
1186931,6
1228963,6
1313187,6
1268457,6
1000551,6
1016940,6
1048178,6
1103211,6
1202825,6
1131489,6
1242153,6
1309875,6
1037402,6
1073432,6
1207493,6
1234404,6
1022145,6
1253529,6
1277019,6
1037540,6
1209641,6
1187641,6
1028055,6
1275566,6
1166673,6
1238646,6
1286247,6
1191173,6
1056326,6
1017449,6
1114871,6
1129890,6
1188750,6
1039567,6
1230642,6
1092389,6
1237865,6
1074401,6
1176108,6
1102520,6
1312629,6
1145994,6
1060571,6
1224110,6
1181832,6
1205194,6
1194375,6
1140701,6
1161643,6
1102417,6
1003843,6
1071169,6
1096422,6
1004568,6
1017854,6
1229518,6
1029185,6
1198367,6
1001624,6
1176930,6
1189783,6
1289114,6
1305310,6
1222521,6
1261109,6
1301824,6
1186527,6
1013263,6
1038540,6
1087542,6
1296895,6
1110929,6
1297737,6
1157638,6
1115726,6
1053349,6
1125288,6
1277684,6
1067174,6
1092435,6
1064856,6
1307699,6
1323519,6
1225758,6
1172855,6
1006133,6
1192792,6
1082441,6
1294945,6
1106671,6
1230841,6
1222740,6
1168955,6
1221099,6
1187639,6
1008797,6
1290728,6
1156114,6
1069892,6
1152113,6
1257705,6
1011928,6
1001305,6
1214760,6
1121692,6
1210373,6
1260308,6
1012467,6
1023994,6
1219712,6
1024819,6
1164003,6
1275023,6
1272835,6
1159113,6
1298232,6
1029293,6
1272247,6
1241251,6
1056929,6
1298689,6
1265742,6
1323092,6
1059668,6
1153600,6
1264872,6
1288856,6
1064421,6
1213473,6
1007105,6
1055283,6
1117480,6
1217813,6
1098075,6
1068941,6
1004897,6
1064124,6
1267617,6
1062735,6
1225465,6
1014741,6
1011603,6
1065255,6
1017957,6
1305516,6
1137165,6
1296783,6
1171900,6
1234222,6
1238918,6
1310205,6
1218126,6
1212784,6
1086241,6
1122819,6
1266823,6
1213191,6
1225908,6
1034154,6
1021726,6
1244119,6
1061528,6
1096054,6
1313648,6
1054606,6
1235071,6
1291647,6
1106030,6
1306647,6
1199340,6
1290362,6
1001412,6
1282587,6
1012222,6
1069698,6
1151359,6
1259832,6
1019098,6
1153970,6
1114870,6
1241849,6
1264561,6
1037442,6
1297184,6
1325698,6
1050062,6
1131210,6
1273652,6
1240808,6
1096754,6
1272961,6
1175162,6
1010892,6
1118033,6
1008973,6
1198039,6
1248411,6
1194033,6
1099530,6
1169961,6
1123597,6
1193175,6
1097072,6
1284416,6
1276624,6
1055248,6
1049540,6
1301117,6
1009485,6
1155891,6
1146802,6
1047358,6
1116874,6
1204028,6
1094439,6
1128279,6
1139103,6
1252966,6
1011293,6
1102086,6
1020094,6
1092665,6
1227045,6
1183652,6
1224145,6
1218198,6
1091250,6
1146948,6
1270857,6
1138552,6
1119508,6
1140517,6
1155451,6
1267164,6
1325666,6
1177361,6
1263664,6
1199746,6
1255885,6
1293395,6
1163158,6
1168262,6
1064036,6
1273306,6
1173523,6
1120809,6
1061137,6
1197012,6
1177198,6
1322526,6
1103509,6
1281325,6
1234329,6
1103615,6
1270588,6
1220477,6
1159864,6
1141814,6
1229736,6
1206095,6
1144862,6
1177164,6
1249098,6
1073960,6
1119840,6
1022301,6
1314895,6
1040674,6
1097829,6
1193195,6
1118034,6
1292969,6
1200834,6
1106825,6
1095035,6
1087740,6
1037118,6
1217669,6
1248692,6
1024599,6
1197716,6
1065929,6
1203495,6
1008734,6
1105785,6
1281781,6
1179747,6
1076061,6
1229580,6
1041673,6
1300050,6
1173835,6
1116519,6
1149625,6
1028248,6
1129646,6
1188901,6
1308371,6
1049503,6
1246747,6
1314468,6
1277407,6
1011754,6
1302356,6
1254406,6
1268477,6
1310509,6
1325306,6
1249522,6
1208995,6
1303970,6
1095801,6
1031834,6
1081211,6
1006438,6
1122220,6
1020409,6
1239530,6
1047532,6
1068247,6
1212091,6
1020682,6
1295330,6
1228405,6
1169585,6
1117459,6
1298652,6
1223981,6
1318527,6
1065060,6
1103838,6
1026546,6
1322614,6
1099908,6
1283885,6
1066700,6
1013406,6
1235346,6
1245878,6
1004003,6
1242505,6
1114589,6
1145350,6
1090720,6
1145509,6
1317545,6
1282085,6
1228205,6
1276424,6
1028739,6
1027216,6
1032290,6
1047760,6
1269716,6
1267672,6
1256486,6
1158455,6
1066518,6
1119186,6
1031503,6
1234178,6
1140997,6
1045009,6
1294522,6
1209064,6
1211760,6
1076611,6
1150435,6
1242004,6
1199770,6
1249753,6
1044130,6
1232899,6
1134225,6
1035350,6
1027627,6
1063714,6
1148319,6
1252809,6
1158410,6
1045743,6
1256247,6
1320522,6
1303254,6
1090257,6
1219418,6
1118760,6
1194121,6
1157451,6
1180749,6
1058955,6
1255434,6
1321019,6
1311550,6
1251966,6
1168288,6
1083459,6
1007877,6
1211924,6
1088239,6
1160333,6
1192578,6
1293799,6
1240442,6
1022887,6
1138878,6
1323147,6
1279870,6
1167399,6
1037476,6
1294166,6
1197885,6
1006728,6
1169377,6
1037896,6
1323431,6
1201139,6
1140559,6
1104754,6
1160947,6
1040316,6
1079928,6
1138560,6
1069443,6
1026954,6
1321384,6
1018733,6
1081762,6
1235920,6
1198878,6
1156130,6
1224225,6
1324201,6
1197554,6
1321225,6
1109137,6
1082024,6
1111791,6
1218054,6
1315377,6
1137797,6
1203125,6
1023112,6
1140644,6
1279063,6
1167777,6
1202963,6
1065532,6
1300451,6
1313051,6
1285680,6
1017680,6
1065185,6
1035198,6
1232641,6
1121670,6
1306882,6
1301154,6
1250251,6
1042774,6
1010498,6
1278279,6
1104357,6
1306318,6
1076959,6
1043834,6
1043131,6
1061597,6
1017392,6
1164223,6
1263558,6
1105492,6
1157327,6
1194824,6
1086493,6
1318281,6
1215324,6
1111428,6
1164612,6
1177136,6
1188097,6
1102912,6
1216485,6
1259948,6
1181054,6
1247619,6
1285028,6
1166505,6
1262697,6
1284331,6
1107096,6
1067308,6
1051013,6
1284014,6
1250101,6
1106437,6
1080291,6
1061789,6
1290552,6
1078485,6
1304545,6
1012982,6
1263850,6
1274254,6
1178209,6
1087236,6
1281910,6
1239947,6
1186725,6
1160642,6
1075122,6
1283682,6
1270500,6
1300860,6
1262156,6
1242199,6
1136216,6
1278326,6
1176310,6
1031798,6
1188675,6
1226581,6
1088357,6
1092105,6
1315628,6
1194371,6
1028595,6
1226824,6
1118318,6
1092260,6
1263867,6
1088524,6
1046708,6
1109690,6
1027064,6
1218938,6
1168546,6
1117272,6
1120037,6
1000320,6
1210009,6
1074465,6
1015318,6
1135489,6
1188631,6
1323314,6
1288149,6
1183120,6
1017010,6
1193757,6
1206324,6
1249445,6
1215368,6
1323782,6
1114343,6
1066344,6
1106542,6
1290958,6
1065649,6
1267670,6
1114290,6
1203532,6
1247156,6
1012799,6
1049395,6
1106276,6
1239522,6
1216389,6
1188277,6
1274798,6
1267285,6
1031630,6
1094951,6
1276190,6
1210143,6
1271813,6
1219445,6
1197841,6
1230566,6
1046056,6
1077366,6
1060141,6
1256686,6
1063843,6
1092641,6
1212349,6
1215355,6
1325026,6
1078488,6
1052574,6
1278123,6
1149581,6
1323733,6
1025544,6
1068098,6
1033069,6
1256880,6
1301337,6
1167637,6
1179075,6
1037991,6
1177734,6
1089444,6
1103339,6
1184120,6
1044205,6
1256882,6
1320604,6
1301884,6
1105138,6
1283047,6
1106832,6
1195717,6
1305822,6
1080963,6
1096202,6
1087608,6
1179948,6
1160128,6
1044482,6
1075512,6
1269000,6
1302157,6
1025630,6
1297235,6
1003227,6
1212555,6
1021735,6
1042522,6
1267516,6
1096879,6
1234019,6
1157825,6
1123634,6
1077941,6
1080382,6
1139636,6
1308676,6
1309069,6
1016181,6
1169787,6
1191971,6
1126641,6
1072876,6
1032118,6
1166876,6
1234774,6
1161648,6
1013671,6
1068578,6
1313242,6
1063244,6
1305563,6
1106855,6
1162099,6
1105696,6
1044481,6
1164141,6
1157141,6
1007263,6
1100865,6
1307753,6
1153148,6
1091565,6
1238082,6
1102211,6
1003763,6
1024563,6
1140866,6
1076179,6
1145653,6
1107826,6
1014350,6
1123274,6
1181925,6
1211503,6
1022495,6
1030973,6
1212368,6
1039594,6
1136495,6
1155427,6
1188879,6
1220276,6
1304187,6
1174647,6
1169644,6
1103409,6
1112643,6
1060487,6
1136357,6
1267610,6
1056032,6
1248591,6
1320951,6
1302115,6
1098394,6
1141467,6
1123703,6
1144913,6
1218509,6
1183982,6
1213324,6
1007377,6
1245273,6
1170417,6
1043762,6
1185786,6
1270852,6
1263628,6
1017628,6
1003953,6
1100185,6
1162624,6
1150016,6
1256788,6
1323593,6
1004691,6
1129373,6
1291223,6
1120709,6
1020881,6
1305063,6
1273247,6
1229715,6
1080000,6
1122122,6
1186548,6
1114311,6
1073184,6
1025448,6
1065478,6
1284504,6
1023677,6
1210362,6
1066769,6
1034073,6
1301349,6
1058551,6
1012148,6
1238113,6
1129100,6
1194988,6
1056696,6
1060391,6
1050448,6
1092146,6
1266682,6
1288667,6
1146644,6
1323635,6
1095235,6
1003488,6
1130471,6
1302366,6
1248499,6
1058988,6
1229614,6
1206571,6
1023959,6
1056260,6
1150665,6
1233957,6
1106367,6
1170096,6
1183173,6
1220569,6
1155063,6
1212005,6
1069601,6
1000249,6
1075620,6
1305209,6
1123220,6
1274453,6
1106797,6
1317261,6
1138088,6
1174919,6
1286959,6
1011352,6
1226313,6
1054756,6
1206258,6
1052802,6
1035440,6
1199538,6
1109664,6
1004166,6
1278929,6
1171758,6
1087545,6
1143836,6
1283636,6
1309405,6
1000586,6
1027196,6
1029746,6
1325541,6
1213646,6
1130666,6
1003642,6
1321313,6
1067191,6
1203904,6
1008824,6
1317487,6
1145018,6
1154955,6
1293031,6
1156615,6
1124060,6
1278173,6
1273694,6
1051886,6
1054833,6
1268634,6
1064711,6
1184036,6
1181882,6
1194970,6
1155354,6
1060671,6
1270865,6
1026184,6
1217166,6
1056230,6
1283987,6
1094742,6
1241806,6
1038700,6
1141078,6
1090885,6
1004319,6
1178706,6
1265998,6
1301502,6
1323450,6
1167898,6
1187711,6
1297349,6
1315988,6
1223146,6
1269976,6
1318203,6
1273711,6
1051988,6
1271476,6
1168718,6
1105389,6
1067016,6
1298372,6
1121661,6
1219669,6
1263636,6
1252688,6
1109776,6
1319600,6
1171834,6
1052196,6
1079009,6
1161284,6
1069923,6
1220101,6
1201126,6
1097998,6
1146360,6
1045126,6
1287120,6
1223096,6
1185566,6
1207803,6
1277885,6
1138667,6
1137560,6
1118922,6
1303103,6
1022630,6
1185636,6
1090400,6
1251133,6
1036768,6
1279451,6
1072681,6
1237827,6
1138528,6
1070228,6
1174617,6
1226941,6
1282083,6
1015879,6
1043401,6
1289616,6
1295216,6
1072674,6
1230019,6
1167450,6
1228080,6
1204169,6
1081663,6
1055069,6
1074818,6
1299696,6
1184165,6
1057170,6
1172079,6
1248039,6
1147370,6
1295625,6
1042791,6
1030168,6
1199504,6
1225327,6
1170889,6
1018255,6
1016667,6
1213851,6
1080126,6
1084097,6
1149425,6
1214798,6
1241578,6
1315588,6
1141059,6
1154580,6
1300824,6
1313714,6
1181133,6
1321827,6
1152233,6
1122106,6
1012783,6
1194444,6
1197884,6
1259348,6
1091069,6
1255997,6
1198743,6
1227003,6
1277329,6
1052003,6
1217367,6
1067861,6
1263378,6
1060256,6
1095472,6
1239367,6
1182776,6
1041250,6
1211236,6
1152041,6
1266982,6
1142470,6
1066500,6
1073935,6
1128345,6
1162306,6
1177042,6
1186399,6
1172810,6
1234150,6
1070698,6
1054649,6
1185991,6
1034819,6
1235461,6
1089221,6
1267224,6
1043853,6
1182801,6
1087136,6
1126458,6
1147053,6
1150735,6
1215932,6
1166956,6
1214864,6
1274111,6
1095654,6
1142948,6
1266477,6
1023224,6
1105719,6
1084776,6
1100411,6
1145365,6
1009615,6
1176169,6
1180324,6
1270952,6
1281008,6
1218194,6
1091507,6
1173740,6
1183416,6
1054008,6
1098788,6
1136456,6
1008040,6
1203504,6
1045705,6
1138583,6
1265464,6
1237300,6
1189140,6
1240893,6
1191817,6
1069313,6
1260981,6
1211575,6
1034201,6
1037882,6
1070052,6
1066820,6
1043415,6
1097628,6
1066241,6
1037758,6
1309355,6
1283814,6
1324106,6
1303332,6
1006522,6
1041875,6
1141531,6
1256653,6
1162685,6
1270249,6
1111836,6
1032471,6
1143756,6
1097434,6
1121263,6
1002551,6
1034374,6
1166176,6
1102087,6
1295465,6
1172823,6
1157042,6
1138099,6
1194362,6
1156284,6
1301597,6
1109519,6
1162291,6
1276657,6
1182503,6
1046347,6
1230395,6
1180748,6
1108556,6
1033783,6
1318635,6
1169004,6
1213966,6
1043886,6
1210265,6
1189859,6
1065814,6
1104702,6
1058168,6
1036850,6
1042953,6
1271981,6
1235252,6
1005712,6
1294201,6
1230588,6
1096976,6
1067353,6
1297013,6
1133392,6
1249446,6
1213603,6
1241656,6
1284393,6
1199039,6
1021560,6
1141251,6
1141192,6
1300422,6
1255631,6
1231431,6
1269471,6
1022903,6
1061865,6
1287292,6
1133974,6
1263451,6
1265974,6
1253694,6
1026548,6
1098067,6
1294903,6
1129620,6
1270926,6
1061638,6
1111677,6
1072264,6
1220568,6
1002511,6
1193912,6
1032056,6
1024411,6
1080441,6
1201251,6
1307626,6
1080998,6
1078512,6
1200701,6
1241417,6
1154119,6
1018834,6
1114616,6
1230564,6
1273393,6
1063895,6
1225769,6
1012972,6
1307538,6
1175364,6
1324959,6
1262736,6
1073446,6
1098367,6
1011624,6
1210221,6
1240556,6
1165137,6
1058718,6
1314277,6
1132215,6
1250108,6
1231850,6
1053430,6
1024027,6
1039807,6
1321555,6
1063312,6
1214294,6
1184483,6
1237866,6
1095529,6
1171148,6
1299997,6
1230640,6
1295068,6
1316916,6
1056156,6
1213872,6
1170609,6
1080961,6
1096368,6
1111220,6
1235412,6
1251372,6
1017119,6
1005412,6
1161323,6
1071897,6
1023022,6
1206141,6
1283937,6
1141890,6
1266490,6
1105330,6
1097857,6
1132324,6
1042605,6
1239207,6
1215133,6
1049031,6
1008426,6
1001286,6
1308897,6
1130106,6
1273216,6
1148208,6
1164462,6
1284283,6
1170806,6
1152126,6
1202903,6
1163992,6
1316145,6
1007514,6
1004357,6
1319350,6
1217523,6
1240037,6
1130116,6
1181427,6
1019407,6
1181895,6
1206447,6
1302155,6
1325314,6
1136906,6
1293763,6
1163255,6
1261477,6
1103148,6
1227479,6
1109542,6
1188379,6
1172820,6
1138359,6
1057891,6
1134858,6
1124773,6
1294706,6
1225943,6
1303994,6
1001211,6
1190320,6
1124501,6
1140011,6
1197745,6
1287532,6
1115199,6
1148190,6
1202170,6
1199574,6
1232638,6
1157963,6
1049325,6
1302128,6
1038007,6
1049796,6
1155489,6
1028700,6
1017106,6
1278830,6
1055647,6
1254583,6
1317149,6
1268533,6
1300351,6
1311170,6
1050894,6
1129239,6
1088393,6
1082240,6
1188144,6
1163428,6
1258230,6
1039710,6
1264317,6
1101784,6
1154491,6
1265848,6
1054904,6
1221546,6
1274143,6
1228298,6
1176748,6
1293904,6
1299451,6
1093005,6
1152058,6
1177341,6
1090428,6
1120752,6
1010926,6
1129725,6
1258054,6
1077353,6
1174373,6
1034961,6
1141951,6
1126069,6
1308335,6
1001034,6
1148767,6
1092198,6
1216445,6
1182831,6
1069020,6
1111439,6
1083270,6
1251628,6
1087788,6
1295262,6
1301073,6
1004061,6
1290976,6
1223780,6
1302300,6
1035144,6
1184045,6
1212310,6
1157806,6
1182643,6
1300931,6
1162787,6
1254681,6
1086431,6
1207378,6
1201365,6
1037817,6
1148003,6
1146837,6
1190456,6
1213081,6
1291416,6
1053469,6
1029553,6
1183692,6
1057879,6
1323550,6
1158638,6
1309670,6
1128720,6
1319876,6
1241314,6
1017066,6
1026510,6
1046180,6
1131279,6
1175121,6
1195100,6
1205307,6
1211555,6
1157750,6
1245649,6
1155502,6
1203858,6
1255128,6
1063457,6
1104024,6
1114814,6
1303755,6
1008182,6
1062407,6
1287392,6
1092986,6
1316697,6
1166399,6
1279212,6
1118249,6
1172783,6
1089254,6
1037007,6
1152607,6
1111310,6
1003128,6
1262830,6
1105302,6
1255908,6
1250186,6
1221640,6
1160010,6
1224581,6
1287552,6
1057719,6
1157425,6
1011905,6
1225337,6
1002314,6
1046658,6
1199264,6
1111522,6
1294215,6
1052417,6
1107913,6
1012800,6
1000618,6
1316645,6
1307932,6
1054054,6
1183444,6
1053077,6
1255367,6
1321224,6
1296750,6
1288007,6
1140742,6
1228482,6
1122674,6
1077055,6
1027874,6
1019423,6
1008748,6
1272734,6
1183110,6
1202924,6
1157897,6
1035570,6
1169751,6
1099214,6
1079248,6
1063391,6
1142521,6
1269638,6
1020081,6
1019936,6
1147296,6
1178358,6
1020733,6
1312406,6
1147503,6
1320974,6
1214439,6
1198555,6
1318035,6
1321736,6
1262987,6
1213100,6
1099061,6
1172460,6
1158569,6
1175580,6
1208783,6
1158949,6
1253708,6
1283404,6
1063789,6
1209795,6
1137062,6
1193148,6
1161737,6
1101883,6
1271219,6
1008955,6
1260781,6
1047380,6
1275450,6
1022460,6
1236535,6
1176043,6
1229852,6
1204261,6
1216303,6
1117411,6
1049487,6
1226037,6
1029213,6
1109401,6
1184840,6
1068789,6
1024876,6
1322384,6
1301386,6
1167222,6
1060640,6
1181547,6
1279709,6
1034646,6
1119375,6
1241092,6
1210591,6
1280816,6
1075797,6
1202823,6
1254415,6
1322592,6
1108348,6
1065505,6
1243756,6
1083941,6
1131498,6
1068899,6
1170072,6
1204843,6
1095056,6
1202333,6
1269157,6
1211545,6
1172462,6
1253435,6
1293859,6
1288981,6
1045952,6
1243894,6
1003685,6
1042444,6
1180316,6
1105515,6
1075760,6
1199060,6
1270809,6
1255678,6
1324399,6
1161091,6
1324437,6
1068683,6
1050502,6
1155889,6
1124379,6
1082548,6
1213381,6
1247964,6
1055996,6
1109252,6
1170987,6
1234182,6
1220057,6
1299603,6
1304423,6
1062589,6
1019975,6
1242714,6
1273666,6
1078913,6
1011272,6
1202413,6
1095243,6
1265590,6
1148749,6
1095127,6
1130620,6
1307241,6
1298979,6
1003421,6
1189412,6
1069213,6
1111701,6
1159914,6
1126004,6
1259384,6
1112690,6
1005105,6
1243679,6
1252567,6
1029066,6
1269609,6
1063691,6
1282642,6
1291577,6
1223177,6
1107803,6
1011424,6
1194622,6
1144188,6
1278435,6
1058434,6
1029642,6
1204615,6
1320737,6
1168656,6
1287951,6
1069193,6
1262791,6
1104739,6
1014162,6
1065528,6
1111703,6
1037773,6
1318365,6
1312321,6
1184222,6
1083064,6
1122209,6
1273667,6
1254473,6
1013471,6
1059555,6
1248086,6
1141679,6
1002219,6
1219013,6
1040589,6
1065422,6
1285045,6
1220600,6
1275840,6
1012425,6
1082853,6
1027312,6
1131631,6
1153608,6
1169234,6
1049790,6
1140818,6
1303916,6
1167810,6
1276348,6
1017167,6
1220180,6
1099579,6
1055688,6
1315088,6
1235330,6
1008205,6
1086274,6
1006310,6
1189241,6
1228859,6
1203733,6
1080902,6
1161043,6
1119178,6
1183042,6
1171949,6
1103711,6
1101829,6
1306373,6
1319148,6
1110158,6
1058464,6
1197972,6
1157710,6
1228516,6
1066261,6
1205849,6
1175877,6
1008397,6
1116558,6
1011781,6
1186442,6
1304255,6
1254095,6
1089921,6
1114579,6
1152275,6
1145813,6
1010673,6
1281769,6
1090541,6
1049568,6
1108212,6
1190418,6
1270761,6
1220505,6
1014580,6
1242583,6
1279199,6
1213441,6
1164931,6
1119671,6
1039105,6
1310675,6
1124341,6
1093491,6
1079832,6
1244074,6
1058555,6
1132836,6
1241364,6
1126874,6
1118227,6
1106538,6
1163954,6
1086574,6
1009265,6
1288907,6
1139957,6
1230904,6
1084499,6
1018467,6
1243658,6
1114083,6
1134095,6
1201649,6
1141479,6
1178886,6
1241093,6
1155146,6
1081518,6
1189674,6
1155369,6
1246646,6
1289568,6
1168498,6
1184783,6
1208624,6
1046443,6
1064101,6
1080100,6
1027928,6
1030258,6
1030199,6
1164832,6
1015518,6
1202195,6
1157242,6
1265912,6
1268791,6
1027238,6
1258768,6
1130499,6
1114233,6
1002668,6
1048472,6
1241455,6
1151460,6
1011201,6
1261157,6
1251687,6
1282023,6
1248265,6
1286048,6
1106943,6
1231186,6
1219396,6
1226220,6
1054600,6
1047699,6
1193605,6
1074755,6
1077052,6
1119106,6
1182540,6
1206418,6
1289869,6
1015891,6
1204007,6
1073480,6
1071218,6
1010172,6
1073601,6
1193549,6
1302421,6
1099138,6
1097330,6
1204337,6
1276948,6
1014754,6
1146816,6
1012093,6
1244263,6
1037600,6
1011315,6
1106845,6
1266928,6
1293715,6
1248438,6
1300718,6
1273846,6
1294977,6
1271724,6
1148307,6
1157356,6
1251037,6
1064590,6
1159548,6
1095354,6
1214533,6
1230205,6
1252155,6
1193029,6
1090582,6
1107637,6
1113413,6
1160527,6
1138609,6
1298248,6
1133532,6
1030461,6
1180500,6
1210188,6
1145879,6
1165170,6
1201091,6
1117643,6
1256101,6
1078589,6
1203851,6
1189663,6
1002032,6
1307661,6
1109568,6
1171007,6
1215451,6
1070430,6
1070226,6
1126971,6
1121034,6
1245717,6
1076585,6
1297696,6
1305039,6
1158652,6
1084386,6
1296191,6
1181904,6
1025665,6
1223423,6
1252067,6
1110931,6
1108194,6
1238897,6
1211344,6
1199769,6
1081955,6
1169600,6
1235263,6
1202028,6
1260304,6
1245845,6
1221602,6
1024138,6
1072129,6
1050095,6
1051780,6
1003354,6
1263445,6
1097760,6
1265005,6
1266642,6
1251805,6
1103864,6
1248425,6
1124182,6
1267809,6
1193204,6
1010026,6
1075501,6
1040657,6
1252225,6
1301181,6
1137022,6
1121358,6
1089859,6
1136664,6
1056837,6
1014984,6
1292223,6
1079207,6
1164696,6
1109321,6
1279826,6
1048576,6
1162744,6
1115507,6
1064428,6
1321962,6
1208407,6
1269676,6
1033231,6
1125978,6
1177566,6
1162618,6
1118441,6
1106413,6
1203405,6
1145129,6
1150135,6
1039712,6
1012181,6
1031953,6
1306680,6
1270289,6
1263437,6
1287044,6
1118273,6
1111244,6
1179599,6
1033132,6
1310031,6
1035921,6
1238527,6
1296909,6
1290302,6
1213986,6
1056340,6
1226853,6
1144572,6
1011413,6
1019004,6
1010201,6
1092108,6
1090765,6
1062557,6
1206353,6
1073050,6
1153925,6
1005351,6
1022554,6
1111693,6
1304790,6
1246756,6
1202500,6
1218740,6
1321188,6
1052984,6
1320249,6
1266635,6
1286728,6
1091226,6
1144058,6
1240652,6
1074899,6
1264031,6
1189885,6
1107893,6
1225544,6
1016788,6
1249596,6
1046023,6
1005831,6
1268034,6
1109580,6
1163436,6
1078289,6
1278789,6
1043505,6
1196230,6
1018991,6
1045412,6
1267823,6
1007838,6
1321112,6
1097928,6
1020602,6
1085094,6
1077069,6
1159580,6
1235673,6
1322984,6
1099928,6
1106222,6
1101466,6
1198417,6
1244384,6
1255573,6
1016183,6
1155189,6
1227248,6
1224345,6
1189758,6
1167491,6
1233447,6
1122002,6
1279693,6
1089007,6
1102450,6
1288905,6
1035070,6
1154201,6
1217613,6
1198312,6
1150052,6
1056133,6
1186871,6
1269055,6
1194778,6
1222593,6
1160134,6
1179365,6
1181976,6
1145966,6
1009732,6
1316184,6
1008351,6
1058841,6
1292771,6
1091146,6
1051827,6
1132056,6
1231222,6
1281343,6
1237640,6
1234650,6
1129610,6
1130485,6
1119961,6
1045200,6
1074744,6
1300028,6
1088919,6
1263172,6
1026782,6
1105202,6
1106204,6
1146329,6
1125351,6
1266424,6
1216579,6
1139091,6
1260599,6
1241458,6
1016870,6
1183048,6
1099465,6
1078305,6
1203764,6
1175204,6
1044859,6
1227530,6
1259131,6
1181248,6
1063407,6
1032974,6
1226864,6
1207581,6
1298639,6
1172452,6
1125602,6
1064910,6
1278599,6
1273263,6
1027993,6
1224607,6
1190279,6
1057000,6
1255870,6
1217427,6
1239662,6
1121017,6
1089709,6
1085962,6
1258036,6
1324508,6
1157577,6
1038772,6
1039858,6
1131385,6
1073879,6
1191319,6
1019702,6
1203084,6
1159405,6
1186093,6
1080570,6
1091374,6
1039504,6
1031179,6
1272844,6
1269270,6
1083699,6
1117883,6
1122567,6
1219683,6
1119757,6
1025227,6
1221309,6
1143556,6
1091533,6
1195557,6
1278639,6
1076506,6
1113954,6
1006582,6
1076064,6
1148273,6
1143938,6
1311570,6
1163017,6
1133350,6
1117237,6
1232762,6
1193374,6
1170328,6
1115819,6
1051225,6
1177416,6
1111645,6
1146125,6
1051433,6
1044842,6
1303163,6
1321573,6
1137354,6
1218221,6
1227527,6
1006231,6
1149450,6
1044551,6
1258346,6
1032947,6
1260369,6
1060094,6
1020530,6
1075182,6
1305203,6
1054863,6
1115570,6
1135910,6
1141316,6
1136455,6
1252816,6
1248694,6
1033656,6
1259982,6
1174491,6
1002625,6
1061552,6
1094295,6
1216226,6
1216543,6
1001212,6
1255721,6
1126176,6
1151978,6
1202083,6
1212265,6
1220335,6
1155951,6
1055036,6
1209203,6
1323012,6
1263246,6
1206137,6
1316370,6
1060938,6
1066264,6
1154011,6
1200452,6
1009557,6
1163963,6
1098639,6
1276339,6
1097168,6
1306810,6
1087393,6
1086372,6
1054693,6
1278086,6
1025622,6
1028374,6
1267207,6
1140348,6
1260877,6
1173497,6
1232531,6
1272027,6
1325780,6
1048952,6
1146915,6
1062243,6
1261849,6
1102428,6
1092003,6
1086835,6
1075877,6
1017328,6
1081573,6
1131106,6
1293853,6
1311525,6
1018160,6
1224979,6
1227165,6
1120059,6
1019276,6
1153639,6
1281930,6
1282366,6
1096277,6
1040525,6
1085322,6
1032631,6
1322277,6
1049570,6
1117314,6
1185306,6
1249720,6
1113366,6
1241653,6
1073107,6
1277071,6
1043972,6
1199442,6
1210931,6
1108431,6
1123629,6
1286059,6
1255760,6
1059158,6
1083276,6
1031082,6
1248627,6
1044780,6
1014618,6
1010822,6
1080839,6
1082177,6
1230815,6
1016676,6
1268199,6
1017930,6
1250218,6
1042807,6
1293355,6
1170768,6
1205405,6
1069755,6
1228658,6
1275662,6
1095284,6
1321543,6
1236624,6
1198747,6
1098936,6
1076083,6
1151165,6
1032181,6
1197394,6
1261741,6
1070914,6
1294078,6
1308834,6
1264512,6
1232061,6
1259934,6
1076926,6
1094853,6
1283521,6
1110740,6
1314727,6
1117317,6
1259650,6
1126836,6
1062622,6
1005235,6
1102589,6
1126536,6
1016804,6
1014448,6
1260804,6
1152403,6
1098492,6
1007244,6
1032522,6
1143969,6
1105031,6
1125003,6
1183802,6
1024442,6
1071100,6
1156050,6
1095301,6
1107722,6
1136600,6
1143016,6
1193288,6
1144392,6
1124918,6
1091130,6
1012903,6
1113215,6
1059780,6
1130693,6
1019869,6
1040992,6
1174580,6
1168679,6
1113875,6
1085112,6
1001691,6
1087644,6
1060611,6
1239223,6
1314298,6
1117397,6
1204921,6
1142211,6
1011176,6
1298027,6
1274692,6
1099303,6
1210185,6
1186632,6
1092773,6
1140983,6
1227704,6
1208421,6
1292323,6
1130494,6
1196073,6
1028322,6
1263703,6
1232360,6
1302458,6
1037904,6
1251730,6
1279960,6
1245232,6
1307361,6
1227364,6
1229768,6
1014394,6
1037411,6
1056127,6
1056769,6
1214993,6
1110218,6
1088884,6
1082802,6
1182753,6
1003449,6
1259117,6
1092828,6
1065731,6
1157248,6
1198971,6
1288079,6
1066486,6
1052007,6
1027661,6
1073643,6
1109043,6
1308080,6
1006058,6
1297870,6
1298820,6
1091004,6
1291576,6
1144781,6
1162923,6
1190609,6
1304391,6
1195742,6
1026882,6
1068204,6
1114363,6
1309955,6
1179226,6
1279912,6
1216477,6
1178315,6
1216352,6
1222235,6
1180168,6
1185801,6
1142293,6
1246355,6
1278897,6
1185044,6
1081528,6
1174539,6
1307742,6
1136859,6
1104382,6
1253219,6
1096442,6
1006412,6
1185458,6
1060345,6
1217939,6
1151825,6
1203530,6
1109528,6
1199272,6
1100004,6
1297823,6
1221866,6
1313012,6
1319780,6
1135416,6
1102175,6
1109265,6
1044508,6
1120048,6
1146239,6
1221237,6
1012753,6
1216925,6
1267796,6
1189202,6
1254837,6
1204525,6
1251503,6
1205982,6
1179192,6
1248150,6
1235137,6
1215452,6
1088450,6
1307777,6
1235838,6
1020770,6
1070497,6
1256463,6
1058122,6
1112291,6
1298253,6
1058450,6
1190759,6
1159415,6
1191149,6
1197533,6
1221146,6
1020389,6
1053864,6
1005902,6
1267900,6
1267518,6
1197355,6
1035312,6
1049629,6
1287872,6
1123366,6
1099193,6
1048864,6
1300235,6
1262815,6
1051441,6
1245173,6
1270022,6
1086708,6
1020791,6
1213743,6
1190656,6
1282732,6
1044012,6
1196310,6
1138165,6
1052624,6
1134597,6
1027449,6
1273302,6
1078325,6
1319758,6
1275408,6
1165643,6
1325634,6
1117594,6
1002095,6
1196956,6
1081538,6
1165808,6
1297246,6
1166947,6
1214361,6
1032531,6
1148689,6
1274759,6
1218790,6
1168683,6
1153942,6
1031973,6
1234771,6
1089735,6
1055448,6
1192534,6
1259090,6
1123483,6
1193420,6
1260509,6
1259552,6
1089265,6
1041086,6
1236028,6
1001600,6
1082577,6
1282257,6
1161045,6
1156741,6
1156574,6
1243051,6
1140937,6
1293535,6
1165794,6
1287251,6
1254975,6
1226171,6
1207908,6
1000930,6
1126799,6
1257246,6
1323721,6
1045804,6
1197780,6
1094232,6
1219759,6
1205818,6
1322161,6
1086033,6
1325361,6
1105581,6
1318009,6
1004907,6
1102705,6
1021123,6
1216947,6
1235536,6
1308763,6
1097786,6
1122091,6
1035822,6
1203419,6
1158950,6
1144437,6
1232165,6
1120694,6
1100920,6
1234814,6
1020031,6
1107920,6
1007983,6
1205462,6
1203390,6
1273708,6
1045241,6
1320053,6
1270887,6
1247745,6
1023623,6
1161627,6
1226401,6
1084522,6
1317965,6
1318710,6
1036774,6
1053021,6
1056265,6
1008510,6
1144940,6
1011852,6
1146703,6
1156690,6
1227824,6
1032484,6
1186099,6
1056405,6
1113026,6
1116964,6
1208411,6
1097306,6
1188871,6
1260928,6
1251257,6
1265294,6
1195741,6
1184956,6
1034430,6
1162030,6
1195944,6
1246813,6
1215464,6
1319195,6
1301282,6
1125490,6
1174667,6
1120409,6
1230522,6
1248629,6
1038043,6
1236221,6
1292236,6
1057443,6
1190079,6
1205949,6
1177371,6
1105523,6
1207544,6
1180268,6
1127515,6
1109213,6
1252107,6
1292681,6
1173108,6
1252775,6
1164990,6
1163855,6
1010702,6
1256148,6
1262188,6
1319522,6
1177402,6
1067100,6
1098209,6
1323011,6
1069603,6
1227607,6
1111076,6
1076953,6
1245044,6
1004803,6
1263348,6
1134702,6
1252556,6
1256469,6
1012205,6
1055611,6
1187667,6
1114817,6
1187971,6
1263523,6
1169682,6
1304659,6
1139511,6
1003720,6
1323395,6
1093013,6
1020869,6
1301738,6
1228458,6
1280760,6
1123014,6
1063187,6
1092455,6
1229845,6
1154417,6
1074275,6
1303623,6
1182357,6
1313613,6
1119190,6
1233158,6
1280540,6
1281127,6
1157240,6
1113971,6
1193996,6
1286676,6
1186736,6
1003119,6
1221800,6
1238265,6
1313489,6
1322376,6
1295742,6
1316826,6
1049997,6
1192823,6
1154013,6
1100609,6
1244680,6
1080351,6
1242179,6
1149736,6
1315494,6
1038789,6
1148301,6
1199731,6
1194019,6
1117934,6
1134793,6
1292426,6
1285319,6
1271861,6
1111999,6
1007421,6
1226451,6
1143025,6
1054532,6
1007022,6
1105958,6
1122786,6
1292996,6
1243996,6
1286104,6
1178685,6
1179898,6
1096371,6
1109836,6
1233297,6
1098381,6
1297134,6
1078943,6
1195938,6
1099441,6
1292047,6
1315734,6
1281758,6
1211248,6
1101408,6
1007205,6
1227143,6
1033934,6
1102256,6
1246888,6
1113987,6
1004651,6
1028286,6
1245583,6
1258854,6
1281461,6
1274951,6
1041030,6
1062770,6
1140343,6
1183553,6
1093309,6
1193673,6
1107094,6
1284539,6
1090167,6
1165399,6
1199677,6
1206056,6
1089016,6
1256258,6
1324742,6
1318192,6
1009564,6
1120574,6
1168010,6
1038047,6
1308566,6
1186529,6
1037713,6
1196811,6
1123172,6
1207130,6
1175954,6
1049562,6
1258412,6
1216446,6
1204242,6
1035449,6
1124731,6
1013817,6
1183242,6
1032440,6
1076889,6
1041259,6
1066187,6
1266515,6
1081904,6
1175853,6
1180343,6
1251386,6
1243369,6
1178620,6
1168642,6
1016080,6
1011694,6
1066882,6
1029728,6
1300223,6
1017790,6
1186443,6
1311703,6
1027108,6
1123753,6
1247293,6
1133056,6
1046699,6
1174221,6
1181432,6
1017154,6
1023317,6
1280161,6
1063018,6
1161739,6
1299236,6
1307321,6
1090422,6
1126027,6
1158720,6
1308086,6
1131903,6
1224211,6
1112906,6
1258483,6
1053049,6
1288607,6
1142704,6
1096548,6
1222359,6
1003974,6
1175794,6
1094522,6
1091353,6
1138367,6
1192980,6
1174156,6
1206157,6
1301320,6
1009009,6
1276899,6
1012501,6
1169766,6
1145918,6
1322543,6
1318976,6
1277304,6
1321991,6
1298020,6
1188676,6
1209320,6
1048285,6
1266029,6
1022204,6
1017684,6
1099597,6
1041680,6
1215418,6
1247350,6
1097226,6
1053228,6
1179362,6
1110917,6
1064608,6
1091199,6
1063522,6
1300124,6
1281051,6
1121704,6
1101699,6
1146645,6
1116941,6
1287026,6
1185301,6
1246979,6
1280472,6
1201876,6
1089876,6
1192188,6
1138087,6
1315918,6
1293399,6
1063749,6
1297603,6
1140678,6
1314694,6
1089892,6
1114606,6
1228635,6
1297565,6
1006865,6
1104463,6
1200708,6
1270813,6
1284569,6
1316024,6
1159309,6
1290130,6
1299726,6
1074115,6
1108775,6
1262139,6
1016185,6
1168173,6
1198642,6
1093368,6
1287660,6
1119353,6
1047256,6
1319557,6
1201221,6
1047225,6
1062838,6
1143236,6
1243405,6
1020106,6
1099534,6
1237577,6
1014361,6
1007444,6
1216883,6
1195763,6
1194176,6
1224181,6
1321360,6
1071501,6
1071679,6
1060552,6
1030022,6
1031701,6
1192851,6
1070672,6
1014561,6
1089719,6
1031141,6
1152734,6
1273774,6
1167863,6
1014423,6
1313651,6
1268447,6
1299621,6
1231082,6
1155694,6
1020753,6
1089257,6
1316847,6
1159139,6
1170678,6
1109363,6
1323559,6
1126206,6
1271264,6
1096914,6
1120937,6
1159855,6
1152059,6
1082677,6
1060028,6
1175343,6
1115743,6
1191984,6
1031461,6
1043197,6
1009625,6
1324942,6
1284882,6
1213675,6
1180009,6
1273106,6
1291632,6
1017023,6
1248272,6
1039371,6
1213709,6
1033922,6
1103487,6
1222574,6
1011406,6
1033365,6
1166897,6
1201922,6
1214910,6
1189718,6
1056501,6
1082983,6
1129940,6
1309655,6
1246616,6
1219721,6
1146290,6
1257950,6
1048984,6
1127194,6
1247076,6
1292765,6
1174011,6
1263126,6
1318573,6
1238629,6
1279819,6
1029675,6
1269509,6
1273010,6
1122665,6
1230681,6
1052922,6
1071080,6
1257031,6
1198191,6
1139134,6
1289944,6
1265317,6
1145341,6
1096397,6
1090702,6
1314118,6
1306023,6
1078054,6
1068168,6
1031827,6
1006406,6
1173005,6
1066301,6
1213016,6
1207480,6
1046599,6
1231790,6
1058957,6
1055078,6
1153955,6
1189040,6
1145563,6
1114449,6
1259578,6
1138171,6
1324132,6
1040229,6
1305043,6
1307113,6
1259513,6
1323312,6
1089215,6
1158037,6
1008240,6
1201367,6
1153708,6
1054481,6
1160140,6
1293617,6
1194045,6
1137736,6
1233388,6
1113063,6
1220902,6
1148130,6
1066823,6
1116087,6
1018769,6
1266058,6
1053110,6
1229924,6
1170691,6
1202229,6
1107898,6
1267525,6
1250018,6
1268886,6
1208133,6
1056137,6
1156403,6
1046239,6
1284328,6
1115812,6
1169767,6
1248615,6
1158693,6
1220361,6
1286216,6
1110658,6
1273121,6
1274426,6
1205013,6
1260641,6
1108861,6
1134551,6
1138834,6
1274739,6
1130350,6
1273963,6
1096240,6
1205684,6
1032314,6
1194364,6
1287337,6
1101608,6
1244768,6
1297442,6
1160796,6
1167134,6
1127142,6
1108964,6
1096943,6
1155228,6
1313855,6
1262958,6
1322566,6
1285928,6
1149354,6
1003683,6
1177474,6
1027776,6
1244860,6
1281502,6
1031994,6
1089635,6
1312348,6
1099563,6
1128016,6
1135236,6
1132886,6
1308771,6
1301886,6
1010441,6
1010481,6
1070649,6
1058191,6
1094683,6
1004936,6
1107646,6
1122992,6
1132685,6
1195782,6
1047227,6
1245343,6
1167252,6
1287994,6
1136626,6
1246153,6
1139041,6
1145791,6
1065097,6
1314656,6
1104612,6
1323268,6
1266601,6
1295210,6
1045232,6
1140993,6
1147356,6
1177250,6
1316284,6
1068711,6
1254585,6
1262925,6
1144986,6
1093796,6
1251822,6
1153297,6
1035582,6
1075074,6
1125965,6
1152704,6
1090508,6
1106935,6
1114074,6
1188532,6
1157335,6
1162408,6
1204071,6
1032883,6
1318581,6
1079473,6
1324053,6
1105829,6
1200246,6
1019548,6
1150668,6
1288090,6
1230914,6
1079934,6
1240768,6
1029922,6
1298187,6
1083408,6
1247201,6
1261360,6
1205110,6
1300076,6
1038444,6
1213294,6
1213620,6
1152010,6
1095798,6
1179890,6
1034231,6
1294139,6
1037318,6
1196111,6
1239943,6
1074324,6
1239471,6
1173649,6
1195746,6
1302373,6
1210989,6
1274805,6
1206006,6
1179950,6
1126093,6
1296530,6
1155996,6
1088352,6
1183998,6
1133794,6
1170501,6
1105801,6
1024628,6
1017263,6
1268986,6
1274612,6
1291035,6
1284359,6
1203829,6
1257240,6
1231175,6
1021577,6
1006432,6
1240572,6
1304134,6
1320360,6
1094823,6
1147616,6
1161255,6
1210484,6
1311099,6
1165291,6
1263582,6
1310371,6
1007709,6
1003426,6
1133948,6
1223562,6
1060655,6
1069780,6
1170108,6
1190789,6
1319264,6
1227293,6
1167953,6
1306265,6
1152421,6
1047487,6
1095700,6
1121055,6
1266170,6
1112311,6
1210306,6
1080394,6
1121658,6
1082556,6
1083705,6
1245177,6
1308268,6
1001630,6
1134467,6
1178553,6
1126949,6
1058625,6
1158124,6
1020807,6
1123687,6
1280996,6
1201764,6
1317586,6
1008340,6
1013978,6
1178505,6
1149644,6
1207339,6
1010666,6
1179154,6
1121146,6
1193647,6
1192376,6
1003861,6
1115590,6
1203433,6
1219393,6
1141393,6
1198617,6
1204684,6
1028085,6
1038074,6
1319311,6
1050955,6
1187926,6
1226631,6
1266514,6
1164335,6
1248033,6
1252620,6
1190066,6
1170403,6
1208830,6
1036769,6
1191501,6
1324144,6
1157650,6
1092850,6
1216528,6
1268918,6
1151755,6
1317715,6
1000706,6
1018079,6
1301323,6
1212635,6
1205169,6
1263022,6
1156761,6
1097550,6
1276239,6
1178626,6
1078627,6
1222390,6
1031319,6
1087717,6
1136377,6
1079873,6
1194784,6
1207535,6
1266495,6
1207038,6
1071918,6
1174874,6
1071339,6
1045752,6
1126487,6
1086814,6
1095371,6
1008283,6
1205229,6
1105081,6
1048287,6
1041382,6
1174732,6
1220633,6
1029903,6
1288313,6
1088566,6
1001200,6
1273160,6
1117767,6
1005138,6
1141429,6
1170238,6
1241335,6
1047979,6
1146697,6
1167397,6
1293947,6
1043084,6
1222440,6
1215268,6
1125321,6
1298455,6
1208282,6
1133893,6
1251594,6
1070592,6
1023077,6
1239185,6
1269196,6
1236910,6
1240700,6
1243800,6
1079397,6
1134139,6
1062224,6
1286652,6
1148271,6
1268749,6
1315727,6
1283230,6
1261837,6
1245570,6
1234445,6
1029435,6
1082091,6
1124004,6
1054627,6
1145524,6
1010766,6
1252805,6
1310144,6
1265814,6
1264149,6
1115219,6
1055070,6
1157257,6
1034777,6
1312574,6
1021390,6
1322334,6
1125867,6
1103714,6
1061574,6
1144039,6
1170948,6
1190264,6
1212748,6
1322853,6
1239895,6
1159160,6
1098058,6
1054932,6
1212924,6
1259431,6
1173063,6
1092763,6
1263865,6
1313178,6
1209763,6
1068250,6
1314802,6
1052453,6
1222169,6
1232728,6
1218447,6
1230513,6
1067084,6
1213500,6
1172515,6
1315954,6
1223576,6
1011690,6
1250132,6
1321644,6
1105069,6
1166627,6
1099081,6
1280460,6
1009447,6
1206385,6
1181051,6
1099690,6
1133979,6
1182249,6
1191833,6
1291122,6
1164048,6
1177620,6
1303021,6
1080172,6
1134583,6
1295807,6
1126191,6
1300246,6
1041606,6
1199076,6
1205810,6
1125287,6
1225128,6
1288066,6
1146754,6
1192357,6
1113518,6
1276224,6
1057194,6
1220417,6
1108867,6
1177545,6
1294574,6
1255373,6
1191218,6
1234483,6
1067585,6
1129972,6
1137892,6
1087886,6
1249010,6
1086799,6
1262931,6
1125608,6
1268137,6
1184536,6
1036352,6
1204879,6
1182519,6
1178579,6
1271600,6
1057157,6
1018625,6
1143146,6
1290556,6
1284851,6
1173337,6
1285218,6
1187980,6
1253585,6
1201205,6
1113511,6
1213665,6
1107303,6
1136067,6
1069400,6
1081475,6
1272839,6
1161901,6
1246085,6
1052166,6
1171814,6
1123465,6
1296236,6
1029415,6
1243897,6
1253579,6
1133059,6
1245369,6
1066975,6
1263752,6
1283865,6
1261101,6
1283477,6
1144930,6
1302012,6
1188516,6
1072865,6
1055137,6
1267826,6
1293845,6
1143224,6
1279645,6
1269032,6
1165237,6
1204109,6
1089676,6
1281210,6
1007564,6
1239277,6
1065813,6
1104706,6
1084640,6
1022481,6
1085711,6
1277286,6
1043436,6
1114175,6
1315385,6
1048702,6
1127993,6
1318268,6
1101391,6
1292419,6
1065083,6
1247659,6
1201466,6
1154187,6
1187215,6
1035190,6
1192071,6
1238789,6
1007126,6
1170451,6
1303285,6
1095042,6
1036838,6
1151871,6
1042516,6
1022413,6
1207403,6
1011701,6
1019126,6
1196636,6
1224298,6
1071755,6
1113327,6
1106496,6
1320904,6
1133264,6
1091298,6
1110481,6
1127137,6
1245698,6
1102223,6
1297294,6
1001218,6
1162458,6
1051344,6
1123780,6
1208371,6
1292929,6
1313465,6
1010695,6
1015514,6
1123375,6
1181759,6
1133721,6
1301703,6
1019322,6
1074888,6
1278685,6
1281744,6
1218792,6
1296545,6
1043833,6
1256957,6
1109441,6
1294880,6
1176504,6
1201809,6
1093364,6
1139915,6
1151937,6
1087232,6
1030521,6
1202098,6
1144602,6
1189415,6
1168819,6
1171079,6
1179201,6
1001318,6
1021262,6
1143274,6
1301621,6
1167031,6
1146970,6
1208284,6
1135862,6
1034826,6
1001536,6
1145116,6
1273041,6
1290497,6
1257034,6
1081872,6
1068562,6
1036005,6
1298901,6
1005700,6
1209321,6
1310170,6
1038288,6
1010687,6
1198879,6
1219621,6
1255755,6
1019326,6
1025917,6
1083475,6
1120345,6
1251720,6
1153226,6
1119555,6
1073457,6
1319926,6
1230546,6
1127050,6
1143372,6
1080458,6
1084621,6
1000457,6
1012920,6
1311455,6
1012000,6
1025023,6
1025192,6
1279131,6
1243719,6
1001764,6
1192125,6
1034127,6
1059029,6
1266969,6
1082221,6
1272308,6
1123243,6
1028474,6
1091005,6
1115101,6
1307746,6
1060866,6
1105586,6
1212573,6
1168202,6
1144187,6
1172850,6
1067692,6
1243938,6
1200866,6
1325260,6
1163035,6
1254459,6
1100147,6
1198505,6
1138228,6
1135333,6
1176702,6
1252843,6
1177639,6
1018971,6
1289774,6
1122831,6
1070285,6
1084492,6
1002806,6
1282718,6
1238858,6
1099954,6
1204872,6
1091142,6
1132087,6
1007487,6
1185921,6
1243188,6
1014605,6
1052904,6
1180255,6
1147713,6
1003935,6
1123018,6
1176164,6
1270802,6
1187126,6
1198359,6
1239248,6
1290393,6
1188206,6
1075652,6
1277476,6
1087392,6
1017348,6
1264058,6
1311883,6
1314445,6
1298401,6
1257435,6
1182189,6
1208777,6
1115785,6
1135353,6
1233240,6
1134390,6
1148694,6
1080941,6
1262880,6
1001672,6
1242623,6
1092365,6
1068844,6
1011403,6
1298929,6
1101659,6
1130398,6
1166847,6
1133077,6
1208427,6
1137608,6
1172319,6
1288293,6
1137843,6
1051909,6
1098766,6
1049383,6
1204035,6
1307710,6
1260216,6
1083670,6
1134263,6
1053169,6
1164150,6
1212472,6
1079403,6
1171036,6
1089982,6
1006908,6
1084291,6
1193922,6
1082673,6
1135270,6
1106168,6
1088273,6
1085377,6
1086479,6
1071864,6
1011936,6
1207012,6
1155169,6
1063590,6
1079605,6
1256894,6
1173520,6
1249874,6
1280276,6
1316287,6
1143942,6
1027081,6
1230962,6
1137375,6
1171149,6
1076862,6
1073587,6
1299610,6
1138421,6
1242646,6
1020099,6
1235684,6
1149734,6
1041820,6
1216127,6
1146168,6
1122277,6
1077160,6
1162551,6
1291923,6
1127578,6
1215555,6
1102579,6
1001131,6
1003146,6
1095376,6
1104341,6
1041653,6
1059400,6
1050470,6
1063318,6
1301716,6
1045422,6
1161489,6
1050914,6
1135039,6
1175396,6
1046134,6
1144152,6
1133458,6
1117263,6
1262845,6
1152203,6
1145197,6
1312247,6
1307597,6
1277908,6
1198135,6
1215957,6
1160491,6
1107470,6
1130298,6
1122832,6
1205549,6
1130486,6
1118206,6
1093051,6
1283880,6
1056169,6
1207941,6
1093220,6
1213697,6
1202930,6
1295969,6
1135122,6
1095147,6
1165866,6
1183345,6
1204010,6
1300287,6
1262356,6
1073447,6
1218381,6
1275522,6
1070082,6
1223285,6
1244517,6
1128783,6
1106202,6
1202153,6
1324837,6
1000837,6
1153019,6
1170199,6
1212360,6
1013049,6
1065292,6
1279324,6
1299799,6
1022762,6
1323654,6
1141717,6
1093523,6
1177841,6
1227070,6
1081906,6
1106303,6
1251728,6
1152522,6
1216450,6
1235589,6
1016113,6
1135844,6
1319406,6
1231212,6
1247054,6
1056222,6
1247709,6
1298980,6
1231425,6
1075786,6
1097486,6
1282294,6
1228911,6
1156238,6
1153635,6
1222750,6
1092782,6
1183022,6
1187904,6
1203949,6
1117280,6
1272368,6
1269619,6
1000914,6
1100963,6
1287800,6
1239131,6
1058353,6
1276551,6
1075269,6
1084148,6
1216487,6
1027463,6
1118070,6
1086258,6
1069576,6
1236721,6
1318399,6
1208050,6
1244325,6
1075713,6
1198299,6
1133992,6
1288971,6
1274899,6
1005915,6
1132200,6
1104710,6
1130728,6
1157412,6
1284857,6
1033043,6
1217015,6
1022056,6
1207740,6
1272279,6
1238122,6
1279733,6
1213311,6
1141320,6
1268871,6
1246627,6
1197688,6
1004700,6
1049467,6
1117791,6
1172149,6
1116785,6
1167532,6
1082125,6
1279090,6
1297257,6
1253958,6
1226805,6
1067523,6
1131089,6
1267837,6
1205527,6
1202132,6
1295227,6
1104174,6
1013312,6
1076783,6
1240521,6
1259481,6
1269536,6
1072984,6
1063724,6
1096127,6
1000986,6
1281909,6
1280492,6
1276072,6
1197635,6
1323439,6
1231670,6
1010138,6
1123874,6
1021747,6
1175332,6
1271168,6
1313029,6
1249686,6
1036744,6
1074196,6
1022573,6
1181182,6
1290225,6
1016075,6
1287214,6
1166791,6
1318790,6
1254726,6
1133598,6
1235007,6
1163320,6
1076771,6
1275890,6
1260618,6
1099622,6
1019383,6
1184101,6
1231444,6
1038129,6
1255585,6
1083993,6
1210106,6
1161233,6
1169952,6
1063708,6
1190724,6
1000423,6
1311239,6
1053028,6
1183262,6
1074913,6
1092903,6
1122952,6
1040572,6
1235845,6
1310989,6
1273582,6
1044434,6
1117825,6
1213594,6
1278137,6
1282075,6
1117316,6
1229051,6
1000158,6
1279656,6
1158945,6
1131146,6
1207050,6
1110983,6
1321133,6
1208033,6
1288928,6
1119745,6
1277500,6
1275113,6
1129044,6
1196141,6
1163344,6
1296590,6
1311847,6
1325188,6
1113481,6
1232081,6
1147695,6
1120455,6
1032250,6
1119962,6
1246277,6
1005321,6
1091926,6
1231535,6
1136150,6
1006144,6
1266110,6
1221282,6
1046357,6
1035028,6
1156049,6
1319137,6
1006222,6
1005195,6
1141271,6
1264803,6
1156347,6
1094808,6
1033328,6
1140729,6
1001580,6
1098807,6
1124325,6
1113358,6
1308522,6
1082543,6
1043634,6
1045364,6
1067392,6
1288379,6
1279332,6
1219089,6
1034165,6
1314399,6
1281301,6
1279964,6
1174978,6
1216631,6
1206207,6
1084423,6
1232023,6
1245936,6
1231732,6
1232644,6
1092205,6
1115165,6
1235730,6
1212616,6
1255108,6
1313704,6
1114649,6
1273862,6
1079728,6
1266988,6
1126354,6
1243722,6
1108059,6
1084719,6
1019257,6
1147418,6
1276645,6
1319888,6
1155208,6
1196826,6
1104240,6
1263210,6
1322168,6
1052985,6
1265508,6
1187693,6
1060527,6
1242628,6
1224404,6
1099839,6
1218400,6
1025576,6
1098211,6
1290329,6
1302474,6
1034174,6
1146633,6
1247389,6
1086488,6
1198673,6
1158252,6
1122742,6
1298239,6
1104550,6
1275965,6
1165129,6
1270347,6
1231350,6
1034500,6
1234383,6
1042710,6
1187725,6
1048716,6
1171150,6
1049958,6
1127560,6
1071017,6
1190816,6
1165393,6
1153399,6
1237199,6
1018112,6
1325616,6
1190160,6
1290564,6
1261338,6
1152594,6
1103619,6
1022746,6
1182931,6
1057554,6
1290814,6
1125141,6
1309847,6
1080992,6
1260793,6
1145045,6
1117491,6
1277918,6
1044303,6
1183897,6
1047974,6
1088628,6
1181443,6
1001836,6
1195813,6
1108114,6
1232734,6
1218601,6
1257757,6
1175598,6
1172903,6
1312798,6
1300836,6
1046676,6
1032793,6
1298707,6
1013958,6
1232113,6
1104199,6
1102119,6
1181543,6
1003906,6
1231419,6
1125518,6
1298406,6
1010114,6
1073900,6
1286377,6
1295679,6
1313725,6
1131155,6
1057540,6
1305422,6
1148096,6
1148334,6
1170316,6
1140877,6
1290181,6
1029003,6
1257580,6
1002178,6
1294584,6
1236500,6
1198792,6
1078960,6
1092735,6
1131826,6
1315705,6
1150350,6
1032912,6
1214147,6
1211404,6
1048823,6
1241471,6
1132869,6
1274131,6
1081372,6
1038027,6
1206415,6
1256528,6
1118161,6
1203120,6
1276056,6
1265123,6
1076801,6
1247202,6
1305564,6
1074929,6
1178962,6
1234466,6
1016516,6
1303925,6
1139021,6
1146007,6
1180990,6
1204565,6
1006153,6
1206254,6
1270989,6
1214124,6
1070026,6
1201336,6
1277995,6
1107886,6
1122287,6
1242789,6
1292530,6
1057697,6
1089004,6
1071392,6
1292983,6
1109959,6
1258206,6
1181873,6
1116088,6
1201673,6
1303076,6
1284527,6
1136426,6
1184775,6
1286497,6
1246982,6
1253403,6
1209456,6
1045251,6
1285704,6
1282355,6
1032964,6
1205382,6
1068257,6
1312495,6
1117349,6
1098824,6
1140459,6
1063552,6
1262747,6
1031844,6
1036737,6
1305839,6
1246530,6
1246725,6
1061925,6
1268946,6
1323236,6
1053669,6
1320511,6
1201839,6
1165753,6
1038181,6
1210553,6
1189521,6
1273167,6
1047180,6
1047444,6
1128992,6
1116893,6
1140944,6
1060300,6
1098789,6
1150934,6
1203408,6
1018667,6
1258395,6
1257823,6
1105455,6
1275087,6
1265049,6
1180814,6
1298743,6
1264428,6
1015407,6
1298835,6
1037529,6
1071543,6
1315111,6
1242668,6
1124204,6
1012825,6
1044396,6
1209066,6
1202295,6
1147122,6
1178474,6
1034818,6
1180381,6
1034111,6
1034984,6
1111568,6
1103187,6
1070087,6
1169486,6
1027671,6
1170045,6
1179947,6
1000954,6
1072032,6
1313712,6
1111594,6
1018007,6
1062971,6
1182868,6
1181153,6
1263895,6
1084234,6
1004874,6
1260544,6
1031904,6
1206521,6
1280343,6
1015992,6
1220089,6
1179522,6
1314541,6
1111470,6
1247358,6
1206443,6
1149909,6
1271678,6
1140241,6
1323111,6
1209417,6
1217640,6
1135038,6
1157700,6
1030796,6
1188803,6
1072578,6
1242471,6
1200895,6
1298637,6
1185280,6
1255989,6
1116726,6
1221837,6
1057148,6
1087615,6
1092344,6
1142764,6
1267044,6
1175848,6
1010733,6
1265535,6
1281471,6
1133139,6
1252226,6
1257375,6
1097251,6
1102623,6
1098176,6
1188117,6
1246626,6
1077730,6
1060227,6
1063374,6
1086912,6
1151934,6
1278497,6
1276525,6
1005922,6
1159359,6
1007176,6
1129303,6
1078890,6
1002703,6
1099509,6
1001227,6
1002330,6
1176565,6
1149418,6
1161154,6
1112024,6
1151987,6
1242484,6
1076117,6
1030540,6
1118501,6
1318885,6
1141434,6
1271688,6
1211928,6
1140009,6
1085748,6
1133132,6
1106514,6
1003715,6
1217715,6
1215217,6
1271074,6
1210936,6
1217394,6
1163624,6
1093358,6
1095176,6
1250912,6
1158300,6
1223467,6
1288894,6
1244013,6
1079078,6
1255273,6
1138299,6
1108559,6
1217109,6
1164441,6
1117697,6
1012427,6
1043604,6
1207950,6
1232758,6
1171831,6
1076270,6
1323893,6
1278950,6
1282937,6
1033382,6
1181318,6
1139376,6
1132075,6
1170067,6
1297083,6
1110355,6
1208560,6
1120165,6
1274122,6
1179172,6
1172496,6
1227310,6
1166239,6
1301033,6
1181821,6
1087166,6
1081769,6
1241987,6
1263800,6
1095360,6
1030539,6
1067795,6
1230067,6
1016076,6
1096419,6
1098556,6
1159570,6
1264824,6
1068709,6
1018209,6
1203850,6
1020391,6
1148421,6
1036621,6
1119344,6
1154363,6
1218336,6
1302627,6
1148362,6
1200482,6
1034511,6
1044249,6
1220507,6
1241780,6
1320491,6
1235754,6
1127026,6
1283169,6
1239399,6
1051943,6
1046037,6
1082930,6
1317872,6
1075087,6
1115102,6
1257889,6
1245078,6
1322006,6
1254783,6
1122429,6
1324804,6
1014105,6
1257675,6
1056429,6
1027657,6
1188018,6
1207820,6
1034313,6
1116222,6
1123934,6
1255996,6
1260809,6
1094930,6
1051756,6
1112424,6
1057524,6
1130528,6
1154378,6
1019153,6
1322945,6
1209471,6
1281965,6
1287126,6
1221119,6
1090812,6
1240169,6
1253756,6
1119914,6
1068806,6
1008781,6
1196651,6
1172777,6
1233363,6
1234868,6
1242895,6
1069723,6
1238786,6
1212277,6
1275168,6
1106172,6
1133988,6
1001857,6
1315721,6
1005161,6
1031296,6
1088832,6
1146396,6
1144079,6
1231447,6
1323460,6
1302181,6
1288232,6
1303765,6
1044669,6
1308865,6
1053034,6
1119728,6
1320652,6
1150911,6
1142481,6
1019186,6
1294787,6
1167084,6
1302209,6
1169784,6
1140190,6
1094745,6
1204605,6
1202977,6
1113960,6
1286615,6
1161031,6
1004345,6
1110763,6
1312376,6
1150923,6
1103776,6
1197268,6
1172697,6
1012163,6
1291143,6
1044367,6
1036360,6
1124555,6
1144540,6
1142344,6
1151331,6
1240003,6
1048925,6
1281856,6
1001103,6
1274502,6
1030154,6
1032599,6
1157582,6
1059614,6
1088293,6
1293606,6
1020452,6
1192447,6
1240557,6
1299394,6
1258712,6
1262621,6
1076802,6
1163137,6
1018016,6
1021516,6
1176721,6
1296645,6
1003709,6
1122000,6
1009664,6
1187998,6
1198033,6
1068221,6
1011432,6
1271714,6
1261180,6
1161701,6
1117057,6
1226103,6
1255770,6
1178287,6
1184502,6
1183397,6
1080559,6
1293416,6
1278661,6
1307965,6
1084855,6
1233021,6
1107022,6
1172736,6
1041851,6
1237501,6
1175791,6
1301766,6
1206420,6
1315407,6
1054173,6
1151537,6
1097563,6
1117828,6
1168395,6
1148244,6
1210124,6
1287766,6
1236087,6
1212460,6
1275673,6
1259507,6
1092015,6
1248749,6
1056850,6
1246831,6
1084076,6
1107778,6
1015569,6
1047837,6
1179089,6
1273431,6
1183624,6
1158470,6
1317382,6
1201637,6
1174466,6
1291028,6
1118281,6
1087648,6
1316878,6
1232019,6
1206129,6
1095669,6
1177383,6
1307802,6
1017965,6
1088384,6
1233163,6
1130425,6
1065833,6
1258496,6
1319653,6
1122038,6
1004000,6
1272128,6
1259750,6
1187235,6
1095652,6
1157579,6
1221397,6
1123223,6
1224805,6
1087039,6
1133935,6
1225102,6
1150418,6
1004036,6
1136963,6
1279776,6
1256666,6
1206082,6
1287378,6
1277168,6
1283225,6
1170743,6
1004455,6
1269485,6
1244026,6
1065063,6
1042456,6
1289764,6
1162828,6
1047460,6
1161510,6
1316332,6
1103836,6
1115525,6
1107476,6
1246588,6
1034107,6
1216405,6
1308290,6
1061232,6
1044554,6
1136861,6
1099550,6
1204432,6
1098879,6
1094085,6
1296402,6
1320800,6
1171589,6
1295979,6
1158973,6
1116107,6
1183960,6
1276154,6
1142065,6
1080042,6
1306066,6
1197362,6
1248163,6
1099219,6
1011658,6
1025464,6
1288734,6
1289076,6
1303403,6
1032534,6
1247454,6
1205813,6
1232053,6
1144163,6
1304532,6
1016022,6
1302723,6
1304884,6
1037372,6
1307217,6
1156800,6
1293795,6
1311776,6
1239274,6
1252963,6
1311497,6
1053187,6
1297258,6
1111854,6
1023064,6
1291830,6
1158211,6
1033003,6
1005887,6
1044328,6
1091159,6
1135676,6
1176888,6
1237593,6
1098307,6
1313772,6
1175948,6
1205923,6
1184229,6
1046169,6
1160266,6
1278106,6
1309596,6
1307613,6
1206750,6
1157058,6
1039928,6
1294662,6
1201156,6
1122732,6
1279250,6
1080044,6
1313068,6
1228464,6
1006198,6
1317588,6
1101154,6
1184452,6
1299214,6
1128771,6
1024748,6
1242688,6
1096736,6
1227414,6
1310801,6
1017031,6
1242604,6
1130262,6
1065298,6
1210064,6
1094182,6
1169817,6
1010794,6
1195449,6
1142789,6
1076522,6
1244397,6
1128966,6
1096756,6
1229224,6
1145863,6
1283243,6
1272570,6
1290658,6
1293946,6
1047009,6
1281890,6
1204467,6
1213379,6
1234978,6
1222665,6
1042949,6
1062464,6
1309817,6
1124592,6
1240445,6
1032941,6
1183973,6
1128819,6
1221558,6
1323051,6
1269267,6
1313130,6
1177607,6
1168138,6
1189272,6
1312296,6
1204131,6
1020883,6
1015002,6
1247674,6
1138531,6
1032972,6
1296951,6
1217084,6
1154856,6
1258880,6
1173386,6
1089427,6
1172669,6
1099840,6
1266475,6
1077967,6
1295086,6
1000764,6
1207244,6
1318485,6
1234032,6
1104243,6
1324467,6
1039870,6
1038701,6
1224573,6
1271978,6
1172625,6
1263585,6
1072056,6
1193907,6
1151012,6
1274948,6
1067892,6
1203031,6
1070412,6
1306249,6
1102923,6
1215677,6
1260620,6
1214443,6
1006680,6
1024143,6
1136595,6
1246988,6
1235803,6
1096356,6
1167894,6
1091224,6
1190404,6
1235383,6
1217420,6
1136128,6
1051913,6
1262976,6
1272879,6
1213691,6
1051313,6
1149139,6
1012722,6
1143180,6
1011241,6
1041559,6
1072668,6
1167931,6
1054250,6
1067807,6
1002667,6
1155916,6
1272867,6
1077411,6
1126562,6
1163505,6
1316500,6
1064604,6
1118673,6
1010318,6
1012563,6
1061171,6
1155356,6
1163094,6
1197369,6
1178982,6
1162323,6
1301835,6
1164899,6
1063075,6
1104671,6
1087935,6
1263947,6
1319065,6
1301083,6
1095784,6
1132201,6
1309901,6
1258718,6
1102875,6
1271785,6
1044198,6
1185283,6
1248568,6
1211879,6
1049251,6
1189801,6
1083937,6
1088934,6
1246077,6
1042694,6
1164903,6
1202141,6
1101669,6
1248871,6
1289812,6
1293176,6
1161666,6
1266262,6
1177285,6
1152002,6
1074660,6
1209199,6
1065995,6
1103133,6
1162629,6
1060072,6
1200338,6
1255814,6
1047796,6
1103092,6
1209736,6
1206015,6
1064562,6
1022420,6
1277842,6
1252833,6
1052129,6
1101964,6
1182577,6
1324416,6
1143214,6
1256395,6
1060663,6
1284234,6
1266093,6
1120864,6
1043472,6
1246606,6
1100431,6
1320799,6
1300395,6
1222702,6
1192989,6
1204128,6
1305410,6
1008752,6
1287217,6
1191065,6
1188807,6
1142861,6
1158928,6
1305894,6
1004498,6
1297681,6
1051005,6
1055377,6
1172936,6
1283091,6
1127360,6
1268674,6
1219993,6
1279753,6
1014615,6
1129872,6
1000308,6
1287331,6
1187045,6
1184275,6
1194973,6
1167122,6
1293952,6
1159685,6
1017367,6
1147207,6
1294405,6
1023444,6
1200235,6
1032917,6
1215196,6
1139991,6
1137906,6
1027884,6
1321868,6
1262024,6
1234954,6
1084018,6
1218125,6
1171141,6
1061510,6
1217802,6
1058139,6
1187467,6
1308690,6
1129453,6
1165069,6
1315756,6
1056883,6
1130975,6
1043671,6
1141439,6
1158750,6
1068083,6
1138396,6
1203514,6
1020814,6
1288444,6
1233030,6
1118436,6
1049431,6
1092687,6
1219253,6
1309461,6
1145328,6
1164234,6
1193857,6
1270403,6
1204964,6
1140511,6
1064628,6
1171182,6
1067036,6
1283800,6
1149496,6
1290606,6
1324047,6
1208040,6
1032853,6
1309607,6
1042479,6
1234433,6
1029083,6
1150825,6
1263597,6
1281215,6
1263613,6
1195279,6
1056664,6
1126009,6
1091520,6
1211348,6
1012106,6
1256851,6
1243107,6
1106534,6
1103839,6
1027329,6
1235333,6
1210908,6
1075027,6
1042413,6
1276410,6
1238983,6
1218315,6
1213458,6
1315070,6
1222072,6
1243516,6
1286072,6
1310178,6
1184245,6
1068266,6
1149735,6
1132921,6
1184517,6
1011440,6
1207196,6
1034173,6
1243029,6
1000828,6
1235919,6
1212189,6
1240831,6
1280041,6
1306383,6
1226482,6
1297396,6
1120817,6
1318723,6
1309458,6
1034298,6
1259781,6
1216986,6
1293658,6
1021733,6
1309426,6
1062516,6
1294702,6
1144008,6
1008785,6
1000461,6
1125190,6
1287212,6
1160457,6
1137819,6
1077083,6
1157397,6
1211291,6
1091208,6
1140424,6
1263397,6
1051049,6
1048706,6
1133850,6
1179874,6
1231326,6
1232027,6
1049773,6
1293540,6
1066992,6
1092621,6
1012809,6
1107285,6
1040322,6
1165612,6
1084771,6
1158882,6
1322085,6
1193467,6
1302331,6
1102662,6
1070341,6
1000084,6
1279238,6
1056363,6
1168696,6
1050917,6
1180308,6
1123976,6
1031334,6
1230113,6
1196802,6
1128080,6
1233529,6
1308002,6
1096596,6
1278693,6
1192608,6
1179346,6
1156092,6
1124855,6
1090546,6
1243853,6
1087635,6
1206369,6
1141126,6
1102619,6
1218024,6
1009483,6
1145961,6
1028268,6
1236060,6
1122573,6
1213663,6
1062470,6
1142542,6
1096990,6
1101738,6
1206558,6
1016759,6
1210062,6
1039024,6
1013908,6
1315798,6
1137470,6
1010428,6
1032607,6
1084091,6
1013400,6
1099399,6
1136631,6
1211915,6
1246713,6
1088913,6
1134495,6
1172660,6
1152286,6
1153798,6
1244272,6
1164502,6
1166059,6
1267115,6
1019754,6
1125373,6
1194677,6
1206438,6
1257520,6
1090134,6
1194124,6
1080198,6
1092905,6
1286102,6
1280084,6
1161994,6
1093585,6
1248798,6
1258311,6
1101775,6
1216742,6
1224359,6
1111364,6
1031447,6
1023252,6
1164731,6
1076428,6
1254703,6
1163805,6
1115079,6
1099964,6
1227055,6
1286096,6
1293640,6
1221271,6
1228127,6
1101833,6
1276257,6
1110219,6
1252448,6
1267077,6
1133918,6
1307071,6
1110397,6
1076909,6
1206487,6
1180788,6
1228616,6
1070898,6
1265260,6
1251932,6
1157495,6
1021110,6
1043568,6
1313907,6
1152976,6
1102271,6
1162676,6
1304096,6
1230115,6
1140017,6
1173949,6
1120670,6
1252624,6
1245131,6
1258295,6
1102775,6
1275267,6
1248813,6
1109167,6
1278574,6
1183731,6
1249320,6
1037148,6
1292332,6
1204624,6
1190528,6
1247335,6
1035669,6
1320738,6
1235732,6
1150992,6
1086071,6
1253867,6
1053223,6
1296789,6
1100084,6
1289328,6
1197784,6
1220527,6
1026106,6
1287993,6
1225664,6
1144376,6
1285599,6
1198785,6
1097240,6
1216866,6
1174116,6
1182692,6
1038080,6
1243181,6
1192346,6
1310156,6
1019342,6
1047486,6
1232326,6
1254050,6
1273257,6
1239671,6
1126056,6
1003718,6
1285011,6
1146071,6
1083813,6
1216855,6
1166935,6
1001746,6
1120054,6
1236359,6
1258365,6
1173275,6
1310382,6
1157377,6
1016037,6
1117950,6
1102608,6
1256799,6
1107156,6
1127694,6
1260367,6
1274636,6
1143295,6
1009498,6
1035376,6
1149993,6
1200007,6
1085193,6
1291048,6
1070349,6
1208108,6
1039315,6
1058860,6
1266435,6
1274072,6
1192944,6
1201017,6
1001933,6
1050218,6
1101232,6
1272931,6
1099764,6
1076902,6
1320601,6
1222848,6
1209558,6
1065972,6
1245082,6
1274813,6
1070201,6
1146277,6
1111978,6
1000750,6
1072946,6
1207472,6
1308699,6
1020332,6
1288747,6
1150699,6
1181712,6
1158324,6
1013405,6
1263687,6
1254672,6
1210964,6
1171019,6
1272033,6
1126578,6
1047611,6
1023932,6
1272818,6
1005523,6
1277072,6
1085204,6
1265672,6
1099265,6
1033512,6
1282498,6
1119051,6
1222735,6
1202290,6
1258042,6
1096156,6
1302871,6
1255268,6
1166542,6
1202051,6
1139699,6
1061627,6
1039578,6
1010236,6
1071609,6
1159859,6
1145474,6
1155091,6
1236625,6
1188167,6
1005020,6
1132968,6
1192868,6
1135093,6
1009943,6
1272978,6
1051141,6
1179605,6
1024050,6
1315820,6
1262377,6
1035056,6
1082976,6
1311706,6
1148961,6
1196752,6
1051901,6
1095111,6
1066053,6
1010784,6
1187348,6
1206135,6
1156171,6
1237329,6
1227655,6
1191674,6
1218802,6
1006184,6
1285436,6
1265785,6
1256355,6
1082878,6
1096453,6
1255824,6
1154613,6
1028947,6
1301894,6
1172570,6
1264593,6
1235347,6
1286202,6
1058948,6
1228379,6
1293191,6
1311104,6
1290148,6
1272885,6
1051986,6
1015564,6
1076294,6
1070965,6
1095754,6
1324684,6
1300188,6
1003766,6
1072906,6
1049782,6
1231734,6
1126408,6
1169443,6
1031181,6
1314800,6
1211976,6
1164968,6
1267514,6
1179682,6
1274253,6
1029308,6
1104876,6
1109830,6
1173559,6
1100512,6
1214043,6
1111494,6
1114930,6
1148392,6
1281810,6
1087293,6
1108549,6
1307339,6
1295688,6
1202196,6
1282617,6
1050151,6
1216968,6
1058291,6
1100529,6
1000822,6
1274400,6
1190063,6
1136261,6
1237352,6
1070884,6
1183063,6
1271088,6
1042945,6
1310603,6
1026859,6
1073594,6
1219079,6
1076957,6
1158690,6
1251827,6
1047794,6
1063438,6
1300818,6
1012087,6
1256628,6
1167415,6
1218269,6
1172885,6
1206341,6
1129443,6
1195789,6
1052394,6
1206187,6
1180451,6
1040268,6
1173433,6
1023368,6
1261392,6
1279556,6
1282569,6
1016483,6
1179166,6
1209016,6
1074704,6
1208299,6
1194346,6
1256727,6
1007969,6
1113273,6
1201335,6
1325447,6
1090254,6
1056632,6
1039465,6
1032380,6
1008275,6
1063612,6
1219229,6
1260752,6
1263240,6
1134058,6
1001123,6
1179023,6
1148886,6
1119381,6
1323338,6
1074948,6
1011253,6
1033180,6
1318597,6
1117445,6
1209464,6
1224478,6
1278745,6
1269727,6
1104554,6
1162643,6
1052768,6
1231398,6
1258155,6
1230276,6
1209881,6
1091493,6
1078469,6
1079701,6
1171953,6
1197144,6
1029620,6
1006064,6
1313155,6
1095987,6
1059508,6
1194588,6
1205603,6
1104326,6
1182352,6
1061498,6
1200703,6
1111238,6
1092517,6
1260006,6
1069113,6
1276852,6
1145514,6
1216447,6
1247322,6
1287340,6
1211779,6
1277471,6
1260470,6
1262455,6
1137335,6
1270965,6
1292686,6
1314588,6
1177307,6
1218924,6
1267644,6
1321025,6
1156487,6
1084965,6
1254040,6
1001404,6
1174523,6
1066082,6
1269548,6
1240899,6
1282114,6
1048065,6
1309031,6
1029592,6
1320777,6
1148638,6
1198491,6
1219383,6
1129710,6
1110503,6
1033800,6
1241882,6
1049905,6
1214063,6
1077126,6
1180200,6
1148985,6
1105024,6
1061820,6
1178945,6
1255084,6
1170808,6
1280651,6
1115735,6
1109264,6
1271938,6
1311412,6
1219318,6
1241703,6
1310283,6
1214363,6
1171041,6
1078167,6
1117672,6
1244935,6
1269401,6
1063054,6
1139680,6
1131628,6
1052143,6
1128960,6
1128518,6
1092791,6
1160372,6
1173509,6
1300742,6
1049597,6
1028505,6
1232710,6
1065952,6
1097150,6
1111829,6
1010198,6
1141093,6
1325183,6
1144735,6
1057218,6
1137185,6
1102284,6
1261757,6
1174503,6
1186525,6
1109817,6
1282889,6
1092729,6
1257953,6
1048282,6
1267844,6
1040507,6
1078805,6
1060328,6
1277210,6
1129038,6
1210949,6
1228767,6
1048614,6
1198045,6
1245200,6
1058894,6
1086845,6
1110053,6
1063785,6
1233981,6
1053452,6
1052263,6
1111490,6
1289463,6
1207271,6
1135588,6
1277804,6
1240078,6
1168153,6
1308262,6
1196372,6
1261915,6
1044428,6
1171612,6
1157289,6
1107289,6
1040172,6
1285705,6
1046393,6
1124640,6
1322701,6
1251022,6
1171937,6
1310765,6
1088100,6
1014295,6
1009396,6
1003452,6
1085686,6
1134847,6
1239210,6
1302840,6
1003272,6
1054691,6
1219468,6
1009254,6
1220904,6
1128182,6
1234718,6
1239372,6
1192622,6
1140863,6
1275922,6
1094955,6
1014099,6
1164704,6
1175770,6
1245616,6
1225086,6
1112630,6
1269377,6
1025332,6
1162903,6
1108327,6
1214618,6
1072610,6
1258427,6
1102795,6
1310950,6
1295731,6
1147635,6
1312604,6
1267158,6
1102866,6
1064132,6
1228300,6
1282393,6
1295467,6
1153780,6
1267447,6
1096530,6
1000898,6
1094819,6
1314509,6
1152931,6
1125844,6
1282087,6
1104433,6
1025799,6
1119484,6
1256590,6
1222308,6
1024189,6
1210316,6
1166801,6
1319403,6
1028613,6
1116217,6
1099312,6
1207762,6
1248602,6
1225318,6
1272316,6
1053760,6
1095924,6
1095807,6
1203244,6
1187245,6
1255616,6
1022443,6
1298389,6
1013972,6
1263302,6
1276818,6
1075906,6
1101520,6
1006022,6
1200804,6
1162131,6
1009872,6
1317437,6
1152967,6
1154812,6
1043608,6
1232204,6
1010315,6
1310475,6
1060282,6
1073007,6
1091351,6
1145434,6
1222677,6
1158051,6
1144891,6
1151216,6
1141166,6
1173951,6
1303063,6
1211519,6
1126117,6
1081566,6
1058926,6
1268898,6
1241577,6
1215615,6
1322129,6
1302046,6
1308139,6
1119956,6
1299238,6
1072139,6
1136332,6
1228721,6
1079092,6
1139695,6
1123060,6
1185343,6
1194873,6
1123174,6
1296942,6
1232197,6
1228074,6
1113845,6
1143190,6
1166755,6
1253666,6
1030760,6
1134016,6
1214683,6
1199046,6
1088743,6
1003723,6
1289633,6
1160242,6
1142138,6
1043870,6
1087054,6
1169382,6
1249690,6
1228147,6
1273476,6
1241829,6
1060408,6
1188084,6
1046081,6
1259068,6
1151640,6
1038930,6
1281405,6
1038450,6
1118979,6
1139784,6
1164633,6
1151726,6
1068173,6
1105100,6
1220587,6
1250973,6
1126444,6
1116045,6
1270089,6
1237643,6
1215750,6
1064039,6
1315557,6
1179248,6
1211197,6
1120787,6
1200528,6
1220078,6
1216600,6
1065316,6
1261417,6
1238691,6
1319163,6
1214570,6
1144739,6
1183627,6
1325740,6
1063476,6
1103522,6
1215019,6
1166361,6
1178805,6
1238094,6
1173082,6
1108511,6
1029359,6
1111745,6
1057387,6
1074178,6
1141935,6
1217443,6
1256600,6
1165328,6
1005933,6
1160517,6
1210491,6
1005935,6
1302210,6
1219864,6
1309698,6
1182116,6
1243047,6
1221612,6
1272821,6
1059072,6
1147644,6
1161691,6
1188536,6
1090294,6
1060693,6
1131228,6
1323771,6
1210509,6
1303269,6
1006764,6
1297989,6
1271654,6
1019620,6
1058088,6
1285797,6
1323875,6
1165774,6
1273361,6
1167885,6
1166216,6
1280151,6
1039170,6
1161741,6
1306389,6
1186278,6
1225044,6
1172622,6
1264208,6
1049343,6
1205695,6
1093668,6
1265851,6
1167012,6
1056371,6
1209648,6
1269755,6
1297874,6
1115555,6
1045042,6
1234476,6
1023493,6
1199278,6
1201368,6
1315364,6
1067323,6
1259812,6
1222749,6
1070830,6
1017602,6
1244185,6
1085776,6
1117646,6
1098400,6
1001965,6
1087758,6
1022684,6
1203996,6
1289188,6
1322083,6
1223172,6
1202010,6
1189307,6
1164459,6
1172975,6
1323667,6
1156432,6
1036506,6
1106353,6
1034085,6
1283803,6
1022722,6
1153960,6
1043663,6
1200067,6
1109001,6
1204659,6
1194203,6
1119703,6
1001094,6
1120020,6
1101338,6
1154604,6
1290917,6
1200010,6
1210755,6
1073277,6
1115535,6
1188960,6
1289784,6
1148522,6
1095305,6
1019982,6
1166442,6
1153671,6
1027719,6
1055486,6
1131752,6
1089289,6
1027764,6
1243807,6
1094220,6
1146997,6
1218500,6
1292119,6
1099089,6
1063532,6
1037814,6
1128504,6
1268307,6
1217359,6
1317278,6
1306707,6
1161665,6
1056064,6
1270262,6
1294013,6
1211600,6
1264744,6
1288276,6
1127758,6
1048407,6
1271503,6
1018543,6
1072964,6
1134644,6
1104226,6
1025003,6
1028938,6
1050012,6
1026198,6
1127097,6
1052184,6
1207149,6
1174941,6
1083257,6
1208177,6
1303008,6
1110865,6
1320561,6
1232791,6
1173335,6
1269621,6
1196176,6
1103026,6
1225973,6
1046230,6
1225710,6
1023047,6
1184865,6
1094060,6
1108444,6
1316857,6
1036289,6
1084396,6
1298527,6
1082609,6
1296796,6
1223541,6
1170345,6
1004873,6
1068149,6
1045909,6
1046900,6
1287857,6
1088911,6
1163391,6
1207853,6
1284977,6
1222035,6
1088278,6
1242587,6
1098581,6
1088848,6
1066178,6
1115513,6
1042138,6
1176025,6
1223230,6
1223159,6
1182970,6
1042579,6
1038045,6
1079543,6
1259996,6
1058888,6
1288104,6
1140847,6
1098617,6
1322070,6
1261973,6
1079020,6
1007127,6
1204111,6
1214371,6
1311745,6
1239630,6
1195851,6
1018171,6
1000053,6
1274432,6
1186580,6
1070197,6
1156019,6
1058237,6
1137860,6
1046765,6
1063409,6
1139065,6
1193446,6
1162405,6
1186500,6
1093943,6
1236485,6
1033277,6
1302127,6
1182913,6
1142630,6
1325503,6
1098751,6
1075930,6
1255942,6
1129859,6
1248230,6
1047499,6
1024124,6
1218052,6
1272966,6
1010275,6
1277302,6
1313739,6
1005469,6
1133484,6
1074064,6
1159840,6
1112846,6
1280888,6
1255658,6
1062089,6
1182494,6
1298364,6
1159421,6
1070626,6
1027744,6
1213886,6
1039886,6
1140062,6
1120241,6
1210872,6
1046666,6
1013120,6
1134408,6
1122605,6
1099794,6
1184610,6
1074714,6
1301645,6
1185210,6
1306752,6
1162813,6
1208085,6
1022979,6
1078584,6
1224066,6
1054369,6
1247385,6
1077211,6
1068487,6
1193456,6
1117916,6
1235554,6
1193564,6
1004887,6
1223129,6
1241017,6
1203128,6
1056973,6
1183464,6
1251891,6
1226253,6
1025938,6
1058282,6
1292625,6
1062260,6
1043222,6
1232613,6
1099864,6
1190239,6
1251366,6
1031663,6
1197223,6
1172747,6
1012751,6
1291539,6
1054180,6
1281809,6
1003224,6
1062432,6
1258237,6
1090888,6
1247277,6
1182492,6
1067128,6
1231123,6
1119732,6
1111898,6
1016669,6
1280612,6
1180336,6
1178643,6
1113351,6
1055357,6
1222302,6
1299071,6
1065613,6
1295881,6
1021701,6
1052862,6
1091089,6
1010434,6
1006796,6
1189404,6
1088870,6
1295631,6
1214170,6
1197634,6
1311962,6
1248155,6
1060738,6
1023899,6
1211481,6
1312032,6
1150431,6
1213973,6
1199766,6
1222795,6
1310143,6
1026020,6
1280619,6
1087298,6
1056426,6
1190198,6
1011346,6
1176157,6
1174460,6
1139161,6
1163418,6
1265930,6
1020306,6
1037039,6
1272580,6
1060929,6
1038635,6
1014275,6
1221276,6
1225864,6
1020538,6
1314062,6
1183916,6
1040938,6
1275412,6
1072709,6
1124175,6
1161078,6
1008045,6
1093157,6
1234506,6
1109977,6
1319548,6
1311910,6
1043772,6
1073172,6
1074289,6
1229735,6
1124931,6
1157216,6
1024436,6
1267256,6
1008152,6
1315024,6
1195747,6
1193940,6
1058439,6
1182480,6
1320101,6
1033422,6
1251566,6
1190549,6
1168118,6
1006807,6
1220116,6
1159417,6
1293263,6
1284083,6
1063420,6
1084213,6
1106308,6
1280902,6
1256999,6
1234571,6
1171223,6
1214190,6
1320445,6
1176040,6
1224057,6
1321909,6
1209317,6
1140060,6
1262929,6
1113208,6
1099535,6
1133363,6
1062631,6
1072837,6
1156898,6
1147005,6
1027913,6
1003403,6
1301045,6
1275469,6
1294064,6
1157218,6
1255067,6
1173229,6
1025977,6
1262813,6
1192555,6
1191512,6
1148761,6
1324815,6
1000667,6
1132264,6
1087255,6
1150548,6
1131711,6
1217307,6
1305781,6
1134106,6
1153706,6
1255766,6
1007897,6
1045942,6
1301857,6
1085827,6
1120445,6
1208648,6
1274451,6
1193622,6
1215799,6
1135888,6
1133648,6
1158516,6
1020022,6
1214559,6
1113316,6
1155983,6
1189032,6
1175831,6
1255215,6
1019597,6
1139180,6
1104156,6
1155551,6
1185994,6
1141282,6
1033312,6
1263315,6
1173608,6
1256656,6
1111759,6
1175236,6
1222599,6
1240724,6
1020863,6
1038418,6
1242550,6
1052298,6
1147948,6
1053373,6
1239797,6
1179405,6
1191475,6
1190917,6
1036025,6
1126659,6
1146369,6
1024464,6
1193716,6
1001555,6
1038850,6
1292738,6
1284604,6
1066616,6
1274701,6
1170194,6
1253755,6
1187758,6
1067738,6
1296248,6
1154761,6
1215670,6
1039137,6
1286727,6
1110853,6
1022006,6
1133907,6
1012428,6
1295843,6
1293584,6
1057514,6
1104843,6
1281785,6
1230710,6
1085282,6
1047504,6
1143637,6
1057086,6
1208272,6
1209806,6
1056027,6
1083890,6
1261958,6
1223032,6
1210661,6
1002075,6
1187712,6
1201553,6
1003474,6
1099049,6
1283019,6
1279830,6
1320439,6
1296210,6
1041406,6
1117933,6
1211380,6
1105050,6
1041672,6
1047641,6
1101406,6
1262631,6
1078531,6
1140268,6
1166251,6
1057154,6
1142884,6
1191744,6
1155025,6
1049198,6
1206222,6
1261375,6
1034225,6
1115206,6
1270112,6
1023406,6
1296907,6
1190776,6
1324919,6
1273457,6
1076043,6
1194713,6
1104631,6
1284106,6
1090051,6
1308755,6
1141455,6
1020561,6
1114144,6
1055911,6
1049058,6
1080132,6
1294562,6
1157551,6
1064178,6
1041161,6
1312012,6
1300040,6
1061779,6
1031415,6
1099133,6
1259725,6
1139604,6
1196629,6
1234680,6
1130738,6
1272667,6
1041184,6
1183623,6
1291827,6
1253367,6
1223223,6
1214342,6
1263571,6
1320626,6
1080829,6
1030390,6
1170329,6
1241163,6
1198682,6
1043979,6
1213059,6
1110664,6
1084419,6
1000570,6
1267016,6
1301236,6
1290441,6
1217899,6
1085928,6
1066473,6
1318464,6
1218258,6
1285620,6
1006830,6
1071267,6
1198899,6
1274914,6
1082195,6
1080840,6
1226898,6
1284926,6
1135629,6
1294755,6
1265651,6
1115747,6
1180593,6
1202753,6
1125790,6
1101861,6
1023926,6
1256259,6
1030606,6
1234887,6
1055772,6
1033855,6
1127359,6
1249814,6
1092897,6
1241560,6
1080736,6
1301280,6
1201680,6
1277502,6
1025724,6
1047818,6
1037963,6
1021298,6
1169330,6
1276021,6
1287344,6
1040821,6
1310918,6
1029678,6
1118736,6
1093874,6
1298942,6
1248194,6
1197759,6
1039859,6
1048397,6
1129285,6
1318842,6
1110283,6
1276406,6
1097779,6
1276985,6
1252199,6
1049014,6
1165475,6
1114593,6
1082026,6
1305331,6
1059894,6
1241227,6
1325224,6
1111981,6
1008117,6
1155938,6
1241834,6
1305827,6
1151340,6
1227039,6
1155563,6
1224119,6
1218350,6
1019234,6
1090013,6
1180684,6
1035067,6
1236077,6
1113871,6
1211669,6
1309724,6
1166890,6
1202576,6
1190821,6
1203710,6
1102983,6
1148385,6
1056298,6
1201405,6
1006403,6
1208165,6
1265051,6
1314833,6
1263362,6
1081281,6
1160640,6
1140302,6
1062597,6
1263261,6
1025469,6
1031790,6
1224926,6
1255622,6
1288845,6
1130085,6
1070604,6
1209322,6
1033038,6
1207108,6
1080190,6
1075194,6
1052941,6
1137126,6
1097356,6
1025339,6
1130271,6
1045418,6
1023043,6
1289259,6
1278614,6
1108168,6
1282653,6
1154243,6
1156852,6
1300725,6
1224687,6
1021997,6
1107398,6
1138082,6
1133708,6
1100873,6
1041355,6
1063696,6
1097390,6
1251942,6
1155848,6
1090841,6
1111753,6
1243699,6
1088654,6
1000880,6
1285268,6
1020580,6
1053011,6
1049394,6
1057308,6
1302589,6
1081215,6
1200605,6
1231214,6
1149988,6
1176102,6
1008939,6
1088823,6
1082427,6
1293900,6
1162103,6
1058596,6
1253924,6
1100085,6
1170807,6
1035400,6
1010912,6
1127739,6
1211413,6
1009927,6
1005654,6
1165993,6
1038927,6
1185107,6
1200409,6
1102771,6
1299908,6
1285791,6
1133799,6
1243344,6
1231835,6
1316533,6
1283941,6
1163996,6
1074658,6
1244560,6
1001357,6
1321429,6
1262120,6
1286473,6
1056472,6
1209496,6
1188422,6
1164862,6
1093038,6
1241742,6
1284984,6
1061956,6
1047745,6
1266542,6
1059041,6
1121588,6
1284839,6
1100173,6
1271335,6
1284623,6
1260137,6
1112605,6
1323399,6
1048867,6
1010633,6
1113761,6
1028476,6
1202688,6
1082903,6
1320602,6
1062574,6
1105525,6
1054556,6
1310990,6
1024109,6
1090446,6
1072902,6
1185711,6
1082587,6
1158398,6
1107469,6
1071855,6
1066480,6
1067422,6
1236868,6
1045993,6
1285518,6
1071240,6
1160684,6
1193919,6
1136409,6
1156249,6
1170156,6
1170008,6
1174746,6
1036254,6
1123281,6
1076257,6
1079026,6
1120910,6
1320115,6
1183312,6
1276195,6
1317489,6
1063269,6
1207008,6
1018183,6
1064160,6
1030274,6
1159330,6
1218735,6
1139656,6
1216685,6
1173208,6
1303478,6
1266779,6
1159022,6
1063660,6
1266367,6
1211731,6
1179505,6
1210137,6
1149084,6
1301755,6
1157291,6
1194385,6
1115644,6
1185006,6
1060680,6
1291484,6
1175454,6
1152127,6
1263637,6
1025960,6
1109552,6
1222666,6
1303516,6
1125772,6
1273641,6
1119805,6
1162860,6
1109933,6
1249157,6
1256007,6
1061536,6
1080987,6
1263343,6
1078529,6
1205989,6
1237580,6
1135193,6
1259691,6
1036973,6
1227111,6
1227601,6
1320086,6
1280140,6
1108121,6
1037316,6
1111844,6
1277118,6
1082760,6
1118214,6
1232121,6
1305587,6
1306231,6
1060792,6
1278297,6
1148063,6
1233971,6
1270146,6
1188425,6
1129006,6
1325805,6
1231461,6
1169679,6
1086364,6
1071437,6
1013096,6
1324184,6
1245805,6
1001376,6
1231252,6
1271787,6
1265948,6
1022134,6
1005791,6
1146962,6
1111858,6
1302101,6
1065301,6
1123798,6
1027819,6
1166889,6
1191253,6
1186515,6
1168858,6
1054977,6
1072343,6
1146773,6
1325686,6
1317688,6
1113415,6
1206338,6
1242718,6
1075848,6
1013089,6
1166157,6
1286738,6
1156285,6
1314668,6
1129294,6
1076069,6
1013801,6
1033738,6
1004717,6
1223068,6
1273146,6
1173279,6
1265884,6
1089518,6
1262514,6
1289179,6
1198472,6
1213117,6
1252643,6
1224884,6
1035851,6
1207218,6
1185031,6
1291196,6
1196896,6
1035121,6
1070696,6
1027439,6
1171179,6
1150667,6
1020469,6
1024059,6
1273590,6
1076665,6
1197855,6
1166869,6
1144427,6
1042209,6
1186674,6
1083138,6
1300381,6
1008819,6
1034891,6
1292776,6
1079226,6
1089166,6
1243275,6
1101027,6
1285794,6
1144092,6
1114945,6
1286475,6
1167507,6
1036474,6
1304506,6
1309863,6
1268364,6
1067338,6
1035034,6
1289766,6
1284989,6
1096855,6
1016002,6
1066396,6
1240499,6
1223123,6
1045438,6
1276408,6
1325817,6
1004138,6
1038843,6
1265497,6
1296697,6
1194947,6
1074448,6
1236978,6
1164469,6
1245800,6
1100597,6
1080904,6
1168844,6
1286526,6
1232917,6
1107164,6
1144702,6
1232959,6
1137562,6
1257177,6
1098658,6
1096144,6
1219913,6
1313817,6
1021971,6
1213679,6
1243031,6
1109868,6
1274303,6
1311899,6
1306726,6
1013171,6
1050957,6
1112039,6
1310438,6
1036546,6
1314997,6
1239024,6
1077384,6
1127406,6
1315411,6
1093959,6
1176684,6
1319952,6
1142531,6
1281120,6
1141865,6
1319910,6
1078999,6
1139621,6
1062410,6
1105752,6
1147866,6
1126526,6
1101756,6
1285346,6
1241137,6
1134013,6
1129886,6
1071338,6
1278378,6
1291007,6
1186712,6
1201167,6
1028978,6
1018058,6
1140609,6
1137515,6
1300932,6
1016977,6
1199814,6
1243830,6
1179188,6
1319268,6
1048427,6
1018066,6
1288837,6
1005808,6
1171096,6
1198751,6
1087928,6
1223959,6
1305238,6
1079842,6
1109896,6
1154328,6
1063171,6
1166522,6
1258262,6
1192477,6
1308119,6
1119579,6
1121735,6
1043060,6
1113957,6
1060016,6
1244329,6
1311627,6
1145705,6
1309259,6
1206692,6
1219589,6
1065744,6
1124116,6
1162378,6
1122216,6
1004494,6
1257319,6
1000035,6
1022331,6
1102467,6
1035707,6
1260660,6
1179924,6
1102236,6
1274877,6
1032407,6
1179589,6
1159790,6
1086151,6
1239489,6
1088510,6
1164356,6
1208724,6
1223395,6
1322403,6
1012948,6
1237365,6
1006084,6
1084073,6
1084897,6
1279464,6
1255068,6
1078374,6
1243420,6
1055429,6
1079899,6
1050981,6
1176636,6
1019528,6
1120730,6
1179337,6
1096111,6
1026004,6
1018476,6
1239880,6
1063773,6
1059351,6
1134615,6
1007484,6
1070013,6
1047149,6
1035549,6
1146632,6
1153855,6
1019906,6
1151320,6
1267225,6
1210752,6
1019064,6
1316144,6
1059008,6
1031986,6
1133716,6
1014109,6
1266772,6
1097983,6
1002538,6
1077541,6
1294898,6
1174017,6
1122305,6
1216949,6
1051146,6
1248158,6
1174367,6
1258192,6
1097682,6
1018420,6
1302317,6
1093373,6
1174868,6
1290720,6
1023344,6
1197329,6
1101165,6
1235936,6
1058471,6
1132453,6
1054450,6
1318299,6
1059597,6
1233116,6
1175903,6
1109132,6
1251870,6
1141341,6
1019386,6
1069130,6
1215235,6
1221340,6
1140004,6
1107424,6
1126281,6
1150367,6
1150551,6
1011788,6
1141358,6
1311322,6
1041525,6
1205215,6
1192026,6
1133031,6
1125023,6
1130605,6
1145520,6
1086139,6
1194035,6
1270337,6
1321975,6
1307604,6
1157437,6
1085216,6
1303456,6
1239038,6
1206608,6
1166991,6
1225778,6
1325589,6
1074466,6
1217158,6
1233553,6
1110735,6
1286625,6
1146786,6
1168406,6
1177124,6
1176305,6
1312895,6
1246073,6
1220957,6
1039013,6
1014697,6
1123731,6
1165229,6
1088508,6
1028156,6
1118713,6
1305832,6
1325751,6
1173581,6
1050382,6
1020360,6
1068229,6
1292404,6
1278895,6
1200090,6
1078757,6
1276839,6
1205228,6
1067589,6
1275291,6
1210366,6
1081091,6
1029307,6
1168864,6
1304906,6
1044472,6
1302752,6
1289198,6
1090153,6
1234870,6
1022936,6
1150658,6
1160643,6
1232642,6
1026058,6
1299611,6
1202883,6
1276438,6
1085629,6
1193948,6
1215715,6
1189877,6
1133022,6
1090810,6
1245581,6
1072958,6
1206862,6
1021243,6
1267011,6
1192656,6
1058796,6
1104029,6
1197966,6
1212957,6
1109324,6
1000813,6
1316041,6
1265858,6
1213990,6
1312310,6
1071548,6
1232435,6
1125415,6
1295316,6
1140549,6
1307431,6
1238450,6
1222874,6
1025645,6
1303882,6
1271439,6
1233538,6
1037916,6
1070739,6
1019291,6
1062908,6
1003453,6
1063417,6
1063048,6
1225644,6
1169640,6
1054545,6
1236613,6
1249112,6
1003550,6
1210592,6
1189377,6
1069817,6
1210723,6
1194333,6
1157797,6
1077199,6
1105694,6
1292526,6
1218224,6
1323658,6
1249892,6
1231022,6
1097670,6
1250370,6
1258716,6
1225052,6
1056974,6
1090418,6
1026562,6
1044023,6
1024341,6
1318978,6
1053515,6
1172091,6
1287079,6
1022165,6
1121051,6
1098164,6
1029699,6
1323200,6
1150236,6
1129745,6
1002875,6
1244103,6
1019780,6
1134105,6
1025263,6
1105944,6
1094960,6
1059223,6
1184927,6
1145553,6
1017282,6
1092523,6
1168302,6
1043898,6
1262511,6
1307001,6
1094308,6
1188685,6
1224335,6
1017145,6
1014856,6
1312335,6
1301769,6
1216612,6
1039608,6
1207310,6
1160177,6
1190392,6
1240792,6
1025342,6
1109335,6
1140789,6
1276006,6
1033659,6
1031823,6
1296081,6
1190110,6
1179887,6
1231331,6
1157204,6
1084254,6
1136484,6
1057616,6
1134490,6
1288231,6
1133170,6
1165575,6
1191272,6
1008793,6
1032689,6
1001663,6
1092731,6
1214241,6
1140232,6
1141704,6
1013776,6
1321908,6
1154066,6
1265774,6
1031684,6
1181812,6
1320623,6
1171623,6
1032517,6
1277367,6
1105471,6
1294990,6
1168548,6
1280771,6
1090876,6
1318489,6
1288357,6
1304132,6
1195470,6
1184765,6
1004425,6
1123656,6
1145852,6
1169497,6
1177017,6
1190172,6
1227455,6
1161168,6
1117771,6
1017642,6
1243390,6
1202203,6
1295026,6
1313374,6
1058716,6
1133650,6
1190550,6
1009659,6
1277104,6
1055897,6
1283694,6
1085691,6
1266382,6
1093326,6
1166106,6
1121180,6
1069626,6
1078081,6
1041671,6
1161937,6
1077382,6
1320702,6
1189443,6
1071821,6
1030675,6
1057914,6
1114499,6
1054231,6
1091802,6
1131083,6
1268613,6
1006566,6
1138872,6
1149257,6
1218189,6
1281726,6
1062551,6
1197044,6
1001166,6
1283482,6
1254635,6
1210730,6
1250074,6
1311593,6
1317840,6
1109644,6
1323967,6
1124702,6
1133332,6
1106978,6
1228477,6
1000996,6
1168217,6
1262960,6
1157321,6
1240423,6
1167116,6
1012620,6
1294509,6
1085783,6
1202320,6
1293594,6
1323760,6
1105852,6
1014372,6
1043061,6
1074164,6
1201124,6
1131766,6
1277078,6
1242326,6
1141562,6
1059146,6
1178895,6
1077888,6
1034672,6
1128353,6
1124442,6
1264026,6
1064796,6
1116732,6
1196856,6
1173425,6
1053217,6
1304291,6
1209644,6
1073990,6
1150058,6
1105898,6
1009247,6
1231090,6
1281445,6
1196687,6
1234828,6
1130553,6
1109412,6
1124566,6
1064225,6
1298900,6
1106852,6
1072923,6
1207747,6
1128715,6
1323169,6
1091434,6
1323396,6
1296086,6
1207460,6
1116951,6
1092347,6
1140996,6
1077998,6
1056364,6
1234882,6
1264554,6
1005053,6
1234072,6
1191996,6
1297936,6
1263485,6
1209197,6
1129642,6
1173831,6
1021703,6
1237383,6
1061220,6
1180140,6
1211141,6
1255599,6
1017758,6
1141066,6
1189698,6
1238112,6
1135887,6
1196228,6
1042764,6
1126168,6
1017313,6
1239425,6
1091460,6
1276512,6
1315852,6
1028076,6
1202578,6
1244376,6
1061690,6
1128149,6
1011014,6
1272209,6
1238164,6
1290080,6
1209405,6
1023674,6
1118551,6
1325779,6
1275989,6
1233196,6
1199957,6
1182848,6
1064523,6
1202718,6
1298034,6
1148201,6
1280512,6
1158520,6
1250437,6
1171346,6
1089433,6
1274792,6
1245115,6
1221130,6
1092533,6
1196610,6
1072115,6
1013741,6
1141195,6
1150247,6
1074501,6
1010066,6
1304533,6
1170355,6
1090948,6
1158155,6
1246234,6
1299251,6
1290489,6
1128658,6
1115067,6
1073340,6
1043447,6
1257765,6
1077705,6
1259684,6
1191668,6
1308714,6
1060805,6
1310745,6
1182603,6
1233755,6
1324769,6
1258461,6
1223508,6
1069714,6
1213031,6
1189001,6
1166739,6
1263828,6
1323363,6
1027911,6
1207532,6
1211409,6
1062977,6
1137239,6
1010166,6
1085897,6
1241869,6
1089896,6
1061403,6
1048615,6
1312283,6
1207645,6
1280703,6
1188109,6
1133527,6
1230056,6
1272352,6
1180819,6
1148465,6
1047403,6
1321183,6
1116331,6
1243470,6
1294675,6
1244808,6
1293710,6
1182864,6
1126224,6
1019448,6
1296143,6
1230706,6
1298444,6
1192401,6
1213466,6
1057663,6
1177206,6
1138757,6
1202362,6
1101581,6
1083277,6
1251842,6
1166162,6
1132959,6
1037990,6
1205257,6
1121848,6
1165789,6
1017906,6
1203766,6
1256801,6
1144789,6
1121455,6
1138219,6
1055202,6
1289021,6
1270313,6
1246900,6
1119080,6
1106302,6
1004935,6
1277793,6
1008841,6
1073786,6
1320361,6
1202775,6
1059635,6
1303757,6
1312702,6
1274321,6
1265365,6
1084878,6
1245994,6
1039661,6
1146901,6
1003692,6
1180264,6
1001330,6
1082509,6
1307813,6
1027461,6
1220254,6
1174848,6
1104025,6
1044602,6
1274664,6
1081492,6
1240959,6
1267400,6
1303329,6
1131259,6
1094080,6
1108429,6
1224173,6
1024192,6
1117606,6
1189887,6
1122140,6
1228081,6
1151283,6
1300819,6
1297569,6
1205246,6
1152357,6
1176782,6
1321992,6
1244534,6
1124519,6
1165626,6
1275040,6
1038091,6
1093509,6
1202799,6
1177706,6
1253965,6
1260343,6
1274005,6
1258755,6
1044066,6
1254392,6
1315763,6
1238458,6
1045071,6
1041819,6
1285487,6
1229905,6
1077020,6
1214066,6
1301152,6
1093171,6
1252106,6
1197686,6
1041482,6
1002161,6
1134804,6
1281506,6
1126146,6
1026967,6
1290579,6
1276275,6
1086904,6
1153018,6
1097365,6
1070209,6
1301604,6
1014421,6
1220761,6
1060161,6
1218270,6
1165408,6
1200838,6
1230877,6
1060330,6
1109674,6
1320350,6
1163714,6
1257228,6
1079506,6
1082422,6
1141430,6
1087606,6
1224616,6
1122940,6
1081633,6
1266747,6
1299384,6
1246534,6
1117184,6
1118156,6
1250934,6
1113835,6
1187932,6
1020625,6
1214405,6
1291550,6
1309830,6
1241032,6
1296844,6
1323637,6
1241113,6
1312362,6
1309006,6
1009700,6
1247702,6
1102007,6
1147021,6
1108374,6
1205315,6
1113674,6
1150407,6
1176615,6
1214890,6
1159657,6
1107846,6
1256352,6
1325457,6
1154518,6
1073530,6
1318547,6
1276329,6
1037280,6
1036919,6
1193920,6
1139790,6
1131478,6
1007507,6
1013197,6
1017265,6
1258929,6
1084592,6
1227532,6
1087515,6
1109418,6
1032804,6
1084650,6
1286566,6
1204504,6
1014598,6
1299664,6
1057763,6
1097884,6
1138658,6
1185221,6
1108521,6
1103700,6
1017586,6
1259154,6
1247217,6
1093146,6
1237659,6
1021547,6
1052341,6
1306422,6
1060873,6
1052074,6
1181890,6
1284918,6
1064782,6
1169049,6
1262167,6
1260301,6
1198193,6
1076419,6
1229287,6
1263744,6
1245574,6
1298714,6
1198122,6
1248582,6
1081887,6
1198462,6
1203266,6
1290926,6
1304522,6
1237065,6
1207264,6
1223691,6
1218618,6
1168127,6
1293453,6
1120527,6
1102575,6
1064050,6
1130066,6
1094649,6
1141096,6
1161074,6
1242211,6
1199548,6
1221744,6
1068585,6
1112310,6
1023841,6
1079533,6
1254196,6
1234663,6
1234498,6
1233744,6
1050675,6
1279782,6
1174472,6
1295503,6
1210076,6
1085862,6
1278630,6
1074186,6
1135481,6
1129019,6
1233506,6
1301313,6
1094296,6
1038890,6
1069771,6
1031365,6
1117607,6
1152508,6
1192029,6
1211971,6
1135257,6
1169177,6
1277809,6
1209360,6
1325210,6
1049999,6
1160145,6
1156556,6
1213299,6
1288774,6
1123058,6
1033572,6
1192788,6
1195282,6
1280814,6
1321669,6
1013080,6
1260269,6
1129965,6
1275883,6
1145691,6
1248831,6
1090318,6
1319974,6
1215593,6
1186140,6
1048647,6
1176600,6
1225534,6
1025373,6
1001596,6
1265127,6
1015409,6
1187486,6
1179706,6
1288718,6
1325146,6
1095571,6
1035916,6
1233650,6
1204749,6
1099828,6
1258985,6
1056661,6
1189675,6
1111004,6
1217022,6
1122433,6
1249898,6
1109407,6
1293824,6
1185972,6
1040634,6
1075683,6
1023392,6
1146640,6
1204535,6
1076441,6
1106617,6
1237518,6
1039191,6
1033929,6
1225819,6
1306185,6
1315913,6
1226587,6
1317396,6
1160221,6
1188834,6
1055497,6
1065089,6
1084175,6
1139732,6
1015649,6
1000514,6
1321108,6
1171022,6
1295949,6
1130314,6
1207499,6
1228407,6
1276916,6
1052939,6
1088233,6
1165477,6
1232866,6
1228199,6
1119904,6
1040757,6
1143862,6
1086162,6
1034680,6
1208933,6
1161420,6
1271440,6
1177663,6
1207440,6
1250801,6
1106560,6
1002236,6
1149019,6
1248712,6
1104480,6
1197407,6
1146390,6
1217399,6
1222959,6
1278276,6
1017747,6
1122809,6
1131359,6
1321830,6
1291794,6
1192994,6
1045948,6
1225267,6
1062725,6
1033540,6
1324285,6
1264515,6
1095060,6
1117529,6
1178795,6
1084271,6
1281825,6
1215836,6
1026127,6
1149968,6
1103087,6
1200642,6
1063400,6
1116835,6
1190929,6
1143481,6
1187565,6
1030491,6
1185789,6
1086792,6
1204508,6
1189204,6
1179738,6
1281478,6
1306893,6
1217918,6
1110309,6
1203119,6
1166277,6
1190243,6
1250332,6
1075423,6
1067582,6
1239469,6
1247363,6
1013117,6
1148044,6
1019694,6
1179921,6
1144273,6
1039977,6
1186125,6
1157224,6
1261663,6
1198178,6
1287917,6
1036495,6
1078066,6
1318734,6
1288499,6
1015803,6
1159516,6
1218966,6
1058254,6
1001638,6
1269381,6
1265643,6
1191441,6
1119432,6
1083700,6
1039823,6
1049576,6
1257489,6
1108412,6
1249715,6
1247992,6
1235983,6
1100737,6
1047960,6
1213614,6
1300313,6
1272479,6
1315490,6
1305251,6
1144232,6
1122977,6
1269958,6
1097680,6
1287770,6
1226734,6
1118590,6
1205996,6
1287843,6
1128780,6
1068217,6
1208316,6
1043356,6
1282659,6
1163314,6
1144943,6
1087417,6
1153585,6
1187832,6
1283519,6
1241799,6
1160064,6
1261209,6
1243665,6
1023477,6
1085815,6
1093481,6
1119070,6
1273264,6
1210204,6
1194907,6
1324126,6
1180467,6
1015493,6
1301222,6
1207386,6
1051090,6
1083405,6
1262353,6
1312712,6
1132539,6
1299666,6
1143313,6
1042026,6
1128307,6
1142742,6
1270339,6
1025294,6
1182073,6
1239779,6
1206746,6
1124921,6
1187732,6
1054930,6
1018511,6
1047886,6
1193040,6
1202911,6
1224322,6
1257899,6
1261268,6
1072354,6
1048670,6
1324739,6
1090803,6
1186701,6
1128363,6
1077701,6
1293212,6
1061243,6
1149147,6
1224958,6
1102691,6
1224528,6
1271016,6
1018432,6
1127911,6
1239008,6
1200359,6
1141217,6
1172974,6
1030743,6
1221374,6
1100747,6
1130557,6
1116370,6
1011195,6
1115516,6
1124576,6
1235885,6
1227474,6
1266564,6
1019937,6
1186827,6
1162361,6
1301173,6
1193560,6
1006597,6
1161278,6
1194781,6
1255714,6
1104072,6
1103114,6
1272843,6
1069048,6
1198856,6
1256347,6
1041398,6
1227066,6
1007547,6
1235058,6
1238078,6
1151056,6
1114287,6
1200062,6
1316375,6
1217851,6
1045748,6
1182300,6
1189018,6
1106901,6
1034329,6
1195314,6
1168926,6
1108300,6
1257076,6
1083992,6
1139974,6
1117737,6
1094014,6
1243963,6
1201786,6
1190406,6
1173981,6
1092622,6
1226715,6
1147196,6
1123166,6
1083394,6
1102481,6
1283929,6
1073076,6
1205907,6
1163924,6
1057429,6
1059807,6
1228836,6
1248996,6
1169182,6
1215510,6
1123938,6
1212316,6
1104786,6
1054999,6
1045149,6
1318952,6
1220426,6
1288018,6
1153036,6
1145952,6
1086568,6
1215876,6
1192478,6
1128372,6
1110280,6
1251916,6
1238072,6
1085537,6
1195630,6
1013875,6
1150646,6
1140590,6
1169914,6
1088153,6
1162015,6
1170363,6
1255475,6
1274291,6
1108012,6
1092499,6
1102281,6
1150955,6
1046216,6
1043545,6
1137285,6
1174446,6
1031494,6
1014691,6
1176572,6
1238290,6
1300374,6
1185670,6
1119836,6
1044840,6
1304398,6
1065081,6
1154998,6
1049040,6
1178473,6
1137307,6
1195786,6
1003738,6
1232248,6
1189349,6
1175708,6
1022290,6
1190289,6
1033279,6
1074351,6
1073528,6
1255907,6
1302058,6
1101902,6
1248432,6
1266000,6
1113918,6
1282148,6
1143760,6
1242322,6
1165534,6
1254338,6
1200449,6
1252260,6
1226153,6
1151255,6
1101437,6
1127373,6
1043233,6
1067182,6
1157671,6
1322821,6
1205441,6
1098036,6
1079538,6
1063753,6
1290341,6
1206023,6
1060371,6
1243973,6
1075279,6
1153654,6
1089629,6
1251462,6
1016354,6
1006264,6
1320832,6
1069019,6
1153139,6
1114479,6
1249728,6
1187648,6
1188947,6
1207936,6
1268719,6
1093624,6
1107281,6
1017893,6
1052561,6
1240404,6
1030355,6
1167935,6
1037732,6
1013346,6
1247617,6
1033559,6
1265438,6
1057222,6
1238338,6
1026129,6
1251205,6
1128718,6
1076105,6
1274835,6
1179485,6
1008169,6
1205999,6
1066217,6
1236676,6
1244387,6
1110683,6
1109803,6
1193252,6
1277807,6
1081066,6
1091440,6
1180539,6
1131477,6
1172444,6
1034227,6
1297729,6
1197125,6
1310428,6
1095683,6
1042880,6
1134034,6
1048242,6
1169391,6
1259968,6
1028853,6
1161639,6
1109545,6
1020818,6
1260147,6
1061511,6
1111339,6
1247954,6
1246309,6
1310829,6
1170424,6
1064732,6
1065281,6
1221770,6
1189911,6
1087481,6
1099759,6
1177394,6
1198997,6
1223800,6
1131231,6
1020284,6
1235005,6
1100522,6
1095215,6
1204683,6
1057019,6
1096433,6
1026451,6
1195169,6
1010160,6
1006194,6
1272860,6
1256387,6
1127040,6
1172708,6
1314238,6
1139290,6
1209021,6
1054941,6
1082655,6
1118288,6
1057898,6
1190559,6
1101009,6
1227340,6
1196701,6
1259273,6
1178433,6
1009324,6
1248765,6
1213818,6
1109011,6
1256985,6
1157385,6
1172378,6
1018567,6
1324830,6
1189979,6
1312180,6
1071150,6
1070810,6
1280059,6
1221831,6
1048044,6
1123187,6
1018965,6
1100027,6
1019950,6
1283959,6
1240577,6
1181676,6
1221361,6
1089814,6
1125138,6
1165644,6
1059104,6
1075225,6
1194589,6
1069083,6
1010570,6
1299374,6
1108229,6
1119400,6
1034764,6
1196358,6
1032446,6
1215286,6
1027083,6
1262822,6
1090233,6
1260779,6
1004723,6
1129521,6
1072288,6
1109960,6
1260433,6
1217056,6
1113503,6
1128206,6
1255444,6
1093310,6
1059896,6
1271093,6
1108610,6
1125858,6
1005324,6
1069404,6
1285014,6
1137767,6
1043555,6
1082083,6
1209590,6
1281792,6
1318143,6
1204502,6
1228453,6
1082076,6
1118311,6
1204829,6
1037743,6
1268812,6
1166286,6
1188950,6
1292717,6
1256111,6
1082619,6
1167198,6
1317949,6
1242491,6
1288799,6
1210202,6
1051450,6
1114258,6
1238922,6
1021194,6
1104857,6
1227141,6
1161564,6
1193395,6
1244906,6
1025689,6
1214071,6
1069631,6
1198066,6
1039110,6
1196774,6
1303229,6
1174893,6
1258776,6
1033645,6
1147347,6
1153007,6
1159294,6
1264523,6
1236069,6
1122199,6
1143683,6
1240387,6
1146144,6
1184507,6
1279793,6
1312099,6
1281053,6
1077418,6
1150432,6
1279707,6
1018601,6
1321965,6
1164768,6
1294073,6
1271725,6
1060262,6
1311945,6
1214962,6
1045300,6
1143092,6
1137503,6
1309631,6
1016764,6
1181509,6
1088736,6
1059089,6
1102437,6
1126470,6
1144010,6
1219763,6
1099551,6
1191995,6
1126383,6
1232952,6
1007165,6
1184582,6
1005599,6
1319914,6
1265880,6
1196902,6
1272295,6
1069198,6
1064600,6
1018111,6
1211793,6
1169088,6
1003982,6
1324787,6
1082767,6
1325307,6
1014906,6
1038383,6
1213571,6
1246093,6
1058169,6
1293857,6
1310701,6
1058089,6
1128357,6
1178085,6
1015245,6
1235827,6
1129119,6
1176601,6
1119174,6
1324558,6
1320128,6
1254725,6
1001800,6
1136676,6
1092102,6
1196446,6
1031725,6
1208012,6
1232392,6
1097177,6
1114289,6
1254550,6
1114387,6
1115739,6
1017581,6
1135301,6
1119878,6
1280549,6
1009501,6
1072829,6
1271079,6
1260221,6
1218720,6
1006422,6
1255058,6
1200012,6
1282526,6
1067220,6
1138549,6
1275231,6
1068764,6
1070325,6
1004258,6
1126668,6
1207069,6
1226576,6
1137662,6
1125043,6
1047242,6
1244666,6
1176090,6
1298781,6
1214061,6
1196543,6
1125938,6
1084654,6
1035437,6
1225138,6
1283104,6
1107378,6
1030574,6
1270304,6
1122583,6
1009077,6
1285174,6
1055552,6
1154395,6
1150714,6
1246698,6
1071629,6
1020641,6
1071930,6
1266578,6
1166006,6
1164490,6
1121820,6
1199093,6
1032984,6
1239096,6
1093854,6
1225072,6
1084107,6
1005016,6
1295761,6
1010990,6
1125322,6
1229424,6
1130492,6
1043917,6
1257818,6
1120470,6
1180809,6
1047668,6
1196585,6
1054719,6
1066041,6
1243259,6
1110178,6
1026292,6
1236853,6
1058087,6
1157198,6
1158867,6
1135175,6
1173815,6
1131104,6
1237032,6
1075591,6
1127460,6
1244586,6
1094901,6
1034279,6
1088496,6
1256791,6
1139129,6
1148280,6
1173806,6
1077858,6
1046265,6
1120148,6
1244538,6
1000162,6
1156222,6
1042847,6
1186909,6
1243123,6
1266257,6
1177091,6
1038659,6
1318105,6
1284727,6
1076911,6
1316292,6
1204500,6
1312326,6
1307801,6
1162465,6
1061671,6
1298153,6
1001647,6
1179152,6
1171963,6
1070105,6
1281635,6
1049574,6
1068057,6
1131586,6
1273203,6
1068105,6
1183272,6
1093731,6
1251826,6
1221813,6
1229249,6
1133765,6
1008083,6
1072495,6
1166923,6
1167835,6
1293004,6
1216728,6
1067265,6
1000906,6
1109547,6
1121484,6
1165491,6
1192164,6
1307184,6
1047803,6
1223097,6
1315204,6
1050891,6
1203460,6
1190459,6
1025605,6
1125625,6
1268380,6
1134333,6
1133827,6
1116093,6
1071700,6
1242649,6
1250352,6
1046639,6
1000649,6
1052248,6
1306311,6
1005710,6
1225254,6
1260473,6
1291518,6
1009181,6
1275709,6
1116021,6
1256959,6
1184081,6
1183088,6
1298023,6
1205453,6
1303463,6
1250465,6
1178954,6
1076808,6
1301459,6
1162238,6
1141869,6
1321701,6
1067038,6
1321495,6
1163470,6
1108330,6
1247247,6
1084253,6
1174001,6
1019496,6
1168439,6
1280207,6
1150244,6
1100262,6
1245433,6
1016466,6
1238576,6
1255414,6
1235585,6
1108672,6
1064951,6
1133526,6
1223370,6
1324107,6
1023238,6
1183718,6
1017389,6
1279032,6
1145640,6
1077367,6
1082594,6
1114525,6
1238797,6
1067934,6
1169835,6
1117419,6
1171239,6
1308843,6
1026134,6
1069760,6
1196469,6
1126374,6
1016745,6
1270144,6
1173023,6
1325186,6
1243787,6
1067204,6
1197145,6
1193966,6
1319314,6
1187084,6
1006855,6
1168382,6
1033029,6
1054818,6
1095655,6
1324564,6
1253984,6
1004562,6
1100654,6
1079041,6
1243683,6
1173544,6
1260405,6
1226572,6
1164295,6
1147978,6
1065351,6
1147481,6
1148090,6
1325364,6
1281056,6
1296417,6
1238992,6
1039705,6
1012836,6
1236717,6
1054775,6
1015094,6
1223964,6
1169448,6
1229468,6
1004481,6
1083751,6
1250726,6
1041622,6
1177243,6
1179795,6
1281580,6
1291609,6
1065431,6
1036076,6
1011720,6
1188485,6
1082842,6
1241195,6
1033694,6
1010703,6
1114159,6
1104716,6
1229628,6
1183362,6
1176495,6
1166666,6
1307353,6
1143950,6
1252200,6
1095904,6
1192526,6
1267040,6
1183384,6
1040935,6
1315316,6
1086606,6
1038028,6
1044570,6
1267246,6
1174676,6
1002545,6
1008417,6
1044444,6
1106132,6
1117677,6
1250985,6
1246500,6
1296848,6
1008226,6
1011104,6
1023937,6
1233341,6
1021990,6
1129434,6
1104510,6
1110566,6
1106747,6
1315621,6
1034542,6
1075298,6
1301901,6
1272342,6
1289406,6
1263677,6
1318423,6
1198922,6
1148252,6
1313869,6
1175606,6
1296502,6
1074976,6
1139382,6
1091274,6
1120630,6
1304836,6
1061018,6
1158454,6
1002526,6
1060292,6
1302641,6
1082071,6
1069672,6
1288675,6
1305935,6
1226077,6
1296159,6
1181601,6
1212699,6
1087266,6
1114955,6
1127241,6
1302993,6
1201849,6
1232732,6
1121196,6
1294832,6
1185102,6
1028988,6
1033570,6
1185066,6
1325668,6
1098777,6
1229954,6
1101641,6
1189502,6
1319786,6
1073011,6
1290495,6
1310952,6
1290070,6
1201407,6
1240600,6
1236213,6
1230974,6
1203196,6
1226357,6
1214964,6
1322615,6
1123154,6
1286680,6
1017322,6
1021689,6
1054489,6
1268116,6
1101563,6
1007606,6
1092196,6
1079299,6
1247863,6
1091624,6
1163632,6
1020373,6
1090215,6
1294376,6
1122945,6
1098534,6
1106163,6
1298851,6
1138408,6
1132352,6
1007868,6
1280200,6
1129933,6
1247736,6
1284944,6
1098530,6
1015356,6
1067813,6
1156816,6
1218638,6
1226686,6
1092487,6
1263479,6
1173593,6
1205455,6
1119319,6
1010691,6
1196031,6
1303122,6
1074399,6
1257723,6
1021097,6
1219691,6
1009468,6
1075403,6
1037127,6
1147581,6
1301389,6
1201803,6
1166458,6
1179171,6
1092619,6
1286787,6
1320914,6
1000696,6
1260475,6
1138637,6
1067341,6
1053008,6
1090171,6
1002371,6
1195468,6
1183233,6
1153783,6
1285129,6
1240040,6
1196756,6
1294506,6
1208572,6
1182648,6
1280402,6
1239955,6
1121702,6
1111429,6
1280227,6
1084959,6
1046210,6
1103257,6
1007648,6
1262386,6
1034576,6
1022033,6
1132365,6
1325500,6
1042915,6
1294221,6
1065076,6
1114972,6
1051771,6
1260579,6
1234325,6
1186406,6
1028379,6
1294892,6
1131288,6
1119244,6
1058839,6
1119936,6
1290839,6
1286729,6
1288346,6
1133755,6
1276253,6
1087270,6
1017406,6
1196204,6
1268278,6
1111915,6
1056578,6
1043801,6
1249373,6
1067306,6
1296305,6
1295899,6
1054773,6
1177422,6
1299920,6
1121976,6
1009335,6
1092219,6
1030362,6
1193035,6
1181716,6
1285735,6
1191812,6
1249312,6
1252986,6
1257499,6
1093156,6
1100238,6
1108224,6
1122176,6
1259595,6
1230246,6
1150440,6
1095225,6
1162081,6
1068894,6
1018288,6
1010258,6
1290886,6
1080057,6
1162702,6
1164108,6
1201648,6
1183685,6
1151123,6
1167524,6
1207355,6
1050787,6
1303493,6
1097853,6
1231652,6
1209123,6
1294743,6
1317714,6
1278214,6
1300222,6
1032375,6
1165677,6
1052765,6
1141070,6
1011247,6
1181705,6
1036522,6
1088270,6
1191083,6
1008691,6
1272194,6
1179765,6
1127989,6
1244706,6
1039577,6
1131606,6
1195322,6
1196043,6
1261740,6
1251408,6
1131544,6
1206435,6
1297996,6
1106804,6
1264222,6
1210762,6
1294980,6
1188582,6
1275089,6
1280685,6
1251058,6
1284859,6
1012796,6
1236083,6
1293122,6
1129419,6
1012520,6
1130139,6
1121411,6
1296415,6
1204621,6
1084744,6
1301414,6
1324610,6
1075373,6
1279609,6
1072532,6
1063223,6
1259505,6
1188703,6
1287627,6
1251019,6
1114608,6
1000314,6
1240228,6
1039365,6
1149252,6
1175740,6
1039781,6
1082611,6
1098467,6
1066713,6
1275423,6
1156581,6
1127364,6
1200174,6
1284093,6
1042146,6
1315708,6
1124110,6
1019274,6
1210689,6
1003832,6
1301523,6
1072452,6
1133468,6
1065006,6
1181902,6
1244475,6
1018468,6
1281335,6
1145317,6
1114542,6
1296252,6
1211802,6
1132440,6
1078013,6
1257632,6
1197423,6
1175979,6
1118597,6
1056804,6
1169882,6
1218560,6
1276928,6
1278809,6
1087462,6
1184107,6
1125312,6
1311764,6
1218852,6
1235031,6
1163254,6
1312668,6
1258101,6
1110077,6
1193205,6
1202022,6
1132004,6
1163464,6
1179496,6
1019564,6
1284936,6
1166453,6
1013442,6
1232186,6
1083822,6
1038489,6
1045983,6
1145900,6
1196873,6
1229926,6
1187332,6
1028843,6
1315846,6
1259830,6
1031074,6
1199849,6
1277532,6
1092716,6
1160691,6
1134586,6
1282391,6
1240414,6
1311864,6
1102190,6
1113606,6
1289300,6
1220603,6
1011737,6
1235093,6
1190757,6
1291219,6
1026668,6
1065297,6
1068390,6
1181919,6
1039791,6
1010078,6
1030082,6
1010503,6
1234867,6
1282774,6
1017216,6
1100090,6
1148006,6
1286882,6
1199897,6
1302629,6
1220771,6
1039494,6
1236729,6
1200693,6
1121134,6
1181224,6
1234540,6
1082938,6
1043775,6
1192953,6
1069080,6
1235992,6
1305478,6
1071555,6
1285558,6
1132206,6
1140987,6
1308464,6
1247332,6
1129457,6
1110628,6
1189063,6
1193843,6
1207521,6
1209262,6
1203124,6
1179241,6
1014259,6
1110764,6
1057183,6
1076087,6
1215494,6
1274602,6
1278195,6
1146129,6
1234165,6
1036684,6
1077851,6
1150198,6
1208715,6
1205438,6
1225403,6
1118032,6
1159507,6
1318746,6
1245959,6
1109468,6
1061745,6
1210771,6
1166358,6
1091538,6
1154623,6
1207781,6
1150785,6
1130978,6
1059374,6
1072761,6
1323251,6
1121879,6
1107709,6
1051307,6
1157691,6
1037639,6
1238180,6
1134672,6
1214960,6
1163216,6
1305492,6
1205517,6
1002684,6
1129758,6
1011482,6
1033668,6
1295707,6
1151000,6
1266375,6
1132041,6
1117344,6
1122292,6
1298288,6
1130153,6
1190272,6
1068546,6
1117427,6
1066106,6
1213456,6
1066984,6
1059591,6
1125955,6
1244202,6
1159611,6
1315939,6
1122159,6
1234473,6
1116580,6
1179831,6
1137884,6
1203247,6
1224005,6
1304829,6
1150249,6
1135679,6
1067023,6
1018870,6
1200492,6
1113548,6
1095288,6
1181032,6
1095439,6
1138142,6
1182684,6
1318971,6
1292829,6
1166248,6
1097838,6
1104813,6
1323466,6
1056084,6
1116499,6
1109636,6
1085253,6
1112616,6
1175753,6
1238890,6
1254934,6
1124597,6
1250640,6
1174700,6
1031332,6
1291387,6
1017736,6
1068489,6
1085341,6
1001303,6
1286911,6
1005164,6
1167800,6
1212547,6
1156463,6
1197764,6
1070104,6
1046277,6
1295176,6
1010552,6
1307248,6
1175871,6
1066412,6
1155411,6
1177719,6
1203207,6
1250102,6
1324034,6
1320388,6
1153430,6
1233631,6
1292336,6
1040282,6
1303185,6
1081609,6
1295331,6
1190705,6
1275675,6
1117042,6
1099643,6
1276872,6
1280077,6
1062729,6
1202310,6
1138936,6
1153156,6
1076225,6
1118966,6
1156883,6
1129118,6
1278238,6
1192116,6
1301235,6
1238296,6
1003462,6
1315404,6
1230079,6
1036022,6
1005434,6
1292700,6
1213602,6
1059735,6
1059401,6
1070231,6
1315487,6
1088859,6
1025791,6
1212870,6
1300158,6
1133110,6
1233968,6
1290602,6
1279911,6
1118151,6
1159073,6
1072726,6
1257135,6
1242727,6
1272930,6
1123272,6
1145931,6
1102939,6
1146522,6
1288317,6
1062853,6
1019462,6
1295453,6
1161428,6
1288915,6
1005653,6
1311575,6
1321126,6
1150698,6
1047859,6
1154643,6
1204701,6
1154059,6
1018131,6
1081834,6
1119502,6
1100210,6
1127314,6
1277519,6
1310413,6
1258784,6
1193376,6
1260748,6
1255921,6
1238116,6
1026792,6
1201470,6
1288591,6
1132916,6
1002596,6
1106462,6
1147568,6
1246475,6
1169883,6
1145128,6
1018964,6
1143679,6
1100496,6
1063622,6
1137499,6
1184490,6
1088336,6
1135811,6
1152690,6
1273893,6
1271349,6
1166373,6
1299833,6
1126297,6
1233806,6
1002725,6
1086930,6
1297504,6
1203235,6
1065028,6
1130377,6
1262435,6
1220088,6
1024230,6
1108787,6
1268785,6
1298144,6
1113594,6
1047558,6
1158030,6
1276854,6
1034827,6
1221810,6
1316554,6
1282005,6
1266858,6
1011226,6
1074384,6
1054517,6
1309147,6
1144729,6
1184469,6
1048130,6
1256257,6
1041492,6
1030989,6
1114823,6
1157616,6
1059933,6
1203319,6
1184541,6
1307638,6
1280926,6
1059231,6
1150020,6
1247930,6
1183423,6
1032112,6
1201525,6
1256412,6
1184412,6
1231115,6
1116462,6
1267120,6
1083239,6
1075878,6
1053222,6
1233961,6
1068856,6
1143031,6
1157146,6
1255200,6
1000915,6
1250327,6
1201136,6
1146312,6
1042332,6
1026296,6
1240092,6
1014313,6
1203769,6
1234006,6
1255156,6
1207773,6
1134647,6
1180670,6
1058847,6
1004632,6
1167683,6
1289084,6
1260954,6
1093886,6
1317743,6
1055313,6
1283133,6
1060424,6
1187052,6
1022347,6
1099512,6
1073646,6
1174387,6
1208573,6
1070813,6
1229374,6
1022367,6
1161021,6
1315760,6
1216567,6
1322576,6
1116029,6
1085733,6
1168846,6
1097912,6
1083178,6
1308455,6
1171225,6
1232661,6
1141137,6
1166713,6
1269720,6
1206785,6
1313482,6
1065110,6
1067739,6
1070554,6
1044839,6
1093141,6
1044585,6
1181983,6
1120570,6
1121713,6
1156317,6
1261907,6
1177524,6
1071610,6
1219137,6
1103111,6
1226217,6
1231742,6
1306714,6
1189485,6
1114952,6
1062299,6
1114249,6
1175376,6
1247881,6
1059789,6
1119290,6
1022276,6
1034708,6
1223594,6
1020870,6
1190715,6
1218181,6
1156115,6
1096801,6
1267996,6
1304595,6
1285452,6
1038110,6
1005206,6
1259425,6
1177044,6
1116317,6
1291201,6
1297270,6
1260669,6
1203159,6
1041800,6
1035684,6
1110033,6
1247417,6
1194633,6
1214906,6
1202136,6
1018097,6
1248008,6
1121696,6
1296644,6
1164812,6
1263864,6
1168499,6
1285267,6
1160295,6
1205093,6
1224613,6
1220433,6
1292342,6
1125475,6
1166943,6
1230248,6
1077988,6
1049895,6
1246182,6
1271211,6
1287877,6
1092988,6
1276991,6
1273319,6
1068775,6
1108755,6
1097003,6
1150541,6
1062930,6
1201855,6
1324694,6
1267438,6
1087475,6
1285871,6
1111240,6
1158116,6
1044712,6
1278563,6
1164372,6
1197378,6
1080868,6
1282269,6
1014120,6
1050159,6
1238250,6
1058920,6
1163098,6
1000028,6
1275667,6
1084315,6
1216665,6
1132806,6
1244601,6
1206821,6
1007493,6
1103044,6
1119476,6
1140354,6
1290167,6
1300388,6
1300185,6
1282670,6
1065107,6
1249020,6
1301952,6
1093648,6
1069053,6
1070126,6
1076942,6
1100589,6
1069960,6
1053641,6
1033673,6
1007479,6
1167850,6
1168139,6
1206379,6
1073956,6
1029036,6
1187647,6
1012774,6
1205270,6
1318457,6
1296822,6
1026331,6
1277282,6
1229058,6
1126000,6
1074524,6
1122006,6
1176165,6
1055238,6
1122858,6
1185611,6
1320847,6
1084743,6
1192535,6
1081780,6
1116975,6
1087852,6
1076881,6
1220884,6
1107267,6
1293495,6
1163599,6
1220424,6
1275032,6
1031574,6
1021584,6
1295533,6
1053334,6
1265904,6
1141572,6
1073328,6
1204437,6
1291312,6
1112848,6
1074997,6
1020805,6
1272938,6
1042593,6
1213398,6
1233268,6
1155990,6
1280252,6
1021147,6
1127229,6
1243444,6
1217042,6
1107480,6
1325241,6
1031297,6
1042000,6
1258513,6
1222716,6
1004391,6
1218235,6
1043704,6
1255459,6
1259084,6
1009509,6
1208026,6
1034509,6
1039330,6
1092061,6
1237347,6
1108866,6
1264453,6
1037335,6
1292264,6
1190827,6
1005430,6
1062317,6
1008996,6
1184021,6
1049135,6
1071539,6
1231255,6
1143489,6
1291977,6
1059990,6
1196051,6
1045326,6
1001911,6
1091482,6
1322917,6
1230844,6
1325170,6
1324251,6
1137991,6
1295605,6
1123806,6
1257696,6
1110552,6
1173527,6
1011885,6
1096883,6
1112799,6
1167875,6
1068746,6
1234471,6
1290961,6
1307583,6
1221174,6
1274390,6
1272799,6
1323993,6
1118304,6
1089955,6
1139278,6
1146153,6
1156493,6
1319931,6
1276412,6
1015189,6
1091828,6
1312295,6
1246709,6
1275112,6
1134248,6
1214008,6
1190273,6
1083300,6
1083186,6
1007717,6
1272369,6
1143552,6
1107430,6
1079977,6
1270726,6
1229010,6
1158632,6
1040907,6
1166645,6
1140577,6
1306753,6
1220435,6
1004653,6
1150997,6
1284756,6
1141706,6
1129013,6
1144348,6
1030714,6
1159995,6
1223232,6
1268415,6
1178629,6
1315009,6
1315895,6
1037787,6
1032547,6
1181551,6
1248761,6
1105857,6
1112117,6
1163037,6
1129171,6
1074677,6
1138538,6
1070181,6
1058634,6
1209915,6
1233709,6
1213407,6
1025418,6
1271553,6
1103192,6
1053166,6
1153707,6
1120376,6
1068897,6
1244490,6
1218921,6
1159334,6
1214429,6
1238022,6
1061794,6
1279361,6
1176380,6
1075307,6
1313333,6
1172102,6
1238941,6
1044550,6
1303276,6
1140684,6
1198421,6
1269238,6
1076492,6
1195001,6
1081848,6
1038838,6
1313564,6
1190545,6
1104427,6
1164993,6
1093929,6
1124429,6
1098158,6
1134164,6
1151784,6
1266200,6
1259784,6
1182644,6
1071462,6
1071115,6
1273608,6
1142121,6
1146402,6
1035018,6
1178247,6
1291685,6
1172442,6
1101559,6
1317313,6
1287199,6
1081433,6
1049628,6
1164231,6
1209434,6
1297634,6
1131601,6
1025547,6
1161289,6
1076160,6
1237366,6
1313182,6
1181519,6
1053286,6
1073988,6
1286464,6
1011525,6
1240747,6
1123224,6
1122270,6
1077287,6
1165669,6
1270354,6
1043711,6
1316042,6
1082610,6
1218770,6
1239568,6
1077445,6
1257749,6
1287411,6
1106184,6
1265124,6
1208571,6
1296007,6
1281622,6
1223314,6
1153625,6
1242055,6
1282703,6
1298315,6
1037682,6
1259165,6
1056884,6
1189027,6
1151793,6
1158462,6
1196374,6
1191500,6
1206934,6
1084324,6
1166848,6
1063382,6
1303295,6
1001768,6
1046793,6
1115003,6
1256284,6
1005505,6
1111034,6
1202841,6
1059088,6
1096560,6
1297010,6
1306775,6
1012433,6
1106867,6
1004861,6
1224502,6
1158290,6
1007946,6
1064651,6
1095053,6
1292895,6
1192745,6
1271529,6
1217836,6
1280003,6
1047625,6
1286338,6
1245324,6
1259931,6
1059121,6
1089062,6
1042121,6
1227280,6
1092871,6
1238723,6
1107691,6
1278499,6
1046398,6
1254005,6
1143809,6
1104689,6
1146302,6
1032627,6
1113553,6
1312118,6
1131114,6
1307975,6
1236491,6
1031073,6
1096915,6
1324989,6
1324452,6
1161712,6
1209487,6
1064603,6
1213400,6
1104291,6
1038719,6
1100709,6
1107833,6
1168691,6
1122077,6
1280226,6
1117904,6
1299637,6
1245244,6
1171160,6
1106412,6
1027134,6
1027043,6
1321704,6
1172500,6
1065318,6
1202087,6
1109350,6
1238910,6
1278259,6
1144641,6
1150449,6
1177752,6
1299052,6
1136592,6
1311690,6
1279827,6
1183443,6
1198875,6
1059610,6
1261621,6
1169252,6
1188772,6
1247122,6
1203667,6
1029521,6
1087066,6
1142371,6
1093552,6
1260684,6
1025376,6
1075749,6
1043748,6
1114149,6
1002089,6
1312526,6
1100802,6
1284078,6
1201970,6
1180499,6
1089712,6
1211916,6
1181977,6
1076567,6
1012548,6
1241256,6
1031952,6
1113005,6
1224895,6
1121963,6
1127017,6
1313306,6
1169045,6
1100252,6
1208927,6
1119896,6
1004620,6
1230580,6
1262558,6
1125813,6
1281912,6
1082970,6
1281944,6
1120313,6
1061530,6
1230148,6
1194968,6
1246255,6
1278543,6
1096725,6
1286713,6
1315187,6
1024899,6
1024480,6
1023718,6
1230694,6
1222947,6
1141833,6
1003691,6
1019041,6
1110395,6
1029470,6
1220986,6
1203509,6
1062736,6
1011862,6
1246838,6
1276815,6
1169051,6
1248944,6
1232801,6
1311137,6
1273251,6
1132058,6
1321315,6
1088486,6
1268412,6
1064352,6
1094016,6
1224551,6
1002284,6
1244922,6
1110263,6
1282595,6
1204348,6
1063687,6
1163969,6
1049976,6
1091072,6
1131036,6
1133715,6
1063874,6
1045479,6
1237635,6
1020861,6
1022014,6
1151665,6
1034568,6
1069496,6
1084609,6
1095940,6
1246305,6
1071316,6
1104201,6
1087011,6
1321428,6
1182993,6
1304322,6
1151836,6
1238639,6
1107588,6
1131847,6
1167079,6
1185432,6
1185679,6
1121189,6
1266120,6
1007990,6
1293358,6
1010363,6
1073279,6
1285217,6
1069632,6
1078582,6
1257069,6
1284704,6
1258112,6
1021005,6
1217417,6
1057887,6
1060665,6
1155541,6
1173845,6
1153846,6
1184267,6
1316260,6
1126766,6
1255423,6
1284664,6
1195967,6
1285155,6
1265403,6
1237715,6
1316445,6
1285243,6
1306649,6
1189526,6
1252028,6
1254998,6
1065175,6
1241349,6
1055493,6
1275934,6
1045839,6
1014143,6
1025054,6
1196195,6
1037302,6
1294121,6
1119706,6
1128624,6
1071839,6
1035601,6
1157124,6
1246453,6
1096005,6
1041117,6
1207254,6
1126897,6
1308727,6
1312405,6
1304655,6
1187760,6
1147808,6
1082273,6
1269891,6
1244964,6
1178246,6
1219936,6
1243356,6
1002549,6
1026952,6
1143423,6
1017899,6
1198256,6
1300081,6
1226689,6
1079477,6
1090030,6
1195147,6
1259174,6
1019838,6
1296019,6
1176358,6
1311457,6
1136928,6
1246603,6
1177363,6
1253606,6
1044987,6
1025261,6
1272146,6
1018163,6
1228248,6
1312536,6
1192737,6
1047804,6
1180939,6
1084029,6
1284059,6
1128500,6
1206532,6
1097122,6
1170722,6
1271512,6
1036885,6
1243784,6
1043902,6
1044612,6
1309408,6
1054255,6
1036512,6
1108401,6
1036567,6
1046621,6
1036784,6
1230122,6
1316078,6
1007770,6
1283963,6
1280015,6
1249495,6
1062455,6
1304190,6
1090515,6
1240190,6
1238364,6
1185320,6
1307328,6
1307153,6
1261167,6
1267389,6
1076617,6
1193007,6
1168892,6
1323698,6
1314632,6
1318128,6
1192200,6
1091827,6
1126210,6
1191225,6
1028692,6
1211926,6
1050264,6
1230136,6
1158664,6
1234199,6
1306761,6
1126621,6
1287054,6
1019066,6
1098793,6
1139419,6
1242020,6
1230324,6
1159353,6
1184948,6
1139478,6
1275035,6
1298987,6
1038240,6
1035553,6
1242144,6
1172977,6
1062576,6
1303802,6
1235792,6
1135354,6
1138793,6
1133210,6
1062771,6
1143188,6
1148451,6
1154934,6
1308297,6
1077269,6
1085755,6
1296277,6
1238953,6
1055328,6
1176910,6
1306560,6
1148802,6
1174898,6
1233851,6
1127184,6
1232393,6
1281533,6
1074008,6
1213459,6
1058184,6
1272569,6
1029506,6
1066209,6
1296497,6
1022811,6
1106315,6
1089838,6
1082342,6
1076784,6
1071958,6
1283646,6
1252486,6
1299465,6
1132851,6
1010007,6
1179422,6
1253547,6
1071605,6
1122452,6
1014999,6
1139726,6
1292531,6
1196482,6
1121553,6
1013992,6
1050414,6
1164724,6
1134215,6
1217302,6
1090979,6
1310130,6
1319896,6
1201332,6
1173658,6
1109513,6
1118485,6
1272709,6
1286480,6
1286938,6
1066777,6
1284452,6
1244804,6
1168287,6
1324296,6
1318552,6
1246095,6
1179401,6
1169251,6
1315974,6
1201709,6
1072359,6
1164097,6
1168848,6
1175006,6
1016822,6
1101209,6
1090154,6
1147618,6
1097019,6
1036550,6
1303199,6
1167389,6
1281176,6
1116373,6
1187063,6
1001500,6
1308546,6
1206081,6
1026542,6
1010803,6
1205771,6
1187850,6
1151512,6
1241488,6
1188714,6
1070495,6
1126033,6
1251592,6
1028215,6
1114894,6
1076338,6
1102300,6
1254846,6
1143631,6
1006869,6
1160748,6
1249642,6
1309003,6
1307374,6
1321426,6
1240646,6
1118488,6
1056370,6
1290928,6
1163228,6
1250277,6
1166930,6
1316143,6
1097296,6
1074894,6
1161269,6
1080856,6
1174069,6
1306710,6
1188875,6
1237980,6
1136284,6
1209575,6
1043521,6
1204494,6
1202367,6
1110954,6
1001692,6
1286574,6
1269787,6
1263854,6
1317587,6
1082362,6
1132498,6
1049185,6
1025081,6
1245943,6
1091855,6
1314272,6
1105411,6
1179771,6
1006969,6
1284226,6
1021553,6
1275813,6
1103800,6
1123128,6
1117145,6
1111040,6
1266160,6
1030226,6
1169277,6
1145443,6
1100978,6
1082000,6
1219780,6
1218255,6
1107802,6
1074484,6
1142093,6
1138518,6
1307736,6
1095743,6
1062001,6
1185130,6
1083779,6
1311031,6
1088836,6
1131438,6
1099635,6
1102669,6
1022563,6
1018969,6
1187858,6
1008925,6
1158817,6
1123689,6
1158418,6
1115235,6
1315018,6
1224125,6
1312809,6
1147245,6
1208294,6
1245006,6
1133927,6
1222407,6
1013562,6
1311484,6
1285031,6
1060585,6
1269692,6
1211010,6
1295378,6
1290496,6
1036787,6
1280530,6
1242145,6
1060617,6
1156318,6
1072700,6
1098542,6
1112515,6
1172533,6
1018110,6
1319961,6
1169865,6
1059798,6
1174022,6
1287422,6
1088300,6
1034192,6
1086346,6
1156767,6
1137792,6
1238287,6
1000488,6
1307220,6
1261312,6
1144719,6
1284758,6
1156471,6
1036986,6
1287277,6
1131334,6
1093765,6
1160480,6
1146415,6
1044272,6
1244465,6
1021009,6
1061776,6
1159032,6
1079217,6
1067605,6
1165890,6
1312073,6
1062204,6
1214685,6
1077812,6
1258169,6
1290320,6
1236314,6
1300623,6
1265351,6
1099447,6
1141636,6
1305228,6
1133221,6
1285942,6
1138455,6
1173828,6
1064407,6
1240840,6
1021982,6
1095747,6
1177605,6
1013279,6
1010147,6
1259226,6
1142174,6
1119837,6
1244056,6
1144016,6
1081724,6
1204561,6
1084663,6
1100190,6
1025923,6
1195308,6
1137754,6
1277237,6
1193185,6
1156005,6
1099957,6
1046937,6
1069043,6
1288642,6
1309658,6
1256820,6
1276310,6
1254769,6
1049143,6
1142503,6
1245325,6
1285925,6
1152612,6
1059360,6
1201234,6
1011623,6
1263563,6
1052610,6
1318922,6
1233778,6
1296355,6
1101811,6
1115701,6
1219174,6
1209677,6
1124874,6
1089250,6
1269207,6
1236030,6
1029269,6
1272079,6
1020014,6
1057816,6
1105352,6
1291093,6
1174587,6
1167320,6
1012663,6
1185276,6
1159537,6
1072894,6
1105619,6
1060396,6
1070548,6
1243588,6
1226496,6
1156168,6
1135499,6
1096148,6
1142727,6
1289656,6
1156671,6
1060441,6
1083907,6
1034032,6
1105920,6
1242920,6
1309066,6
1177046,6
1250278,6
1194503,6
1012771,6
1183154,6
1021937,6
1053132,6
1249910,6
1063442,6
1110016,6
1151839,6
1237548,6
1296516,6
1013544,6
1217259,6
1104988,6
1240151,6
1016001,6
1133683,6
1181223,6
1210902,6
1025176,6
1106613,6
1221590,6
1002895,6
1130764,6
1174845,6
1255129,6
1155527,6
1124727,6
1145092,6
1271985,6
1206547,6
1017350,6
1238561,6
1297306,6
1113981,6
1030852,6
1128587,6
1201080,6
1209108,6
1041262,6
1151662,6
1183116,6
1075527,6
1137875,6
1218686,6
1253714,6
1070118,6
1025643,6
1253011,6
1185117,6
1304253,6
1052121,6
1043445,6
1265889,6
1174860,6
1190084,6
1112530,6
1165014,6
1261253,6
1089630,6
1070839,6
1058819,6
1029267,6
1143406,6
1184002,6
1003856,6
1076354,6
1096071,6
1169754,6
1277920,6
1136552,6
1129692,6
1071418,6
1024616,6
1234401,6
1252543,6
1175746,6
1227130,6
1194490,6
1126271,6
1187676,6
1186348,6
1125017,6
1180244,6
1178109,6
1116888,6
1252640,6
1149548,6
1234200,6
1312870,6
1053093,6
1032316,6
1162325,6
1043082,6
1271257,6
1088440,6
1232724,6
1281520,6
1192006,6
1096793,6
1309347,6
1259515,6
1078318,6
1254912,6
1025896,6
1297953,6
1040699,6
1177253,6
1103981,6
1207717,6
1098358,6
1162333,6
1153615,6
1065548,6
1153756,6
1035736,6
1206342,6
1181852,6
1257140,6
1318536,6
1009989,6
1089883,6
1174529,6
1106737,6
1218172,6
1104261,6
1240984,6
1305211,6
1206534,6
1096553,6
1254834,6
1211339,6
1158238,6
1106294,6
1128999,6
1240153,6
1055704,6
1206706,6
1154468,6
1305377,6
1094019,6
1141322,6
1135768,6
1224311,6
1091745,6
1298265,6
1014641,6
1060210,6
1316446,6
1281699,6
1221161,6
1019353,6
1070312,6
1082458,6
1182459,6
1302995,6
1092368,6
1284062,6
1037939,6
1059281,6
1278959,6
1090450,6
1079390,6
1099825,6
1172430,6
1032598,6
1285360,6
1273975,6
1224015,6
1026497,6
1321302,6
1227500,6
1158137,6
1148056,6
1007376,6
1317506,6
1324331,6
1016626,6
1030164,6
1289234,6
1073854,6
1285201,6
1207136,6
1182589,6
1169637,6
1201488,6
1068238,6
1080479,6
1224351,6
1271961,6
1103525,6
1078185,6
1038674,6
1270618,6
1009093,6
1154858,6
1037562,6
1307148,6
1254824,6
1271152,6
1129669,6
1002857,6
1042742,6
1236942,6
1155004,6
1208499,6
1282131,6
1288299,6
1171073,6
1267595,6
1230178,6
1061025,6
1102492,6
1243393,6
1024741,6
1178572,6
1155061,6
1224220,6
1284074,6
1269148,6
1250526,6
1068703,6
1236088,6
1120902,6
1266675,6
1263766,6
1277466,6
1171975,6
1227199,6
1281417,6
1165564,6
1292573,6
1088060,6
1079107,6
1275381,6
1144223,6
1180079,6
1169974,6
1154234,6
1148835,6
1287674,6
1198467,6
1185894,6
1174838,6
1181101,6
1172568,6
1151827,6
1155488,6
1018811,6
1245020,6
1206321,6
1276471,6
1082082,6
1231745,6
1216019,6
1235820,6
1089384,6
1087361,6
1207083,6
1136105,6
1079705,6
1314672,6
1071399,6
1031787,6
1088933,6
1164953,6
1056176,6
1192192,6
1021447,6
1224409,6
1241900,6
1001931,6
1029660,6
1124801,6
1271270,6
1241402,6
1142822,6
1223953,6
1053186,6
1001519,6
1245406,6
1238569,6
1084626,6
1243803,6
1012471,6
1301801,6
1095157,6
1135242,6
1219816,6
1185595,6
1218763,6
1198554,6
1194342,6
1018763,6
1302252,6
1057368,6
1143825,6
1014889,6
1069704,6
1149174,6
1219061,6
1024561,6
1247511,6
1208521,6
1118741,6
1001428,6
1194054,6
1267685,6
1260653,6
1280681,6
1299158,6
1065534,6
1296650,6
1304746,6
1157311,6
1214277,6
1220966,6
1226336,6
1085850,6
1227898,6
1209605,6
1180494,6
1028688,6
1275017,6
1278779,6
1262681,6
1225525,6
1079857,6
1308580,6
1186318,6
1192159,6
1299765,6
1226874,6
1085201,6
1252445,6
1281887,6
1305128,6
1320760,6
1109317,6
1306919,6
1130532,6
1048934,6
1249984,6
1226040,6
1259498,6
1247262,6
1316338,6
1048145,6
1034262,6
1203142,6
1035703,6
1206732,6
1103808,6
1145477,6
1278508,6
1039824,6
1177648,6
1118087,6
1104901,6
1142048,6
1111041,6
1091683,6
1167622,6
1275636,6
1081163,6
1109479,6
1169422,6
1311860,6
1182001,6
1076509,6
1096317,6
1081214,6
1018532,6
1028382,6
1163204,6
1040502,6
1300647,6
1114210,6
1188552,6
1043181,6
1033446,6
1079827,6
1119309,6
1150604,6
1047302,6
1190105,6
1101661,6
1022381,6
1292021,6
1269927,6
1203568,6
1106347,6
1324870,6
1029549,6
1295418,6
1121312,6
1138105,6
1007014,6
1252300,6
1262730,6
1284372,6
1183328,6
1002798,6
1043237,6
1037838,6
1215001,6
1151186,6
1263634,6
1292358,6
1191140,6
1248471,6
1094263,6
1093738,6
1244764,6
1203982,6
1219016,6
1063818,6
1091749,6
1201067,6
1148354,6
1307819,6
1073213,6
1110813,6
1325585,6
1000306,6
1313848,6
1039609,6
1322342,6
1314046,6
1132875,6
1222858,6
1183976,6
1266896,6
1219771,6
1012974,6
1039926,6
1055195,6
1244092,6
1260039,6
1311940,6
1020717,6
1010074,6
1195764,6
1319388,6
1204214,6
1102914,6
1139315,6
1121256,6
1032057,6
1308112,6
1155888,6
1067053,6
1042469,6
1285375,6
1301843,6
1260199,6
1321182,6
1082497,6
1036764,6
1158888,6
1081036,6
1062084,6
1032288,6
1045707,6
1275893,6
1129635,6
1236882,6
1261349,6
1235986,6
1223432,6
1035565,6
1051617,6
1124675,6
1010678,6
1252115,6
1112730,6
1063181,6
1030269,6
1000758,6
1309379,6
1242520,6
1027382,6
1316412,6
1299811,6
1105645,6
1216180,6
1245591,6
1294518,6
1125742,6
1218559,6
1098834,6
1201101,6
1155630,6
1155639,6
1187912,6
1035976,6
1316726,6
1223641,6
1310463,6
1223904,6
1079115,6
1106178,6
1258072,6
1323005,6
1288938,6
1049146,6
1139594,6
1325353,6
1208226,6
1179828,6
1007300,6
1038051,6
1013861,6
1323837,6
1036503,6
1179817,6
1125535,6
1229799,6
1174828,6
1117665,6
1215533,6
1144870,6
1325038,6
1001415,6
1182992,6
1264505,6
1109134,6
1292822,6
1145794,6
1300067,6
1276490,6
1008971,6
1290438,6
1061978,6
1116195,6
1080253,6
1317646,6
1310849,6
1174434,6
1141472,6
1085526,6
1004353,6
1078177,6
1290862,6
1281334,6
1280301,6
1215652,6
1108536,6
1201499,6
1254385,6
1204986,6
1182311,6
1022616,6
1167620,6
1213415,6
1227508,6
1308494,6
1221565,6
1188327,6
1065328,6
1004074,6
1273516,6
1166757,6
1081178,6
1055080,6
1205042,6
1155437,6
1271751,6
1025030,6
1282668,6
1061203,6
1279805,6
1089108,6
1235355,6
1248231,6
1182275,6
1167915,6
1309766,6
1284502,6
1045119,6
1070210,6
1201812,6
1281841,6
1212261,6
1007751,6
1291556,6
1019010,6
1139975,6
1274565,6
1202211,6
1071865,6
1150381,6
1185245,6
1267073,6
1111206,6
1052668,6
1089755,6
1149745,6
1254764,6
1237157,6
1067351,6
1023078,6
1091355,6
1304765,6
1215232,6
1229554,6
1021035,6
1056538,6
1245710,6
1259150,6
1292094,6
1015777,6
1246936,6
1302108,6
1303104,6
1204858,6
1263815,6
1197345,6
1225058,6
1022889,6
1180547,6
1059620,6
1152972,6
1244482,6
1035196,6
1242047,6
1141715,6
1109597,6
1078731,6
1015206,6
1010530,6
1027847,6
1072482,6
1010247,6
1207857,6
1280049,6
1131638,6
1100378,6
1127247,6
1146280,6
1201329,6
1190474,6
1045094,6
1247746,6
1280721,6
1053908,6
1234350,6
1061518,6
1115437,6
1046156,6
1050173,6
1281326,6
1173250,6
1201059,6
1060242,6
1321489,6
1098792,6
1304563,6
1093043,6
1084417,6
1064198,6
1105908,6
1181155,6
1018658,6
1007159,6
1293444,6
1222410,6
1048340,6
1158026,6
1190306,6
1016480,6
1142635,6
1105291,6
1110144,6
1053075,6
1165109,6
1063780,6
1123276,6
1049626,6
1052868,6
1294587,6
1217093,6
1294501,6
1118106,6
1129292,6
1100275,6
1028013,6
1314720,6
1022581,6
1080845,6
1041418,6
1190592,6
1231000,6
1099803,6
1196271,6
1305875,6
1148445,6
1150661,6
1299372,6
1203898,6
1269791,6
1166647,6
1061381,6
1096190,6
1030771,6
1190192,6
1112099,6
1039738,6
1222173,6
1194015,6
1032065,6
1276503,6
1060385,6
1141067,6
1121688,6
1294986,6
1069941,6
1239529,6
1021226,6
1180158,6
1009639,6
1104275,6
1269067,6
1259120,6
1167352,6
1252950,6
1320404,6
1066321,6
1142334,6
1193302,6
1062059,6
1283119,6
1064203,6
1284132,6
1126943,6
1189467,6
1001401,6
1235132,6
1272680,6
1030967,6
1162659,6
1016786,6
1036680,6
1111374,6
1117307,6
1290661,6
1278920,6
1229111,6
1305581,6
1133614,6
1170257,6
1090117,6
1074497,6
1094430,6
1155204,6
1055746,6
1237288,6
1091529,6
1145738,6
1069427,6
1103209,6
1299952,6
1165472,6
1302894,6
1314314,6
1169764,6
1079117,6
1278788,6
1187161,6
1178658,6
1072930,6
1157445,6
1257747,6
1313554,6
1020186,6
1214637,6
1325162,6
1070608,6
1127522,6
1209799,6
1006975,6
1246510,6
1239246,6
1288147,6
1113435,6
1141971,6
1242173,6
1205448,6
1141879,6
1310213,6
1169759,6
1128880,6
1157716,6
1104821,6
1119383,6
1026843,6
1192855,6
1163802,6
1300862,6
1062460,6
1315455,6
1103858,6
1034369,6
1076722,6
1210319,6
1164922,6
1151544,6
1119771,6
1298182,6
1220061,6
1254791,6
1178510,6
1299130,6
1069616,6
1227809,6
1036248,6
1277414,6
1055485,6
1171880,6
1210640,6
1026935,6
1181018,6
1022363,6
1065347,6
1151671,6
1302533,6
1042308,6
1195255,6
1048402,6
1040637,6
1055061,6
1061459,6
1014957,6
1189982,6
1095372,6
1106174,6
1141693,6
1060927,6
1019566,6
1091429,6
1060605,6
1223513,6
1249905,6
1095096,6
1035097,6
1195750,6
1321066,6
1271900,6
1180991,6
1212801,6
1201174,6
1037095,6
1063862,6
1178814,6
1180392,6
1032275,6
1079549,6
1313891,6
1117320,6
1157736,6
1179807,6
1278095,6
1150095,6
1168177,6
1062372,6
1046948,6
1061580,6
1230511,6
1179416,6
1098107,6
1256872,6
1191227,6
1278984,6
1252375,6
1217328,6
1235592,6
1294751,6
1128600,6
1150847,6
1110943,6
1136704,6
1267187,6
1098648,6
1263423,6
1214430,6
1197136,6
1191646,6
1099538,6
1261098,6
1195958,6
1037985,6
1148555,6
1086624,6
1133424,6
1303401,6
1027780,6
1018529,6
1188962,6
1311501,6
1037490,6
1153009,6
1286180,6
1053019,6
1120083,6
1262411,6
1052309,6
1017205,6
1274652,6
1313827,6
1108065,6
1268558,6
1324054,6
1044664,6
1031273,6
1012440,6
1274192,6
1092511,6
1133711,6
1124356,6
1139585,6
1163492,6
1156282,6
1037400,6
1134195,6
1221678,6
1049125,6
1040631,6
1263238,6
1103008,6
1287115,6
1107010,6
1044385,6
1150982,6
1229893,6
1176062,6
1214254,6
1050833,6
1314757,6
1201538,6
1098011,6
1248466,6
1152685,6
1186145,6
1298388,6
1041542,6
1162146,6
1114481,6
1271738,6
1014476,6
1058567,6
1118916,6
1196657,6
1099226,6
1133116,6
1202302,6
1019305,6
1144162,6
1236727,6
1133640,6
1256853,6
1164480,6
1304425,6
1260198,6
1227073,6
1031295,6
1227991,6
1188068,6
1152225,6
1175148,6
1044496,6
1219382,6
1070593,6
1226101,6
1207447,6
1014938,6
1191119,6
1288042,6
1272183,6
1317843,6
1015254,6
1253196,6
1061023,6
1223437,6
1323588,6
1325816,6
1108334,6
1077198,6
1294727,6
1065928,6
1148009,6
1143689,6
1297021,6
1319935,6
1085635,6
1305533,6
1288946,6
1085864,6
1222499,6
1269860,6
1165082,6
1278704,6
1030895,6
1172514,6
1256693,6
1053464,6
1132597,6
1041170,6
1247137,6
1204702,6
1265138,6
1008678,6
1235679,6
1315338,6
1239457,6
1285564,6
1259551,6
1014195,6
1309784,6
1146986,6
1285675,6
1272119,6
1041994,6
1289545,6
1102819,6
1168627,6
1146047,6
1255680,6
1092646,6
1102861,6
1044162,6
1088478,6
1202545,6
1023738,6
1134915,6
1069406,6
1014959,6
1217337,6
1269451,6
1264010,6
1242594,6
1000657,6
1075621,6
1164815,6
1167619,6
1035232,6
1146781,6
1030525,6
1136407,6
1078853,6
1063250,6
1074249,6
1243829,6
1017992,6
1131899,6
1295673,6
1109187,6
1185379,6
1284134,6
1141208,6
1045762,6
1040781,6
1210049,6
1168732,6
1095353,6
1143333,6
1306280,6
1181005,6
1056117,6
1273301,6
1155376,6
1047346,6
1104231,6
1124725,6
1105161,6
1286595,6
1312131,6
1243110,6
1209945,6
1160473,6
1013942,6
1113008,6
1204256,6
1101535,6
1052830,6
1209772,6
1269747,6
1204416,6
1256344,6
1292110,6
1040568,6
1203587,6
1173756,6
1049994,6
1137119,6
1188285,6
1068472,6
1294175,6
1133698,6
1044583,6
1139979,6
1110946,6
1247711,6
1007956,6
1226485,6
1067144,6
1093646,6
1197867,6
1063107,6
1094914,6
1256707,6
1292444,6
1126808,6
1143773,6
1174181,6
1222283,6
1205892,6
1071732,6
1033810,6
1171165,6
1026265,6
1311878,6
1173065,6
1165175,6
1204895,6
1092120,6
1197732,6
1172760,6
1126318,6
1184468,6
1254132,6
1242759,6
1236945,6
1235134,6
1173917,6
1154781,6
1158220,6
1261775,6
1016867,6
1162392,6
1098489,6
1055184,6
1005636,6
1247882,6
1262332,6
1197665,6
1287325,6
1115603,6
1015955,6
1056006,6
1182810,6
1016403,6
1020665,6
1185732,6
1144375,6
1198808,6
1219789,6
1060662,6
1260987,6
1091650,6
1089430,6
1173955,6
1247612,6
1216214,6
1004585,6
1054290,6
1221034,6
1257896,6
1301133,6
1218407,6
1037444,6
1006936,6
1128449,6
1212807,6
1266098,6
1068918,6
1000491,6
1125548,6
1055111,6
1019109,6
1180211,6
1171018,6
1118981,6
1017662,6
1076312,6
1084712,6
1180887,6
1180440,6
1226790,6
1143895,6
1104507,6
1098532,6
1202548,6
1245133,6
1052905,6
1193841,6
1077961,6
1311364,6
1255183,6
1063816,6
1179983,6
1228838,6
1008723,6
1177186,6
1005941,6
1018955,6
1245945,6
1254479,6
1310572,6
1028377,6
1050742,6
1038255,6
1070316,6
1285212,6
1128481,6
1127770,6
1050031,6
1006017,6
1238060,6
1286430,6
1054263,6
1069534,6
1135494,6
1250911,6
1005045,6
1137939,6
1216325,6
1111084,6
1298816,6
1237059,6
1119303,6
1023520,6
1114458,6
1242375,6
1236416,6
1139040,6
1089956,6
1312199,6
1218541,6
1231530,6
1207864,6
1252547,6
1101749,6
1186363,6
1218414,6
1139008,6
1241631,6
1055916,6
1102348,6
1269760,6
1239538,6
1213561,6
1257993,6
1180515,6
1290276,6
1015388,6
1121659,6
1282400,6
1155766,6
1292904,6
1106175,6
1098602,6
1004164,6
1238197,6
1181613,6
1193120,6
1298143,6
1284847,6
1209947,6
1223965,6
1073909,6
1021308,6
1178971,6
1268127,6
1017333,6
1000884,6
1097692,6
1026713,6
1230933,6
1278492,6
1240567,6
1106442,6
1228086,6
1273940,6
1270107,6
1106880,6
1199648,6
1197757,6
1043552,6
1121003,6
1112332,6
1159469,6
1058867,6
1153120,6
1030671,6
1075196,6
1283797,6
1016179,6
1151700,6
1121157,6
1012642,6
1048505,6
1260270,6
1141776,6
1152939,6
1276122,6
1132729,6
1211350,6
1044247,6
1078707,6
1264451,6
1261120,6
1196391,6
1021613,6
1115313,6
1043901,6
1232684,6
1028582,6
1189786,6
1320932,6
1226893,6
1003116,6
1037169,6
1115630,6
1262966,6
1167048,6
1124858,6
1186837,6
1243220,6
1112665,6
1137312,6
1126597,6
1096455,6
1080321,6
1256442,6
1224062,6
1274490,6
1137622,6
1119659,6
1017423,6
1082212,6
1259697,6
1191954,6
1184873,6
1322588,6
1106283,6
1284705,6
1296066,6
1304174,6
1049032,6
1244630,6
1092224,6
1046231,6
1262383,6
1271640,6
1268537,6
1063903,6
1041133,6
1065230,6
1193631,6
1082599,6
1161211,6
1022342,6
1168698,6
1051479,6
1076019,6
1022030,6
1096070,6
1070101,6
1174023,6
1029954,6
1273089,6
1063194,6
1072824,6
1161658,6
1321690,6
1047070,6
1064688,6
1180145,6
1317724,6
1286486,6
1297547,6
1200191,6
1180935,6
1085309,6
1276481,6
1145910,6
1250360,6
1018337,6
1129779,6
1065930,6
1124245,6
1041781,6
1078339,6
1263077,6
1133848,6
1074396,6
1111201,6
1290054,6
1207783,6
1065380,6
1043769,6
1104149,6
1120960,6
1322520,6
1128507,6
1264374,6
1025409,6
1202271,6
1308249,6
1322540,6
1281097,6
1085030,6
1235419,6
1162127,6
1087216,6
1024111,6
1009670,6
1142084,6
1273890,6
1143843,6
1317361,6
1188289,6
1300007,6
1142611,6
1025842,6
1020988,6
1099762,6
1147571,6
1199339,6
1150926,6
1271333,6
1038512,6
1162909,6
1108668,6
1068935,6
1254675,6
1295814,6
1259412,6
1109243,6
1291994,6
1014900,6
1036073,6
1082059,6
1060910,6
1087983,6
1022969,6
1081802,6
1263965,6
1176070,6
1067052,6
1256998,6
1049318,6
1170477,6
1009596,6
1201870,6
1163347,6
1208655,6
1217679,6
1305954,6
1183036,6
1155281,6
1115647,6
1073488,6
1194600,6
1212109,6
1236096,6
1199251,6
1129611,6
1114946,6
1021230,6
1053301,6
1163673,6
1075585,6
1314935,6
1115578,6
1224336,6
1086260,6
1137631,6
1124498,6
1301503,6
1056468,6
1031696,6
1100338,6
1176150,6
1122985,6
1051892,6
1186071,6
1203067,6
1089112,6
1228042,6
1076718,6
1073603,6
1269584,6
1229141,6
1235910,6
1320660,6
1274656,6
1237696,6
1011094,6
1108798,6
1181069,6
1206121,6
1164759,6
1210403,6
1267648,6
1113729,6
1225122,6
1152462,6
1200890,6
1085754,6
1107032,6
1026708,6
1181640,6
1146398,6
1100954,6
1252005,6
1162786,6
1054859,6
1025747,6
1138662,6
1282507,6
1013555,6
1154961,6
1168285,6
1048389,6
1105776,6
1163455,6
1230252,6
1228582,6
1181291,6
1295943,6
1100993,6
1061799,6
1151668,6
1244733,6
1286199,6
1324239,6
1273715,6
1322980,6
1042198,6
1251115,6
1297583,6
1125921,6
1067678,6
1056589,6
1185977,6
1250160,6
1229339,6
1245477,6
1322916,6
1204394,6
1002044,6
1164084,6
1241466,6
1120034,6
1091306,6
1308355,6
1288931,6
1075816,6
1008465,6
1158063,6
1193434,6
1314045,6
1056735,6
1165927,6
1023250,6
1114554,6
1132525,6
1271933,6
1231489,6
1136868,6
1193422,6
1111275,6
1107073,6
1116025,6
1231138,6
1139082,6
1251613,6
1053211,6
1256923,6
1235483,6
1204244,6
1157677,6
1247433,6
1285632,6
1166314,6
1140613,6
1189811,6
1004342,6
1279818,6
1178848,6
1249273,6
1201300,6
1113582,6
1231615,6
1247087,6
1085673,6
1128309,6
1315297,6
1177460,6
1152995,6
1154021,6
1042523,6
1153223,6
1250270,6
1166774,6
1018318,6
1192848,6
1089530,6
1217491,6
1002092,6
1086191,6
1283331,6
1004967,6
1200322,6
1047056,6
1115744,6
1243961,6
1054478,6
1021615,6
1309542,6
1198652,6
1098619,6
1106456,6
1199356,6
1251869,6
1188357,6
1230541,6
1225039,6
1108252,6
1071001,6
1105249,6
1200736,6
1191800,6
1152663,6
1298866,6
1109306,6
1081126,6
1310596,6
1152965,6
1104478,6
1140777,6
1050928,6
1141695,6
1174332,6
1107675,6
1172434,6
1213726,6
1098797,6
1010814,6
1063754,6
1290620,6
1109548,6
1316119,6
1041951,6
1111184,6
1211635,6
1309980,6
1115070,6
1010578,6
1094618,6
1076779,6
1166121,6
1155566,6
1073987,6
1231034,6
1140253,6
1322015,6
1286663,6
1303664,6
1098074,6
1134729,6
1038988,6
1116285,6
1262597,6
1196412,6
1010352,6
1191307,6
1231466,6
1261500,6
1302376,6
1314039,6
1251038,6
1202191,6
1312647,6
1016459,6
1103611,6
1088932,6
1301798,6
1225487,6
1133747,6
1246022,6
1223196,6
1012918,6
1037764,6
1036100,6
1291371,6
1067849,6
1151002,6
1252443,6
1257736,6
1006512,6
1147684,6
1151593,6
1087713,6
1149081,6
1248599,6
1143549,6
1159491,6
1238358,6
1158431,6
1290641,6
1188541,6
1243782,6
1244106,6
1174883,6
1196155,6
1243074,6
1238256,6
1001914,6
1243085,6
1262014,6
1274614,6
1107845,6
1249366,6
1311563,6
1026089,6
1205276,6
1120999,6
1162145,6
1301536,6
1094940,6
1246180,6
1323115,6
1115088,6
1215207,6
1234789,6
1198901,6
1057641,6
1248157,6
1097686,6
1296700,6
1189301,6
1048640,6
1261528,6
1212262,6
1210134,6
1316873,6
1193472,6
1303895,6
1110477,6
1312306,6
1194582,6
1274512,6
1091817,6
1146698,6
1098515,6
1299065,6
1218113,6
1291147,6
1011665,6
1085145,6
1145678,6
1073191,6
1210291,6
1271849,6
1299547,6
1233638,6
1027586,6
1241021,6
1053354,6
1297146,6
1202620,6
1280148,6
1208910,6
1013482,6
1160979,6
1054229,6
1257588,6
1209412,6
1244840,6
1274305,6
1087470,6
1041048,6
1299923,6
1281013,6
1071433,6
1325517,6
1007593,6
1032921,6
1299044,6
1006366,6
1261126,6
1252423,6
1317749,6
1099684,6
1095387,6
1235196,6
1202821,6
1157762,6
1009918,6
1056951,6
1153991,6
1174140,6
1265752,6
1110312,6
1200509,6
1046102,6
1089873,6
1211314,6
1025098,6
1015067,6
1151253,6
1323935,6
1097973,6
1052238,6
1126802,6
1265490,6
1064165,6
1171578,6
1041163,6
1087168,6
1189385,6
1225075,6
1010191,6
1032361,6
1236450,6
1300013,6
1217990,6
1295292,6
1125974,6
1313112,6
1306939,6
1093644,6
1067987,6
1090884,6
1288608,6
1103818,6
1321743,6
1113452,6
1064150,6
1079836,6
1009118,6
1103169,6
1067209,6
1306874,6
1014442,6
1205065,6
1273152,6
1203473,6
1069175,6
1032621,6
1163422,6
1277150,6
1292778,6
1163403,6
1026306,6
1031469,6
1153506,6
1192273,6
1135113,6
1206621,6
1126530,6
1094155,6
1265338,6
1313566,6
1002353,6
1145141,6
1252992,6
1124391,6
1037415,6
1168355,6
1080323,6
1292820,6
1297107,6
1165110,6
1131951,6
1263067,6
1133168,6
1064071,6
1220898,6
1107508,6
1269672,6
1131778,6
1275958,6
1130833,6
1166805,6
1217728,6
1209769,6
1070365,6
1238682,6
1271402,6
1022308,6
1039818,6
1277296,6
1171086,6
1032402,6
1153888,6
1270586,6
1247543,6
1037324,6
1006011,6
1309190,6
1039147,6
1179319,6
1132061,6
1273324,6
1267892,6
1305134,6
1068556,6
1147914,6
1007092,6
1058368,6
1048542,6
1241261,6
1280826,6
1213895,6
1039008,6
1058815,6
1218061,6
1019447,6
1152821,6
1144824,6
1143211,6
1258801,6
1069530,6
1291712,6
1180247,6
1250340,6
1215023,6
1047077,6
1175033,6
1268708,6
1287870,6
1286804,6
1264041,6
1250313,6
1115968,6
1028422,6
1246973,6
1053870,6
1126816,6
1131182,6
1069234,6
1154156,6
1270597,6
1289462,6
1017750,6
1144573,6
1182679,6
1294690,6
1324517,6
1146202,6
1033884,6
1289975,6
1259440,6
1163781,6
1262997,6
1265611,6
1001480,6
1193962,6
1231190,6
1115138,6
1101999,6
1289861,6
1121980,6
1323707,6
1309651,6
1321476,6
1290109,6
1138249,6
1315969,6
1203314,6
1017694,6
1314070,6
1021362,6
1141107,6
1229192,6
1221857,6
1296478,6
1148653,6
1064296,6
1074376,6
1242867,6
1129698,6
1013849,6
1076754,6
1289478,6
1057031,6
1320859,6
1011194,6
1303306,6
1322527,6
1224996,6
1237159,6
1277997,6
1144307,6
1106066,6
1273756,6
1103381,6
1197408,6
1206675,6
1061112,6
1109368,6
1292482,6
1235779,6
1067631,6
1067062,6
1035575,6
1030213,6
1269925,6
1006773,6
1306439,6
1138545,6
1239923,6
1092167,6
1141503,6
1322244,6
1047508,6
1278666,6
1287122,6
1307962,6
1122163,6
1004952,6
1223868,6
1236026,6
1205032,6
1222756,6
1139535,6
1049641,6
1227213,6
1165267,6
1118865,6
1090491,6
1078309,6
1259597,6
1192024,6
1245460,6
1302069,6
1231260,6
1052875,6
1103798,6
1183075,6
1203171,6
1273880,6
1229059,6
1299553,6
1284111,6
1153881,6
1184598,6
1275808,6
1176335,6
1273023,6
1109847,6
1236969,6
1067970,6
1059234,6
1011169,6
1306328,6
1318802,6
1106546,6
1282362,6
1167980,6
1047831,6
1243126,6
1242250,6
1229508,6
1080940,6
1219319,6
1166557,6
1219271,6
1091713,6
1175634,6
1292522,6
1205287,6
1160023,6
1091832,6
1051859,6
1274213,6
1225300,6
1063923,6
1121644,6
1139752,6
1273945,6
1205847,6
1198432,6
1053882,6
1144705,6
1193690,6
1312411,6
1224020,6
1119031,6
1323752,6
1174320,6
1030365,6
1271319,6
1074408,6
1054362,6
1286510,6
1188581,6
1175748,6
1160894,6
1077263,6
1287043,6
1024044,6
1075550,6
1009597,6
1198166,6
1162260,6
1136246,6
1226270,6
1261398,6
1041316,6
1314407,6
1314266,6
1109581,6
1311321,6
1312328,6
1222655,6
1112453,6
1141255,6
1196113,6
1120995,6
1146178,6
1288715,6
1208677,6
1097510,6
1162372,6
1277359,6
1008319,6
1289067,6
1260658,6
1156592,6
1119696,6
1082544,6
1228675,6
1099220,6
1203287,6
1275349,6
1042023,6
1115754,6
1224842,6
1295101,6
1282638,6
1244612,6
1131692,6
1303170,6
1298833,6
1258813,6
1121081,6
1066272,6
1273080,6
1301668,6
1277473,6
1179911,6
1221196,6
1158980,6
1257147,6
1097035,6
1146704,6
1164530,6
1104664,6
1197291,6
1193414,6
1185665,6
1178417,6
1175710,6
1139813,6
1070730,6
1180885,6
1243308,6
1048089,6
1047898,6
1161822,6
1057621,6
1279285,6
1194881,6
1051029,6
1287198,6
1271412,6
1273873,6
1234742,6
1113384,6
1208166,6
1116845,6
1301508,6
1196664,6
1309629,6
1166138,6
1002102,6
1268106,6
1277959,6
1138501,6
1008924,6
1262535,6
1083202,6
1189451,6
1301506,6
1103276,6
1035666,6
1001235,6
1038317,6
1288847,6
1222962,6
1269051,6
1247291,6
1277226,6
1109166,6
1060500,6
1071571,6
1065398,6
1119441,6
1145617,6
1032971,6
1116677,6
1226611,6
1122171,6
1217487,6
1126038,6
1053173,6
1129308,6
1323723,6
1199074,6
1244456,6
1190458,6
1151207,6
1220442,6
1121076,6
1278577,6
1184925,6
1091301,6
1258044,6
1252194,6
1211938,6
1036778,6
1012429,6
1185309,6
1131613,6
1080891,6
1053392,6
1148581,6
1032873,6
1139086,6
1235344,6
1076514,6
1242373,6
1278633,6
1318313,6
1203227,6
1083810,6
1224480,6
1006093,6
1215709,6
1082011,6
1250497,6
1015194,6
1147014,6
1026108,6
1287263,6
1191223,6
1197819,6
1178064,6
1164699,6
1191239,6
1068279,6
1270543,6
1077668,6
1122488,6
1013417,6
1281379,6
1124752,6
1053311,6
1061070,6
1011641,6
1105137,6
1057041,6
1231394,6
1251279,6
1197672,6
1209147,6
1051608,6
1312496,6
1084508,6
1240119,6
1275439,6
1248226,6
1167988,6
1017598,6
1319675,6
1247037,6
1050314,6
1217576,6
1065374,6
1235248,6
1217659,6
1125214,6
1207560,6
1241676,6
1286074,6
1084296,6
1229211,6
1040852,6
1183486,6
1062910,6
1007903,6
1098076,6
1236160,6
1151136,6
1228525,6
1291760,6
1244850,6
1249565,6
1029169,6
1166103,6
1278481,6
1297817,6
1292831,6
1291070,6
1119243,6
1157856,6
1181682,6
1053812,6
1189452,6
1258428,6
1093040,6
1149648,6
1160862,6
1035871,6
1093998,6
1303959,6
1262542,6
1078594,6
1254809,6
1141605,6
1233786,6
1121349,6
1085750,6
1306910,6
1017768,6
1241652,6
1079296,6
1004535,6
1202480,6
1081534,6
1115601,6
1173911,6
1110611,6
1216020,6
1165311,6
1298413,6
1179043,6
1035191,6
1309491,6
1240422,6
1115592,6
1323678,6
1117447,6
1247775,6
1128563,6
1066107,6
1166343,6
1174833,6
1273614,6
1079535,6
1181848,6
1296492,6
1290423,6
1289233,6
1324883,6
1278353,6
1072847,6
1257446,6
1206677,6
1269280,6
1222234,6
1274868,6
1077189,6
1011381,6
1161367,6
1124681,6
1169184,6
1002009,6
1034840,6
1294635,6
1282090,6
1041022,6
1314333,6
1044220,6
1178727,6
1165342,6
1002410,6
1160953,6
1129597,6
1255578,6
1186850,6
1251607,6
1159817,6
1261972,6
1215851,6
1300562,6
1316061,6
1308337,6
1084206,6
1030792,6
1161600,6
1025673,6
1251995,6
1012720,6
1180766,6
1279313,6
1098179,6
1252761,6
1266301,6
1282880,6
1240025,6
1165066,6
1074567,6
1048289,6
1097166,6
1054326,6
1248348,6
1229759,6
1076427,6
1321566,6
1055373,6
1056158,6
1274438,6
1105084,6
1048308,6
1229216,6
1228068,6
1185621,6
1128532,6
1095383,6
1163625,6
1034267,6
1040364,6
1167055,6
1042695,6
1077500,6
1284114,6
1137482,6
1023028,6
1162337,6
1275394,6
1019837,6
1062122,6
1134818,6
1171279,6
1140681,6
1294056,6
1106830,6
1133822,6
1083830,6
1225446,6
1226305,6
1295441,6
1274878,6
1128713,6
1172336,6
1272618,6
1187386,6
1152609,6
1091521,6
1119114,6
1238670,6
1171414,6
1071971,6
1296398,6
1107223,6
1288943,6
1081184,6
1043638,6
1263716,6
1121800,6
1108871,6
1040089,6
1126166,6
1149753,6
1086690,6
1154827,6
1164286,6
1044754,6
1126712,6
1191961,6
1008019,6
1221676,6
1243915,6
1078933,6
1272332,6
1015082,6
1039114,6
1037915,6
1321867,6
1141313,6
1067909,6
1114927,6
1226018,6
1209507,6
1324095,6
1227473,6
1131160,6
1287015,6
1124395,6
1011122,6
1257607,6
1309258,6
1158451,6
1222771,6
1064441,6
1229944,6
1305380,6
1209032,6
1302988,6
1133402,6
1106998,6
1070106,6
1068268,6
1072940,6
1225028,6
1265167,6
1228660,6
1184466,6
1159075,6
1219647,6
1082604,6
1092229,6
1245993,6
1158856,6
1105949,6
1203776,6
1236043,6
1230654,6
1268029,6
1058982,6
1038794,6
1216982,6
1290470,6
1114540,6
1024769,6
1234345,6
1249135,6
1097797,6
1219986,6
1167026,6
1221072,6
1005768,6
1152201,6
1292131,6
1175644,6
1030216,6
1272406,6
1264772,6
1107048,6
1267922,6
1152108,6
1045584,6
1232120,6
1242603,6
1304474,6
1234110,6
1002694,6
1010291,6
1238630,6
1243709,6
1193055,6
1266027,6
1065242,6
1151357,6
1015848,6
1258810,6
1169885,6
1097636,6
1148418,6
1192716,6
1005366,6
1176998,6
1269436,6
1101327,6
1154657,6
1066333,6
1315027,6
1118159,6
1041818,6
1027795,6
1293910,6
1149248,6
1261294,6
1039182,6
1191072,6
1231069,6
1139601,6
1088891,6
1282536,6
1284774,6
1076178,6
1290919,6
1041120,6
1053026,6
1056517,6
1318270,6
1038685,6
1040302,6
1169662,6
1316018,6
1002581,6
1185879,6
1288618,6
1035910,6
1019169,6
1086353,6
1308351,6
1016293,6
1045280,6
1156608,6
1216328,6
1002467,6
1110805,6
1073382,6
1112036,6
1100250,6
1160619,6
1161799,6
1069623,6
1040536,6
1091422,6
1180596,6
1102747,6
1294283,6
1281466,6
1109655,6
1273838,6
1022971,6
1165327,6
1121274,6
1028418,6
1264006,6
1197452,6
1235609,6
1250480,6
1047677,6
1119922,6
1261274,6
1117707,6
1284192,6
1252537,6
1276746,6
1069107,6
1232730,6
1029996,6
1178441,6
1102189,6
1177120,6
1119143,6
1233528,6
1318089,6
1106956,6
1076308,6
1258561,6
1065156,6
1017400,6
1277559,6
1303539,6
1172071,6
1316155,6
1255875,6
1299338,6
1218794,6
1052758,6
1062965,6
1163081,6
1082848,6
1246487,6
1104004,6
1292838,6
1285583,6
1279883,6
1190393,6
1047356,6
1252616,6
1317859,6
1323751,6
1271592,6
1186151,6
1153272,6
1017078,6
1230478,6
1232331,6
1137580,6
1240802,6
1301795,6
1118791,6
1224435,6
1292805,6
1306762,6
1242547,6
1124742,6
1215765,6
1267414,6
1283372,6
1220428,6
1064098,6
1056155,6
1307569,6
1031657,6
1288055,6
1089092,6
1070658,6
1061937,6
1022751,6
1272779,6
1082263,6
1228698,6
1323297,6
1205998,6
1074965,6
1310945,6
1263866,6
1196192,6
1053502,6
1051232,6
1284820,6
1182273,6
1288728,6
1184847,6
1060848,6
1021357,6
1141391,6
1242879,6
1225384,6
1246796,6
1161458,6
1123987,6
1020706,6
1034436,6
1304197,6
1167549,6
1057167,6
1259332,6
1080432,6
1009466,6
1286290,6
1262588,6
1224525,6
1026044,6
1047472,6
1100798,6
1153380,6
1185722,6
1094974,6
1148337,6
1073621,6
1320024,6
1085527,6
1089717,6
1212250,6
1281701,6
1260350,6
1130919,6
1031471,6
1119536,6
1101321,6
1266343,6
1101915,6
1141116,6
1161854,6
1105293,6
1134446,6
1061411,6
1315915,6
1190515,6
1052736,6
1308664,6
1127182,6
1303438,6
1037461,6
1114684,6
1274637,6
1199930,6
1005037,6
1198331,6
1267659,6
1236005,6
1117979,6
1104528,6
1202667,6
1090670,6
1297368,6
1044986,6
1072588,6
1049108,6
1210390,6
1036162,6
1062748,6
1205757,6
1012179,6
1003186,6
1222298,6
1322979,6
1185813,6
1229253,6
1141614,6
1266698,6
1280539,6
1290528,6
1189886,6
1055437,6
1217140,6
1191893,6
1249390,6
1078704,6
1216139,6
1171297,6
1234107,6
1126344,6
1067102,6
1323710,6
1167143,6
1058484,6
1248826,6
1102932,6
1200591,6
1062476,6
1252825,6
1308794,6
1222122,6
1009588,6
1061634,6
1210417,6
1164069,6
1046401,6
1204006,6
1111070,6
1033620,6
1014969,6
1311351,6
1121904,6
1239011,6
1315144,6
1236996,6
1102074,6
1175688,6
1034115,6
1138122,6
1160708,6
1200045,6
1159679,6
1025403,6
1084699,6
1140771,6
1013528,6
1320077,6
1106035,6
1120131,6
1240692,6
1070342,6
1172562,6
1185830,6
1146433,6
1287324,6
1083352,6
1083928,6
1000338,6
1299848,6
1126691,6
1073334,6
1033818,6
1235457,6
1080707,6
1245023,6
1010227,6
1084241,6
1138490,6
1029010,6
1253751,6
1310966,6
1118784,6
1112285,6
1082914,6
1172086,6
1071124,6
1270452,6
1029495,6
1016412,6
1129397,6
1325201,6
1158537,6
1113466,6
1269587,6
1064360,6
1151930,6
1146246,6
1242599,6
1185947,6
1094566,6
1184569,6
1255580,6
1045828,6
1196289,6
1321898,6
1054219,6
1122423,6
1294761,6
1136345,6
1169526,6
1103135,6
1056640,6
1212713,6
1128062,6
1286133,6
1026230,6
1142882,6
1150176,6
1205685,6
1063091,6
1230556,6
1046225,6
1143947,6
1239670,6
1105825,6
1289948,6
1073543,6
1006270,6
1294194,6
1108548,6
1218430,6
1080922,6
1052253,6
1085899,6
1016814,6
1161158,6
1198508,6
1190352,6
1160255,6
1275539,6
1006570,6
1021932,6
1010853,6
1292487,6
1045821,6
1015918,6
1116593,6
1278372,6
1180872,6
1087540,6
1020569,6
1182341,6
1043966,6
1054271,6
1239458,6
1085013,6
1112760,6
1270531,6
1220294,6
1185466,6
1115480,6
1065504,6
1176500,6
1021515,6
1319555,6
1206633,6
1244745,6
1322699,6
1292792,6
1314361,6
1232146,6
1162736,6
1178522,6
1043613,6
1240636,6
1278816,6
1127169,6
1320430,6
1042411,6
1250891,6
1017029,6
1255096,6
1269259,6
1006820,6
1284747,6
1067561,6
1254376,6
1265132,6
1229537,6
1204398,6
1253806,6
1252614,6
1275016,6
1130591,6
1249600,6
1291367,6
1214453,6
1117824,6
1046988,6
1063739,6
1302011,6
1179907,6
1069929,6
1101031,6
1127044,6
1087762,6
1303459,6
1164913,6
1041894,6
1112374,6
1156102,6
1104050,6
1282511,6
1248018,6
1166460,6
1046755,6
1127375,6
1059456,6
1317564,6
1227524,6
1236562,6
1179300,6
1316323,6
1002946,6
1288593,6
1101357,6
1269135,6
1057597,6
1044607,6
1115149,6
1064193,6
1305555,6
1303588,6
1262224,6
1294343,6
1106523,6
1108404,6
1288999,6
1174906,6
1144566,6
1071431,6
1019865,6
1029372,6
1281485,6
1298500,6
1282406,6
1204930,6
1209052,6
1048662,6
1194823,6
1129989,6
1142538,6
1113474,6
1269666,6
1091463,6
1193621,6
1151621,6
1095587,6
1297197,6
1162965,6
1057370,6
1128759,6
1258879,6
1046677,6
1155610,6
1136714,6
1013686,6
1111574,6
1179369,6
1032633,6
1221924,6
1201778,6
1184945,6
1030058,6
1267547,6
1282556,6
1040626,6
1168472,6
1255589,6
1064005,6
1209777,6
1018438,6
1146627,6
1038943,6
1160872,6
1070824,6
1206629,6
1103787,6
1094240,6
1162120,6
1119203,6
1194632,6
1268190,6
1061438,6
1174333,6
1152591,6
1216463,6
1129655,6
1261010,6
1214531,6
1110414,6
1004204,6
1230722,6
1210508,6
1286695,6
1222663,6
1095517,6
1313584,6
1284836,6
1147329,6
1101021,6
1144801,6
1144694,6
1128238,6
1290535,6
1228657,6
1208734,6
1236463,6
1222981,6
1311946,6
1252577,6
1182742,6
1091800,6
1105519,6
1177076,6
1072475,6
1036157,6
1202633,6
1173259,6
1062920,6
1269725,6
1283844,6
1096404,6
1060766,6
1134123,6
1081422,6
1213969,6
1282898,6
1310821,6
1051648,6
1294444,6
1023998,6
1183643,6
1286450,6
1184570,6
1046127,6
1255480,6
1116957,6
1146524,6
1282922,6
1313690,6
1314760,6
1012583,6
1037288,6
1209273,6
1113241,6
1014031,6
1227113,6
1125338,6
1182210,6
1087178,6
1115393,6
1224691,6
1003492,6
1031251,6
1056178,6
1165049,6
1025206,6
1241003,6
1302524,6
1027909,6
1000721,6
1033900,6
1285248,6
1092759,6
1267984,6
1112458,6
1271806,6
1114573,6
1322865,6
1293207,6
1297274,6
1294497,6
1295939,6
1146738,6
1118361,6
1227625,6
1131829,6
1244984,6
1259778,6
1199237,6
1004763,6
1086455,6
1034944,6
1307627,6
1249370,6
1076042,6
1028386,6
1089937,6
1119406,6
1235594,6
1025821,6
1114837,6
1229445,6
1280679,6
1271086,6
1082933,6
1026149,6
1096354,6
1004537,6
1075443,6
1095620,6
1097449,6
1096995,6
1056823,6
1253061,6
1300356,6
1020351,6
1070424,6
1010013,6
1009673,6
1072949,6
1036951,6
1254760,6
1239537,6
1162117,6
1204059,6
1194439,6
1291212,6
1081065,6
1112884,6
1232740,6
1015430,6
1164136,6
1151900,6
1057828,6
1117584,6
1273108,6
1081220,6
1083934,6
1304971,6
1217997,6
1037093,6
1197982,6
1085207,6
1046507,6
1086281,6
1147870,6
1125386,6
1175213,6
1086153,6
1084706,6
1192392,6
1147861,6
1292692,6
1091722,6
1016096,6
1256351,6
1020828,6
1016288,6
1127136,6
1272501,6
1159850,6
1070943,6
1033562,6
1000130,6
1111352,6
1235098,6
1113608,6
1271092,6
1224512,6
1110157,6
1296746,6
1070679,6
1318837,6
1046629,6
1182618,6
1282599,6
1262616,6
1135873,6
1108831,6
1244633,6
1158332,6
1078390,6
1100870,6
1116293,6
1317974,6
1074083,6
1129930,6
1145227,6
1203241,6
1134293,6
1280313,6
1202038,6
1089024,6
1309748,6
1114998,6
1274318,6
1092860,6
1029509,6
1252290,6
1268584,6
1318940,6
1146488,6
1254640,6
1196669,6
1176868,6
1302866,6
1166887,6
1133811,6
1157919,6
1126609,6
1236596,6
1281175,6
1007395,6
1054427,6
1224954,6
1172054,6
1219529,6
1085349,6
1164996,6
1199056,6
1289946,6
1120292,6
1144674,6
1212527,6
1066698,6
1222877,6
1228924,6
1090906,6
1109843,6
1048633,6
1253619,6
1162137,6
1278416,6
1051552,6
1201237,6
1311970,6
1247913,6
1172857,6
1304046,6
1276667,6
1144343,6
1001571,6
1089549,6
1091780,6
1035224,6
1032359,6
1251024,6
1083609,6
1315311,6
1210173,6
1000225,6
1001126,6
1235889,6
1078458,6
1298598,6
1305923,6
1123111,6
1035261,6
1259814,6
1238053,6
1129676,6
1182424,6
1323089,6
1170881,6
1162958,6
1276699,6
1063287,6
1204047,6
1164437,6
1258439,6
1175585,6
1030086,6
1089306,6
1038235,6
1242266,6
1139233,6
1110582,6
1205859,6
1243131,6
1053525,6
1302485,6
1049663,6
1011067,6
1208694,6
1214633,6
1162790,6
1152933,6
1234724,6
1251312,6
1313128,6
1041868,6
1203218,6
1103183,6
1296788,6
1162366,6
1247977,6
1203647,6
1088686,6
1170181,6
1267468,6
1031656,6
1267177,6
1295779,6
1121267,6
1142316,6
1101840,6
1312731,6
1200030,6
1275120,6
1163420,6
1097781,6
1117054,6
1099163,6
1297452,6
1057058,6
1099816,6
1200497,6
1020924,6
1249607,6
1323773,6
1173429,6
1146942,6
1032267,6
1069953,6
1017846,6
1274002,6
1062873,6
1091132,6
1242258,6
1239356,6
1130081,6
1286420,6
1040792,6
1168992,6
1280820,6
1265169,6
1275242,6
1248107,6
1178136,6
1198564,6
1296879,6
1183251,6
1270401,6
1021111,6
1116991,6
1024471,6
1101919,6
1278442,6
1143612,6
1030625,6
1221827,6
1044168,6
1103664,6
1102793,6
1068183,6
1069545,6
1124930,6
1058161,6
1027604,6
1092361,6
1324212,6
1273619,6
1317970,6
1098802,6
1293791,6
1166020,6
1031520,6
1187581,6
1272440,6
1169544,6
1125740,6
1091127,6
1206349,6
1182518,6
1069245,6
1084700,6
1321343,6
1224247,6
1004523,6
1112921,6
1139452,6
1016046,6
1078995,6
1169143,6
1113284,6
1036637,6
1038470,6
1162656,6
1247715,6
1251537,6
1064669,6
1090381,6
1309035,6
1286289,6
1005822,6
1296362,6
1111850,6
1048786,6
1298415,6
1197387,6
1111484,6
1071730,6
1040573,6
1315146,6
1074887,6
1297978,6
1289690,6
1181440,6
1031689,6
1026415,6
1160246,6
1095441,6
1049644,6
1197902,6
1250239,6
1114054,6
1100008,6
1248123,6
1310468,6
1080169,6
1118382,6
1080283,6
1093669,6
1129812,6
1195984,6
1069204,6
1292192,6
1200621,6
1082118,6
1215337,6
1287413,6
1010928,6
1050564,6
1185033,6
1030795,6
1080174,6
1232823,6
1033791,6
1129290,6
1229161,6
1300951,6
1110609,6
1168735,6
1139396,6
1093489,6
1262427,6
1237402,6
1170587,6
1184899,6
1252876,6
1087929,6
1251237,6
1315766,6
1300813,6
1263771,6
1266346,6
1225126,6
1097264,6
1035141,6
1159874,6
1066457,6
1131732,6
1093713,6
1103355,6
1080201,6
1309004,6
1077816,6
1255711,6
1302689,6
1257170,6
1128453,6
1085914,6
1273174,6
1099488,6
1221137,6
1135771,6
1115155,6
1061854,6
1108177,6
1073434,6
1106515,6
1008254,6
1285239,6
1047963,6
1063393,6
1270217,6
1298700,6
1276088,6
1130250,6
1289542,6
1050861,6
1064338,6
1323741,6
1093314,6
1170052,6
1120137,6
1084008,6
1065447,6
1057738,6
1021944,6
1167766,6
1096377,6
1022548,6
1176261,6
1251513,6
1189388,6
1252523,6
1325823,6
1312692,6
1253479,6
1121648,6
1094325,6
1104249,6
1015517,6
1267349,6
1064978,6
1265513,6
1081527,6
1106537,6
1187475,6
1130534,6
1262382,6
1267848,6
1211810,6
1047919,6
1122148,6
1044957,6
1305078,6
1253128,6
1193408,6
1019824,6
1118843,6
1098772,6
1053823,6
1081156,6
1166803,6
1253019,6
1261699,6
1134968,6
1067965,6
1233001,6
1037137,6
1143167,6
1243334,6
1143164,6
1236804,6
1044088,6
1204404,6
1100867,6
1119332,6
1102800,6
1082743,6
1038102,6
1019082,6
1136237,6
1074386,6
1135201,6
1117738,6
1165084,6
1254316,6
1309474,6
1008089,6
1183263,6
1027233,6
1240417,6
1230819,6
1179115,6
1040886,6
1020537,6
1142568,6
1038486,6
1021704,6
1246155,6
1258612,6
1035784,6
1243817,6
1184556,6
1216803,6
1245390,6
1293008,6
1260331,6
1165243,6
1148934,6
1151970,6
1293448,6
1025615,6
1210663,6
1081490,6
1151625,6
1270471,6
1079573,6
1280355,6
1303924,6
1183319,6
1175135,6
1031591,6
1032864,6
1234921,6
1216636,6
1069457,6
1153218,6
1155023,6
1261966,6
1055098,6
1242691,6
1171249,6
1096611,6
1311347,6
1057434,6
1053360,6
1311958,6
1206264,6
1195049,6
1170408,6
1246005,6
1075542,6
1198098,6
1136110,6
1207793,6
1086586,6
1218060,6
1315346,6
1123315,6
1015978,6
1008590,6
1289730,6
1222341,6
1263215,6
1149110,6
1233039,6
1206600,6
1185618,6
1090977,6
1098511,6
1169907,6
1025984,6
1142977,6
1050713,6
1004439,6
1190672,6
1157407,6
1247765,6
1027625,6
1018017,6
1137038,6
1321468,6
1086967,6
1198889,6
1193034,6
1076979,6
1191627,6
1149974,6
1130513,6
1034720,6
1248347,6
1226138,6
1052762,6
1154202,6
1241685,6
1175484,6
1072952,6
1165633,6
1186892,6
1293601,6
1084797,6
1157575,6
1280546,6
1000422,6
1021606,6
1222170,6
1115730,6
1247821,6
1049882,6
1045506,6
1045809,6
1217722,6
1115561,6
1323046,6
1065761,6
1205802,6
1221145,6
1222315,6
1301452,6
1135589,6
1118090,6
1052586,6
1317360,6
1158551,6
1188791,6
1084245,6
1157033,6
1024912,6
1176544,6
1078507,6
1304622,6
1172612,6
1030438,6
1187106,6
1070176,6
1013030,6
1018796,6
1212977,6
1224879,6
1301593,6
1024513,6
1306063,6
1147536,6
1141406,6
1291382,6
1196019,6
1129784,6
1318245,6
1100044,6
1169729,6
1262785,6
1201874,6
1271621,6
1031745,6
1046349,6
1127167,6
1281458,6
1097955,6
1101624,6
1266059,6
1105992,6
1245940,6
1235999,6
1237745,6
1182255,6
1239365,6
1102665,6
1029925,6
1097436,6
1135737,6
1060755,6
1075590,6
1244722,6
1050500,6
1120316,6
1092184,6
1208159,6
1197662,6
1122721,6
1295539,6
1223504,6
1288347,6
1290307,6
1049193,6
1120602,6
1233397,6
1026201,6
1019962,6
1084951,6
1247382,6
1026638,6
1096086,6
1102584,6
1012975,6
1201125,6
1270243,6
1301105,6
1271414,6
1324265,6
1000596,6
1155634,6
1176839,6
1053536,6
1083289,6
1020872,6
1272111,6
1055558,6
1061948,6
1188272,6
1187670,6
1260512,6
1226801,6
1228979,6
1262553,6
1023491,6
1150556,6
1000554,6
1229119,6
1074367,6
1096552,6
1088927,6
1298037,6
1237681,6
1137966,6
1075669,6
1083843,6
1213111,6
1070770,6
1008867,6
1029384,6
1322219,6
1033462,6
1158598,6
1302521,6
1009598,6
1064934,6
1124242,6
1013147,6
1073600,6
1182790,6
1174636,6
1032305,6
1073664,6
1262265,6
1051080,6
1320089,6
1121272,6
1029170,6
1028484,6
1209384,6
1018918,6
1187734,6
1288968,6
1277934,6
1199991,6
1090401,6
1293663,6
1060714,6
1258523,6
1261244,6
1227253,6
1182490,6
1252442,6
1128756,6
1299618,6
1102405,6
1269165,6
1199517,6
1321103,6
1035126,6
1132778,6
1033194,6
1311236,6
1208507,6
1024851,6
1300518,6
1007846,6
1013148,6
1136912,6
1082416,6
1200317,6
1171300,6
1042424,6
1322691,6
1046295,6
1259554,6
1298943,6
1325733,6
1214198,6
1184250,6
1081145,6
1193967,6
1199813,6
1235537,6
1181437,6
1077297,6
1313228,6
1299216,6
1042910,6
1281086,6
1152602,6
1029155,6
1164735,6
1067332,6
1023708,6
1174239,6
1156091,6
1202159,6
1280525,6
1087421,6
1160552,6
1116658,6
1048863,6
1151712,6
1094565,6
1077504,6
1126462,6
1169203,6
1159708,6
1148318,6
1140142,6
1097102,6
1235475,6
1099937,6
1277389,6
1181978,6
1224818,6
1294395,6
1158698,6
1198168,6
1164085,6
1133140,6
1209017,6
1053762,6
1220826,6
1074721,6
1308156,6
1174331,6
1066788,6
1100573,6
1152843,6
1169553,6
1174947,6
1317922,6
1236041,6
1002770,6
1067320,6
1312855,6
1191618,6
1029861,6
1256109,6
1057712,6
1044910,6
1122834,6
1081265,6
1227746,6
1079987,6
1187535,6
1096578,6
1170430,6
1159493,6
1211865,6
1105419,6
1174112,6
1109793,6
1006766,6
1085594,6
1298893,6
1162163,6
1208477,6
1129674,6
1204264,6
1096201,6
1025300,6
1202207,6
1280271,6
1256203,6
1111159,6
1021638,6
1312687,6
1059539,6
1197872,6
1229205,6
1049246,6
1194036,6
1171268,6
1270049,6
1307037,6
1274730,6
1094700,6
1325467,6
1192360,6
1171486,6
1111572,6
1200585,6
1207852,6
1315919,6
1198335,6
1162429,6
1172413,6
1143778,6
1065648,6
1232025,6
1039158,6
1257822,6
1162271,6
1009191,6
1321628,6
1260182,6
1253726,6
1260150,6
1288070,6
1252959,6
1079636,6
1101033,6
1131055,6
1236865,6
1228786,6
1090790,6
1110043,6
1281945,6
1226227,6
1149794,6
1068166,6
1092052,6
1164347,6
1261758,6
1178871,6
1277073,6
1244932,6
1051893,6
1041464,6
1158093,6
1098618,6
1157808,6
1191133,6
1064144,6
1107203,6
1006729,6
1226648,6
1157663,6
1180892,6
1002719,6
1310682,6
1251770,6
1112205,6
1155350,6
1239018,6
1143813,6
1192620,6
1024510,6
1219549,6
1235734,6
1138691,6
1218898,6
1312862,6
1201127,6
1266744,6
1169319,6
1188836,6
1089358,6
1039015,6
1049213,6
1038902,6
1141191,6
1091230,6
1065455,6
1280299,6
1087080,6
1156343,6
1201439,6
1258071,6
1208837,6
1036572,6
1062210,6
1012978,6
1105199,6
1054278,6
1089456,6
1033285,6
1158437,6
1197245,6
1303808,6
1120998,6
1024562,6
1028460,6
1139672,6
1171531,6
1047337,6
1009862,6
1270777,6
1143032,6
1268093,6
1286900,6
1186575,6
1263070,6
1088581,6
1248339,6
1076744,6
1054216,6
1132585,6
1074944,6
1306745,6
1006252,6
1284794,6
1179902,6
1063094,6
1191433,6
1162513,6
1304807,6
1185170,6
1061133,6
1119148,6
1270587,6
1099959,6
1013886,6
1105268,6
1209759,6
1245642,6
1120294,6
1190868,6
1080670,6
1195122,6
1221543,6
1009381,6
1243891,6
1060188,6
1136541,6
1087425,6
1325350,6
1133355,6
1094259,6
1057471,6
1017961,6
1224553,6
1089319,6
1060024,6
1274436,6
1293653,6
1321083,6
1120049,6
1260626,6
1154984,6
1203148,6
1034624,6
1271099,6
1052771,6
1138745,6
1238911,6
1219579,6
1007722,6
1046935,6
1010949,6
1092315,6
1101109,6
1313783,6
1042050,6
1090592,6
1213580,6
1215059,6
1287436,6
1277087,6
1215535,6
1039043,6
1232877,6
1009063,6
1074530,6
1219585,6
1139327,6
1312763,6
1206911,6
1275644,6
1047123,6
1238139,6
1156225,6
1016377,6
1101504,6
1213118,6
1032838,6
1321832,6
1218518,6
1035177,6
1145758,6
1062215,6
1026369,6
1240478,6
1316552,6
1107006,6
1316112,6
1307945,6
1285112,6
1015143,6
1093501,6
1027280,6
1139181,6
1017901,6
1120496,6
1155569,6
1091246,6
1268846,6
1147448,6
1168973,6
1072492,6
1134543,6
1080916,6
1083955,6
1142289,6
1039739,6
1023501,6
1173046,6
1198313,6
1127448,6
1062301,6
1167068,6
1311592,6
1159394,6
1228560,6
1318556,6
1253071,6
1027212,6
1290003,6
1169775,6
1156810,6
1129143,6
1309288,6
1179894,6
1205233,6
1103620,6
1171080,6
1292410,6
1241319,6
1018029,6
1194672,6
1198216,6
1074496,6
1086048,6
1284063,6
1008869,6
1135835,6
1088725,6
1004469,6
1317168,6
1133094,6
1242037,6
1053983,6
1071554,6
1320287,6
1169995,6
1109689,6
1149980,6
1000780,6
1242178,6
1077466,6
1166868,6
1103080,6
1124590,6
1218322,6
1134030,6
1274851,6
1186141,6
1275920,6
1225228,6
1141200,6
1240283,6
1081688,6
1202653,6
1120777,6
1136265,6
1304799,6
1029661,6
1284884,6
1028579,6
1000015,6
1108079,6
1111956,6
1139066,6
1163913,6
1168346,6
1004979,6
1257344,6
1122234,6
1314888,6
1253776,6
1194562,6
1065891,6
1312902,6
1018654,6
1265662,6
1095574,6
1092175,6
1250209,6
1314558,6
1144407,6
1143973,6
1071729,6
1313927,6
1257642,6
1248061,6
1140942,6
1045220,6
1088375,6
1266151,6
1213758,6
1243374,6
1314472,6
1198311,6
1071696,6
1324017,6
1237516,6
1197367,6
1220000,6
1116812,6
1199663,6
1300893,6
1210402,6
1024785,6
1050076,6
1232315,6
1033729,6
1003470,6
1013308,6
1116418,6
1102396,6
1316807,6
1210997,6
1278172,6
1014163,6
1029958,6
1053252,6
1164527,6
1119526,6
1068560,6
1090339,6
1124229,6
1160896,6
1198073,6
1135208,6
1087832,6
1028229,6
1244734,6
1100310,6
1216541,6
1277162,6
1258003,6
1127535,6
1106380,6
1095030,6
1172512,6
1225307,6
1017399,6
1093816,6
1027173,6
1225094,6
1200833,6
1224200,6
1195313,6
1272097,6
1047235,6
1270352,6
1272702,6
1079553,6
1232926,6
1236937,6
1280948,6
1258338,6
1287174,6
1299944,6
1016458,6
1307135,6
1042951,6
1054363,6
1176625,6
1316194,6
1198277,6
1312558,6
1136867,6
1056359,6
1007654,6
1298694,6
1252309,6
1037416,6
1205258,6
1051667,6
1074827,6
1308946,6
1145304,6
1053666,6
1290967,6
1020585,6
1163444,6
1173256,6
1281915,6
1037051,6
1042256,6
1257226,6
1010286,6
1182630,6
1126921,6
1071070,6
1199642,6
1103405,6
1297133,6
1059862,6
1102109,6
1126810,6
1115757,6
1098171,6
1162245,6
1060214,6
1067145,6
1083979,6
1051574,6
1032083,6
1244288,6
1181771,6
1090194,6
1246424,6
1153598,6
1321475,6
1243730,6
1293990,6
1066384,6
1242370,6
1155456,6
1168816,6
1151518,6
1282984,6
1007895,6
1279867,6
1047152,6
1280976,6
1233227,6
1192362,6
1260176,6
1139068,6
1064980,6
1283702,6
1182593,6
1236421,6
1151549,6
1323640,6
1175478,6
1311368,6
1033269,6
1270860,6
1322774,6
1256562,6
1018116,6
1046882,6
1086530,6
1042625,6
1260164,6
1083704,6
1174790,6
1318060,6
1293413,6
1165757,6
1259253,6
1176644,6
1323004,6
1299488,6
1000815,6
1201954,6
1126768,6
1007246,6
1098267,6
1136285,6
1103456,6
1186031,6
1010641,6
1080938,6
1184777,6
1173487,6
1075331,6
1169960,6
1318085,6
1079189,6
1212173,6
1258497,6
1119553,6
1136253,6
1070498,6
1038699,6
1029414,6
1115096,6
1122775,6
1293282,6
1192043,6
1237381,6
1270208,6
1280523,6
1296710,6
1144533,6
1311904,6
1144903,6
1126787,6
1061673,6
1320753,6
1199670,6
1053540,6
1104892,6
1259041,6
1061967,6
1174268,6
1195347,6
1237644,6
1014142,6
1024625,6
1314183,6
1141198,6
1058849,6
1005288,6
1169144,6
1209828,6
1212137,6
1176874,6
1133236,6
1325393,6
1234275,6
1065767,6
1057849,6
1103993,6
1227657,6
1282545,6
1178306,6
1140738,6
1108789,6
1308395,6
1063833,6
1011017,6
1029451,6
1009169,6
1084544,6
1006667,6
1273677,6
1062264,6
1266249,6
1231060,6
1320514,6
1266402,6
1253553,6
1245896,6
1207686,6
1072820,6
1293492,6
1157015,6
1161613,6
1011955,6
1161680,6
1223648,6
1172595,6
1090532,6
1164773,6
1058967,6
1190083,6
1233451,6
1118947,6
1107915,6
1179708,6
1277984,6
1055529,6
1016872,6
1008893,6
1202538,6
1135883,6
1117382,6
1261156,6
1213859,6
1262029,6
1300459,6
1098140,6
1048088,6
1068865,6
1162480,6
1172508,6
1078619,6
1082260,6
1121245,6
1041826,6
1227411,6
1171260,6
1144356,6
1018879,6
1141097,6
1186295,6
1250884,6
1266176,6
1051570,6
1146771,6
1047776,6
1203297,6
1271913,6
1253483,6
1280495,6
1051213,6
1085265,6
1060595,6
1142960,6
1137891,6
1095802,6
1284620,6
1203166,6
1266166,6
1135310,6
1139019,6
1171894,6
1286302,6
1092012,6
1312372,6
1128426,6
1249339,6
1053493,6
1058119,6
1231045,6
1182164,6
1037420,6
1308845,6
1214348,6
1256962,6
1291992,6
1222871,6
1151244,6
1070012,6
1268901,6
1153983,6
1179719,6
1064285,6
1195431,6
1318369,6
1077898,6
1189113,6
1080189,6
1252750,6
1319696,6
1090705,6
1298533,6
1071358,6
1001222,6
1010644,6
1083772,6
1217550,6
1235088,6
1095050,6
1189744,6
1119772,6
1179538,6
1181577,6
1176870,6
1016427,6
1095086,6
1038108,6
1183253,6
1286196,6
1260811,6
1130146,6
1291163,6
1254978,6
1305093,6
1246800,6
1231012,6
1118606,6
1165741,6
1016361,6
1271758,6
1315960,6
1039711,6
1204709,6
1163710,6
1248104,6
1165537,6
1323128,6
1152006,6
1054111,6
1217839,6
1109660,6
1321114,6
1137353,6
1045697,6
1170675,6
1017968,6
1120071,6
1197507,6
1266493,6
1023703,6
1289020,6
1279455,6
1090447,6
1050424,6
1063055,6
1312024,6
1134266,6
1160434,6
1098668,6
1261632,6
1076994,6
1203844,6
1044821,6
1254966,6
1133204,6
1011895,6
1148942,6
1012077,6
1119937,6
1046595,6
1072536,6
1187110,6
1224029,6
1223633,6
1089363,6
1295829,6
1249749,6
1117626,6
1074128,6
1188802,6
1070111,6
1024073,6
1037193,6
1060745,6
1148919,6
1088586,6
1229981,6
1245607,6
1050705,6
1244355,6
1112601,6
1301098,6
1026956,6
1120217,6
1199107,6
1306134,6
1106676,6
1260266,6
1258502,6
1204927,6
1139664,6
1206243,6
1097071,6
1309106,6
1051561,6
1119570,6
1121122,6
1234593,6
1284983,6
1148067,6
1095999,6
1064263,6
1026203,6
1117418,6
1136024,6
1288219,6
1132652,6
1288870,6
1111498,6
1317686,6
1156319,6
1242493,6
1316195,6
1126047,6
1110159,6
1027399,6
1172453,6
1002938,6
1058702,6
1288535,6
1183799,6
1078086,6
1005110,6
1054856,6
1099837,6
1288771,6
1256916,6
1251090,6
1152473,6
1103633,6
1296827,6
1297058,6
1110531,6
1074901,6
1200967,6
1127278,6
1045385,6
1245857,6
1053300,6
1090123,6
1164503,6
1096059,6
1236368,6
1047993,6
1313555,6
1248520,6
1102798,6
1055262,6
1193068,6
1036130,6
1287634,6
1083943,6
1084643,6
1093478,6
1161480,6
1256914,6
1071825,6
1228577,6
1196926,6
1270674,6
1167020,6
1109448,6
1046141,6
1039698,6
1200327,6
1295728,6
1100511,6
1146884,6
1003336,6
1301971,6
1080473,6
1140072,6
1104165,6
1024306,6
1067326,6
1025918,6
1255514,6
1153487,6
1067073,6
1026746,6
1013291,6
1164819,6
1236290,6
1134634,6
1225840,6
1171579,6
1250804,6
1261894,6
1299802,6
1266437,6
1205099,6
1055082,6
1092046,6
1113595,6
1125737,6
1188948,6
1152204,6
1199239,6
1291268,6
1105884,6
1082953,6
1305886,6
1004817,6
1322380,6
1108720,6
1117653,6
1254108,6
1226910,6
1109458,6
1054401,6
1047178,6
1230417,6
1062636,6
1272793,6
1301115,6
1096258,6
1064185,6
1156951,6
1222504,6
1282194,6
1231863,6
1306927,6
1111554,6
1253596,6
1014550,6
1146143,6
1122934,6
1155724,6
1071340,6
1053258,6
1284466,6
1025849,6
1008566,6
1109000,6
1222608,6
1132736,6
1004207,6
1126231,6
1257756,6
1084689,6
1231659,6
1194997,6
1301395,6
1236877,6
1081325,6
1266843,6
1132373,6
1302943,6
1114300,6
1028946,6
1264288,6
1288435,6
1287973,6
1129545,6
1010454,6
1121619,6
1161652,6
1045248,6
1294172,6
1177783,6
1190062,6
1220486,6
1082654,6
1002782,6
1270470,6
1037921,6
1147062,6
1200735,6
1090900,6
1249331,6
1135545,6
1159354,6
1034804,6
1264152,6
1113029,6
1292816,6
1026704,6
1254252,6
1145390,6
1028068,6
1102862,6
1057869,6
1284386,6
1239873,6
1038343,6
1000662,6
1239426,6
1099021,6
1234281,6
1257432,6
1267292,6
1136697,6
1216751,6
1109961,6
1194890,6
1276569,6
1138149,6
1173890,6
1087326,6
1064440,6
1046008,6
1005448,6
1118743,6
1262786,6
1154082,6
1152490,6
1209280,6
1176833,6
1165954,6
1294241,6
1181449,6
1081305,6
1309118,6
1166414,6
1184561,6
1162319,6
1217638,6
1250168,6
1213232,6
1229834,6
1288890,6
1168518,6
1181969,6
1168809,6
1100634,6
1082285,6
1250413,6
1254353,6
1057234,6
1134018,6
1169862,6
1123943,6
1132042,6
1016294,6
1252845,6
1258640,6
1146954,6
1211883,6
1052732,6
1275399,6
1155315,6
1282768,6
1257770,6
1287842,6
1250082,6
1012775,6
1093315,6
1201927,6
1299233,6
1110651,6
1021391,6
1112361,6
1294218,6
1208275,6
1318370,6
1219801,6
1284844,6
1096305,6
1233942,6
1091302,6
1268497,6
1262085,6
1173538,6
1209927,6
1185499,6
1144709,6
1059782,6
1282813,6
1080990,6
1013547,6
1173761,6
1226561,6
1069917,6
1145467,6
1121142,6
1188746,6
1213857,6
1108805,6
1142562,6
1065472,6
1109525,6
1176739,6
1054936,6
1019013,6
1216440,6
1298748,6
1277061,6
1194023,6
1126596,6
1174903,6
1020492,6
1259334,6
1179325,6
1088439,6
1195848,6
1245537,6
1258149,6
1203371,6
1285537,6
1100486,6
1273238,6
1045168,6
1227212,6
1269785,6
1120109,6
1043599,6
1130348,6
1281629,6
1111124,6
1041721,6
1160482,6
1053868,6
1234224,6
1234618,6
1274874,6
1278005,6
1223157,6
1249934,6
1242821,6
1318876,6
1209356,6
1102036,6
1165591,6
1245953,6
1149490,6
1176539,6
1002866,6
1101687,6
1016815,6
1301082,6
1249855,6
1034407,6
1049315,6
1303501,6
1043048,6
1268994,6
1003980,6
1024239,6
1290258,6
1214148,6
1233212,6
1137590,6
1165113,6
1214706,6
1162335,6
1152625,6
1138904,6
1222831,6
1006082,6
1100653,6
1263083,6
1301221,6
1016837,6
1139851,6
1313270,6
1221801,6
1027762,6
1179888,6
1321970,6
1003556,6
1222175,6
1198956,6
1030674,6
1248700,6
1158512,6
1303240,6
1227166,6
1205189,6
1285917,6
1124345,6
1261985,6
1153083,6
1017612,6
1155656,6
1177990,6
1011842,6
1293931,6
1205552,6
1197647,6
1068628,6
1139304,6
1134808,6
1142955,6
1063398,6
1028341,6
1010946,6
1059306,6
1320705,6
1045060,6
1306985,6
1285695,6
1096902,6
1075167,6
1101569,6
1088417,6
1248283,6
1063378,6
1274135,6
1296219,6
1125463,6
1066945,6
1096357,6
1315833,6
1254790,6
1289851,6
1212764,6
1104372,6
1277420,6
1236739,6
1188333,6
1266156,6
1220861,6
1043683,6
1190546,6
1176913,6
1091321,6
1260407,6
1016100,6
1111804,6
1197998,6
1316775,6
1180920,6
1030361,6
1284354,6
1207205,6
1070024,6
1113780,6
1113877,6
1069284,6
1130121,6
1101639,6
1066808,6
1031873,6
1119126,6
1217104,6
1224784,6
1166998,6
1008968,6
1076375,6
1221773,6
1271763,6
1276890,6
1248057,6
1178794,6
1006635,6
1082349,6
1154895,6
1229960,6
1031535,6
1089195,6
1155257,6
1319174,6
1129366,6
1030501,6
1277243,6
1104179,6
1251483,6
1189689,6
1297964,6
1153035,6
1305423,6
1186598,6
1266094,6
1158417,6
1042148,6
1161092,6
1156389,6
1222505,6
1136716,6
1161727,6
1324967,6
1077640,6
1069007,6
1295873,6
1053339,6
1144627,6
1186511,6
1230125,6
1116590,6
1276943,6
1287468,6
1210277,6
1151276,6
1126491,6
1025553,6
1104564,6
1222360,6
1220931,6
1079491,6
1150506,6
1144644,6
1275180,6
1160636,6
1073232,6
1172290,6
1216029,6
1120925,6
1277672,6
1142284,6
1305219,6
1190649,6
1163218,6
1167327,6
1194154,6
1083913,6
1255133,6
1070737,6
1084421,6
1312476,6
1009187,6
1145696,6
1186462,6
1133455,6
1009003,6
1115436,6
1139510,6
1147999,6
1122812,6
1121405,6
1012627,6
1082359,6
1158265,6
1290758,6
1280514,6
1207112,6
1074922,6
1236671,6
1099192,6
1274631,6
1112235,6
1297811,6
1198656,6
1045377,6
1101845,6
1129652,6
1313636,6
1125556,6
1132594,6
1076591,6
1055084,6
1085355,6
1307610,6
1040474,6
1036285,6
1232450,6
1048761,6
1162064,6
1074763,6
1119554,6
1265345,6
1123145,6
1215485,6
1144087,6
1234174,6
1123490,6
1244970,6
1200477,6
1281178,6
1306954,6
1060539,6
1040787,6
1163569,6
1199152,6
1197491,6
1240064,6
1253230,6
1158207,6
1063965,6
1102952,6
1150362,6
1067597,6
1132560,6
1247748,6
1115019,6
1008594,6
1216873,6
1078903,6
1128766,6
1131641,6
1279354,6
1056738,6
1280649,6
1325237,6
1191719,6
1109156,6
1063196,6
1213318,6
1273866,6
1289043,6
1096803,6
1144078,6
1048254,6
1218755,6
1066236,6
1143322,6
1007380,6
1025581,6
1147042,6
1040076,6
1207738,6
1089366,6
1211434,6
1180058,6
1313941,6
1137293,6
1209306,6
1060450,6
1189821,6
1091257,6
1113738,6
1236884,6
1062666,6
1261642,6
1218277,6
1182193,6
1011983,6
1033246,6
1195597,6
1025440,6
1193390,6
1239290,6
1009398,6
1293672,6
1164230,6
1307131,6
1092566,6
1213213,6
1241529,6
1261728,6
1049809,6
1058585,6
1046565,6
1088025,6
1150416,6
1205890,6
1183554,6
1134411,6
1033760,6
1087885,6
1201008,6
1173435,6
1140395,6
1323677,6
1004787,6
1025268,6
1064920,6
1214013,6
1314377,6
1289575,6
1268608,6
1015337,6
1311548,6
1261540,6
1318907,6
1231938,6
1153994,6
1183016,6
1250170,6
1123256,6
1036946,6
1146038,6
1316842,6
1100968,6
1253173,6
1124410,6
1217034,6
1100671,6
1002607,6
1167546,6
1083021,6
1057581,6
1320791,6
1067291,6
1078601,6
1240773,6
1094622,6
1054204,6
1129472,6
1198876,6
1208351,6
1190681,6
1122125,6
1087038,6
1304076,6
1322628,6
1094046,6
1181335,6
1041980,6
1231823,6
1223055,6
1173400,6
1049044,6
1088502,6
1191964,6
1083094,6
1059581,6
1156742,6
1213092,6
1064067,6
1174850,6
1010264,6
1251340,6
1011340,6
1292194,6
1003109,6
1044625,6
1236187,6
1162816,6
1313679,6
1253609,6
1303975,6
1176326,6
1059821,6
1037389,6
1180406,6
1114279,6
1055539,6
1150900,6
1214810,6
1252602,6
1033942,6
1013940,6
1027581,6
1288538,6
1154102,6
1146034,6
1149678,6
1242202,6
1014194,6
1085966,6
1198117,6
1322061,6
1267002,6
1221406,6
1253038,6
1056072,6
1226317,6
1244925,6
1181784,6
1132391,6
1182571,6
1231594,6
1307539,6
1066729,6
1173669,6
1220506,6
1005838,6
1267112,6
1167364,6
1175705,6
1174264,6
1265295,6
1087695,6
1303027,6
1307378,6
1007912,6
1036662,6
1043678,6
1314235,6
1264068,6
1311771,6
1250428,6
1245229,6
1064798,6
1043542,6
1168290,6
1235746,6
1228441,6
1225752,6
1124927,6
1264065,6
1136833,6
1246009,6
1058253,6
1083317,6
1176872,6
1295404,6
1239559,6
1217429,6
1098776,6
1181428,6
1041983,6
1304731,6
1018225,6
1120304,6
1075988,6
1046181,6
1055291,6
1265451,6
1268807,6
1068515,6
1132160,6
1110191,6
1219626,6
1109195,6
1112211,6
1287346,6
1195195,6
1194144,6
1130228,6
1243888,6
1236426,6
1032688,6
1288937,6
1311330,6
1152543,6
1227865,6
1250924,6
1154333,6
1087522,6
1199511,6
1134220,6
1031498,6
1308748,6
1227926,6
1132448,6
1230457,6
1130880,6
1230524,6
1270542,6
1209918,6
1192296,6
1139834,6
1308631,6
1148563,6
1284023,6
1017271,6
1296904,6
1134606,6
1047762,6
1038676,6
1227186,6
1236689,6
1233905,6
1262463,6
1011604,6
1108345,6
1279583,6
1232140,6
1119529,6
1045428,6
1212479,6
1037760,6
1156617,6
1301143,6
1206666,6
1160033,6
1140440,6
1024601,6
1011338,6
1105980,6
1295695,6
1172603,6
1261805,6
1006771,6
1198082,6
1138040,6
1097978,6
1302668,6
1184510,6
1222586,6
1075413,6
1252846,6
1037502,6
1165860,6
1317562,6
1275630,6
1187505,6
1230718,6
1222793,6
1307477,6
1030994,6
1123797,6
1243504,6
1062093,6
1182765,6
1289699,6
1241014,6
1007151,6
1194491,6
1293605,6
1219330,6
1184137,6
1012844,6
1062515,6
1009554,6
1319191,6
1131908,6
1291264,6
1309104,6
1312433,6
1316961,6
1291579,6
1046199,6
1059778,6
1017266,6
1225533,6
1166871,6
1257162,6
1237997,6
1270833,6
1135680,6
1213172,6
1126141,6
1263000,6
1170969,6
1066250,6
1193263,6
1053504,6
1069146,6
1163748,6
1266034,6
1066871,6
1235916,6
1195359,6
1007522,6
1276546,6
1077490,6
1031097,6
1201627,6
1058427,6
1297210,6
1178987,6
1007803,6
1265076,6
1256219,6
1109255,6
1116586,6
1129460,6
1025642,6
1138705,6
1102830,6
1233606,6
1157702,6
1007989,6
1140008,6
1176018,6
1162500,6
1323589,6
1209944,6
1020946,6
1298983,6
1324921,6
1124757,6
1181918,6
1125365,6
1065692,6
1142519,6
1296196,6
1273283,6
1114703,6
1163615,6
1156241,6
1168206,6
1206372,6
1019459,6
1293749,6
1189007,6
1042763,6
1311250,6
1055049,6
1282024,6
1119254,6
1142648,6
1161582,6
1036988,6
1288998,6
1260897,6
1141074,6
1308730,6
1137697,6
1213097,6
1225962,6
1073192,6
1305820,6
1198535,6
1214203,6
1234677,6
1158541,6
1090346,6
1242443,6
1105546,6
1010871,6
1282237,6
1268419,6
1014940,6
1156010,6
1138045,6
1067106,6
1241217,6
1103305,6
1210534,6
1293239,6
1194081,6
1108277,6
1144168,6
1138399,6
1324676,6
1189462,6
1299104,6
1025912,6
1290058,6
1132624,6
1324215,6
1164775,6
1250898,6
1049617,6
1161401,6
1109079,6
1186491,6
1306191,6
1255354,6
1072789,6
1153578,6
1035932,6
1300671,6
1149307,6
1018021,6
1200908,6
1005513,6
1146252,6
1020915,6
1080842,6
1293912,6
1298708,6
1276947,6
1107260,6
1078494,6
1115763,6
1303850,6
1112907,6
1205024,6
1206171,6
1279450,6
1310078,6
1145360,6
1307264,6
1300236,6
1004576,6
1149290,6
1244383,6
1301669,6
1131517,6
1134361,6
1222457,6
1195626,6
1201593,6
1129968,6
1137269,6
1089429,6
1102324,6
1058480,6
1232672,6
1149186,6
1148060,6
1026862,6
1306657,6
1044658,6
1285461,6
1001981,6
1189555,6
1226051,6
1151852,6
1188488,6
1311984,6
1224994,6
1129310,6
1092522,6
1170076,6
1178788,6
1324937,6
1256681,6
1181091,6
1281383,6
1126035,6
1321173,6
1137788,6
1018460,6
1196600,6
1061870,6
1252004,6
1161384,6
1150423,6
1270547,6
1043565,6
1036448,6
1080267,6
1177699,6
1260082,6
1127902,6
1179233,6
1191260,6
1064618,6
1005506,6
1149255,6
1310262,6
1126727,6
1141302,6
1133253,6
1140723,6
1005346,6
1232401,6
1262348,6
1307734,6
1273917,6
1321853,6
1274952,6
1075838,6
1068461,6
1193358,6
1044016,6
1004772,6
1201936,6
1193014,6
1000333,6
1098722,6
1043536,6
1101066,6
1069651,6
1049220,6
1043159,6
1206499,6
1164029,6
1199075,6
1172003,6
1175944,6
1249323,6
1256160,6
1200208,6
1173894,6
1297376,6
1289207,6
1061335,6
1127686,6
1095771,6
1221002,6
1304647,6
1262888,6
1101340,6
1248675,6
1034102,6
1223739,6
1079215,6
1135848,6
1107860,6
1192398,6
1052032,6
1009944,6
1239331,6
1205170,6
1048639,6
1261420,6
1133835,6
1099022,6
1119048,6
1244250,6
1124462,6
1306895,6
1243521,6
1029408,6
1029816,6
1213866,6
1312911,6
1046330,6
1097950,6
1071677,6
1080833,6
1286771,6
1126958,6
1044636,6
1249293,6
1234084,6
1003308,6
1274848,6
1238541,6
1183904,6
1019440,6
1197950,6
1096340,6
1016943,6
1322483,6
1286281,6
1288305,6
1200356,6
1182895,6
1045798,6
1038697,6
1263316,6
1065240,6
1322350,6
1040120,6
1090614,6
1086167,6
1020884,6
1107684,6
1190185,6
1283175,6
1093335,6
1221562,6
1025609,6
1138963,6
1113926,6
1154403,6
1116825,6
1307762,6
1089237,6
1201208,6
1195637,6
1112345,6
1251578,6
1249409,6
1268560,6
1232708,6
1319656,6
1180569,6
1312146,6
1060854,6
1038273,6
1314741,6
1113583,6
1044606,6
1127371,6
1272775,6
1261482,6
1050716,6
1274987,6
1268581,6
1289166,6
1213328,6
1011512,6
1185374,6
1203515,6
1154349,6
1014878,6
1271773,6
1270643,6
1283373,6
1209955,6
1202607,6
1165160,6
1084541,6
1033177,6
1250647,6
1265748,6
1131931,6
1321593,6
1178864,6
1158701,6
1154547,6
1226610,6
1046490,6
1278501,6
1026405,6
1010110,6
1100718,6
1265130,6
1200290,6
1073030,6
1188131,6
1079593,6
1290457,6
1320935,6
1011227,6
1193116,6
1323052,6
1321773,6
1184854,6
1119615,6
1059755,6
1001766,6
1040133,6
1046759,6
1162033,6
1270739,6
1165372,6
1168619,6
1199817,6
1318792,6
1093109,6
1172954,6
1298116,6
1009280,6
1114347,6
1101714,6
1294155,6
1135441,6
1270212,6
1278737,6
1082015,6
1274580,6
1145744,6
1249682,6
1324938,6
1096910,6
1154713,6
1215240,6
1017682,6
1018766,6
1173932,6
1038040,6
1106844,6
1147809,6
1311066,6
1138766,6
1299118,6
1151268,6
1159987,6
1006391,6
1306584,6
1252149,6
1187006,6
1148906,6
1116905,6
1269098,6
1165182,6
1051704,6
1310779,6
1040871,6
1059193,6
1147687,6
1288566,6
1103471,6
1116079,6
1312473,6
1269895,6
1106171,6
1226362,6
1230846,6
1246370,6
1026375,6
1316054,6
1253936,6
1101245,6
1129029,6
1252159,6
1169070,6
1310683,6
1304815,6
1078193,6
1118017,6
1116249,6
1151107,6
1288781,6
1131129,6
1247136,6
1293216,6
1148846,6
1313999,6
1072989,6
1261527,6
1082505,6
1218752,6
1294765,6
1298222,6
1219363,6
1288273,6
1300193,6
1250656,6
1052107,6
1086576,6
1283241,6
1256542,6
1236271,6
1065360,6
1168225,6
1045515,6
1244669,6
1141143,6
1259815,6
1304312,6
1060025,6
1246662,6
1184436,6
1020554,6
1067200,6
1124621,6
1135998,6
1034464,6
1124222,6
1017622,6
1145569,6
1062023,6
1297147,6
1306559,6
1198095,6
1275521,6
1298933,6
1097899,6
1074552,6
1027827,6
1020613,6
1043052,6
1022664,6
1067027,6
1187314,6
1227678,6
1199365,6
1073309,6
1294114,6
1282367,6
1058002,6
1219992,6
1308867,6
1267967,6
1224408,6
1154784,6
1143657,6
1020864,6
1084366,6
1177884,6
1047169,6
1221140,6
1224973,6
1069181,6
1037018,6
1060166,6
1218502,6
1214692,6
1132614,6
1214713,6
1007007,6
1215261,6
1114016,6
1161491,6
1186126,6
1191242,6
1040912,6
1177703,6
1119160,6
1110208,6
1221669,6
1016953,6
1201184,6
1092289,6
1202637,6
1134209,6
1043291,6
1207454,6
1199584,6
1127056,6
1265512,6
1029179,6
1253565,6
1054573,6
1126644,6
1034402,6
1238121,6
1294373,6
1272383,6
1305411,6
1116105,6
1169160,6
1152905,6
1074886,6
1196495,6
1164160,6
1082242,6
1227798,6
1290647,6
1045035,6
1317230,6
1268519,6
1299995,6
1225239,6
1076361,6
1013650,6
1229904,6
1236599,6
1218527,6
1069933,6
1291012,6
1163818,6
1290010,6
1021478,6
1044342,6
1230692,6
1134496,6
1086212,6
1214112,6
1136301,6
1311121,6
1212629,6
1015799,6
1052332,6
1033006,6
1320234,6
1014094,6
1162964,6
1044802,6
1054009,6
1212370,6
1286894,6
1164129,6
1196700,6
1111775,6
1124299,6
1302992,6
1247406,6
1158748,6
1053432,6
1189163,6
1181860,6
1302640,6
1221661,6
1311217,6
1077003,6
1032610,6
1015555,6
1154554,6
1033168,6
1057922,6
1270932,6
1299976,6
1091869,6
1239612,6
1271102,6
1274991,6
1190711,6
1004819,6
1190645,6
1285849,6
1280580,6
1161940,6
1164148,6
1200901,6
1313918,6
1025052,6
1005410,6
1168446,6
1181277,6
1041913,6
1278536,6
1052471,6
1110644,6
1134600,6
1270081,6
1174484,6
1168069,6
1212238,6
1142969,6
1199351,6
1180465,6
1266309,6
1092704,6
1107218,6
1132519,6
1008456,6
1173886,6
1322688,6
1222914,6
1182078,6
1183902,6
1174137,6
1121355,6
1134217,6
1077132,6
1028801,6
1242079,6
1111099,6
1047397,6
1030676,6
1099648,6
1266983,6
1257097,6
1092364,6
1204738,6
1067474,6
1146411,6
1053827,6
1221689,6
1013770,6
1218967,6
1104185,6
1143782,6
1184225,6
1143076,6
1042322,6
1325036,6
1228140,6
1017644,6
1252726,6
1007656,6
1037733,6
1284873,6
1245205,6
1279153,6
1235265,6
1003138,6
1268441,6
1056941,6
1046125,6
1209897,6
1100335,6
1313230,6
1063344,6
1008358,6
1308459,6
1233361,6
1051589,6
1244286,6
1111741,6
1192270,6
1094840,6
1050563,6
1229334,6
1148529,6
1163458,6
1248797,6
1201356,6
1138822,6
1243132,6
1160007,6
1167723,6
1167150,6
1266618,6
1022160,6
1070078,6
1127865,6
1291618,6
1247302,6
1140223,6
1035330,6
1025551,6
1160052,6
1058776,6
1191228,6
1270273,6
1157197,6
1130677,6
1022115,6
1201994,6
1001737,6
1052669,6
1101266,6
1241728,6
1286164,6
1066836,6
1174117,6
1302255,6
1274926,6
1299986,6
1292155,6
1118831,6
1227023,6
1103249,6
1280052,6
1182139,6
1263001,6
1149459,6
1069157,6
1174152,6
1133082,6
1153183,6
1077843,6
1133906,6
1100035,6
1044812,6
1086308,6
1140910,6
1190969,6
1093965,6
1065542,6
1045109,6
1283915,6
1321316,6
1193701,6
1041247,6
1124749,6
1106295,6
1217178,6
1058091,6
1131666,6
1284253,6
1139306,6
1023236,6
1056566,6
1026786,6
1263663,6
1234501,6
1132822,6
1317606,6
1006662,6
1185153,6
1082670,6
1288173,6
1307388,6
1123363,6
1192951,6
1172473,6
1200883,6
1043216,6
1263192,6
1198740,6
1237685,6
1291824,6
1187188,6
1308518,6
1108731,6
1278872,6
1309028,6
1079376,6
1039841,6
1089148,6
1117332,6
1021537,6
1264578,6
1080611,6
1266734,6
1231772,6
1003564,6
1217210,6
1191453,6
1254450,6
1043708,6
1093424,6
1138233,6
1216183,6
1016275,6
1157032,6
1275053,6
1013561,6
1294069,6
1255248,6
1308678,6
1321246,6
1183566,6
1253028,6
1103517,6
1272561,6
1299267,6
1117700,6
1161143,6
1168960,6
1102184,6
1122505,6
1213317,6
1285034,6
1258976,6
1257955,6
1193491,6
1123920,6
1267960,6
1270174,6
1051330,6
1121164,6
1111757,6
1247673,6
1173753,6
1066365,6
1234398,6
1049864,6
1233403,6
1133302,6
1322201,6
1168328,6
1251388,6
1259606,6
1098781,6
1195641,6
1316159,6
1300788,6
1108225,6
1003171,6
1318899,6
1201546,6
1146073,6
1009310,6
1308117,6
1298824,6
1314633,6
1226808,6
1099876,6
1249706,6
1141763,6
1130476,6
1158192,6
1046590,6
1067716,6
1270853,6
1047628,6
1256917,6
1194256,6
1194170,6
1276020,6
1033823,6
1260075,6
1112512,6
1288186,6
1220928,6
1216832,6
1185869,6
1035408,6
1208114,6
1069128,6
1269765,6
1105946,6
1032236,6
1060428,6
1201882,6
1226979,6
1021424,6
1217989,6
1031446,6
1256871,6
1090640,6
1307860,6
1118529,6
1317160,6
1043423,6
1073586,6
1002773,6
1210006,6
1152016,6
1022339,6
1119093,6
1287632,6
1275535,6
1062000,6
1200886,6
1147804,6
1043344,6
1211161,6
1323366,6
1186951,6
1102083,6
1256602,6
1262146,6
1076700,6
1140599,6
1140505,6
1044962,6
1006255,6
1132711,6
1004996,6
1214304,6
1252652,6
1306112,6
1239999,6
1134788,6
1185077,6
1236851,6
1217006,6
1109638,6
1253208,6
1095624,6
1217581,6
1319977,6
1137911,6
1134134,6
1154492,6
1280395,6
1129520,6
1093566,6
1220979,6
1071726,6
1037452,6
1090225,6
1229427,6
1048827,6
1041884,6
1193020,6
1155553,6
1210879,6
1072862,6
1135841,6
1117784,6
1265771,6
1232010,6
1273881,6
1211673,6
1112206,6
1200997,6
1159362,6
1290730,6
1154301,6
1152518,6
1214880,6
1067887,6
1280584,6
1283269,6
1076855,6
1011710,6
1049862,6
1096953,6
1207824,6
1160749,6
1111788,6
1286305,6
1134935,6
1158606,6
1190884,6
1087623,6
1009910,6
1175472,6
1018338,6
1230005,6
1172331,6
1280406,6
1121117,6
1239134,6
1319634,6
1024804,6
1143821,6
1278071,6
1063750,6
1097725,6
1259157,6
1206992,6
1039635,6
1195018,6
1140713,6
1205636,6
1023121,6
1180337,6
1290134,6
1323430,6
1308608,6
1018363,6
1096873,6
1222891,6
1308836,6
1196218,6
1135027,6
1181966,6
1287665,6
1120628,6
1095007,6
1242555,6
1175946,6
1141065,6
1026237,6
1203193,6
1290390,6
1252582,6
1041108,6
1207446,6
1180353,6
1233809,6
1007677,6
1185612,6
1168529,6
1288467,6
1088814,6
1000517,6
1036670,6
1138295,6
1021192,6
1220270,6
1280732,6
1268825,6
1300835,6
1307521,6
1094440,6
1209613,6
1190583,6
1094571,6
1313575,6
1230783,6
1314246,6
1305456,6
1252896,6
1102904,6
1117448,6
1183541,6
1224407,6
1235449,6
1076311,6
1064968,6
1228869,6
1160207,6
1101088,6
1026113,6
1002339,6
1212662,6
1211247,6
1082533,6
1144329,6
1194849,6
1081648,6
1319899,6
1168120,6
1160156,6
1131821,6
1080036,6
1054716,6
1186263,6
1260388,6
1133693,6
1243128,6
1110743,6
1142735,6
1052695,6
1037245,6
1149445,6
1286933,6
1154624,6
1133550,6
1013174,6
1125658,6
1148357,6
1203730,6
1278734,6
1279074,6
1184638,6
1029578,6
1101690,6
1202246,6
1170772,6
1210808,6
1312969,6
1277896,6
1255044,6
1258122,6
1295450,6
1074132,6
1054595,6
1155830,6
1142176,6
1157502,6
1282187,6
1026742,6
1178024,6
1207913,6
1287282,6
1083027,6
1267100,6
1086950,6
1298197,6
1039929,6
1068656,6
1031043,6
1115231,6
1213026,6
1293195,6
1291967,6
1242687,6
1270361,6
1163131,6
1236124,6
1116002,6
1191819,6
1195298,6
1309797,6
1197091,6
1069533,6
1125273,6
1049359,6
1281438,6
1177625,6
1131832,6
1290784,6
1050504,6
1123716,6
1145334,6
1190051,6
1153672,6
1189305,6
1308469,6
1167505,6
1263879,6
1058053,6
1275332,6
1238324,6
1029107,6
1116475,6
1100683,6
1256082,6
1044069,6
1163494,6
1296558,6
1232962,6
1323518,6
1115265,6
1285494,6
1313728,6
1020941,6
1226994,6
1251748,6
1079971,6
1293093,6
1040511,6
1169908,6
1088248,6
1213435,6
1246745,6
1031842,6
1051454,6
1271176,6
1235667,6
1138962,6
1096994,6
1295339,6
1200863,6
1143769,6
1068795,6
1220671,6
1282221,6
1156687,6
1019429,6
1187634,6
1106225,6
1093046,6
1021690,6
1167482,6
1068640,6
1306585,6
1062033,6
1210870,6
1184810,6
1279951,6
1266380,6
1320458,6
1066611,6
1293988,6
1158906,6
1199656,6
1224082,6
1299411,6
1194855,6
1124520,6
1019014,6
1288509,6
1012139,6
1302716,6
1075467,6
1149159,6
1252832,6
1167039,6
1121595,6
1128400,6
1092880,6
1059425,6
1291128,6
1251293,6
1240109,6
1159046,6
1182952,6
1137568,6
1185019,6
1240879,6
1200312,6
1311459,6
1085933,6
1016869,6
1197077,6
1242285,6
1014420,6
1180587,6
1182046,6
1204031,6
1075925,6
1113293,6
1026480,6
1178353,6
1174473,6
1035978,6
1293591,6
1096145,6
1073864,6
1208014,6
1067430,6
1061297,6
1275575,6
1111122,6
1128640,6
1205260,6
1223706,6
1036272,6
1163667,6
1320574,6
1071499,6
1090687,6
1325633,6
1301052,6
1078540,6
1297576,6
1268724,6
1040378,6
1043130,6
1244895,6
1277818,6
1039687,6
1165610,6
1033632,6
1159467,6
1229967,6
1046818,6
1155608,6
1028690,6
1157992,6
1101298,6
1052185,6
1117214,6
1058617,6
1266828,6
1050486,6
1077391,6
1190232,6
1047978,6
1032975,6
1044494,6
1287893,6
1286878,6
1196606,6
1066188,6
1302953,6
1232245,6
1042881,6
1134917,6
1257137,6
1085106,6
1148160,6
1047644,6
1261948,6
1067118,6
1206453,6
1077098,6
1197287,6
1084452,6
1025777,6
1087069,6
1179363,6
1268423,6
1247233,6
1310681,6
1320890,6
1272078,6
1304581,6
1237165,6
1086584,6
1208650,6
1023802,6
1315336,6
1257238,6
1321919,6
1156293,6
1198280,6
1162345,6
1132272,6
1185114,6
1076868,6
1268208,6
1240711,6
1185578,6
1165893,6
1180703,6
1035436,6
1024596,6
1222978,6
1129558,6
1308200,6
1273576,6
1281382,6
1080866,6
1121593,6
1137244,6
1084772,6
1069746,6
1134789,6
1032782,6
1009829,6
1052028,6
1215000,6
1121330,6
1210919,6
1270625,6
1247984,6
1175143,6
1066063,6
1172120,6
1232418,6
1148972,6
1230452,6
1030301,6
1222081,6
1236973,6
1095226,6
1284674,6
1315631,6
1133060,6
1249129,6
1212407,6
1258494,6
1281952,6
1169802,6
1124424,6
1052280,6
1119993,6
1137671,6
1177964,6
1237268,6
1077948,6
1320680,6
1169498,6
1239385,6
1241674,6
1320555,6
1309669,6
1021013,6
1294080,6
1125029,6
1168027,6
1317914,6
1323294,6
1121014,6
1073844,6
1316586,6
1110879,6
1119641,6
1108162,6
1303651,6
1111230,6
1129425,6
1312138,6
1225916,6
1026150,6
1219945,6
1148050,6
1015717,6
1202402,6
1051352,6
1093856,6
1250531,6
1325466,6
1258856,6
1211647,6
1113410,6
1197619,6
1054659,6
1040202,6
1201270,6
1228463,6
1284975,6
1261387,6
1075799,6
1236629,6
1117538,6
1153293,6
1302707,6
1128167,6
1063229,6
1265665,6
1194851,6
1219987,6
1200896,6
1103293,6
1157147,6
1160828,6
1262784,6
1150128,6
1182690,6
1033357,6
1029375,6
1000494,6
1075018,6
1231523,6
1113052,6
1025757,6
1156635,6
1303047,6
1243288,6
1077949,6
1117240,6
1207894,6
1157906,6
1205160,6
1168256,6
1076799,6
1245298,6
1126208,6
1092550,6
1063096,6
1184266,6
1281808,6
1313804,6
1050447,6
1021159,6
1094673,6
1089569,6
1122847,6
1013963,6
1019073,6
1081839,6
1215844,6
1065873,6
1252540,6
1050081,6
1093693,6
1190334,6
1258610,6
1042190,6
1262008,6
1054195,6
1203491,6
1224678,6
1281104,6
1009304,6
1127830,6
1198255,6
1059143,6
1198024,6
1059738,6
1266895,6
1125802,6
1209229,6
1096259,6
1297346,6
1218694,6
1098447,6
1130866,6
1221599,6
1191943,6
1176473,6
1183276,6
1001871,6
1038876,6
1035116,6
1316808,6
1191857,6
1149455,6
1155065,6
1320814,6
1095043,6
1100305,6
1262527,6
1150536,6
1312852,6
1268433,6
1176428,6
1282910,6
1170739,6
1231162,6
1258991,6
1197720,6
1152991,6
1237773,6
1218161,6
1272357,6
1110495,6
1302722,6
1141819,6
1027497,6
1189295,6
1219498,6
1257203,6
1083068,6
1175765,6
1232939,6
1045470,6
1180557,6
1111264,6
1065834,6
1312978,6
1166966,6
1003595,6
1321654,6
1264644,6
1084301,6
1165818,6
1107762,6
1045330,6
1311287,6
1145837,6
1169765,6
1078393,6
1269542,6
1092334,6
1192897,6
1230677,6
1181979,6
1130313,6
1149054,6
1121865,6
1170429,6
1273426,6
1271199,6
1307236,6
1298873,6
1009582,6
1043262,6
1084773,6
1129187,6
1308978,6
1256117,6
1131956,6
1176976,6
1085195,6
1032206,6
1280903,6
1311355,6
1009775,6
1127260,6
1308810,6
1219178,6
1085617,6
1212234,6
1099808,6
1007686,6
1225517,6
1103408,6
1228417,6
1019453,6
1214330,6
1055895,6
1224141,6
1167978,6
1254015,6
1178437,6
1310316,6
1020716,6
1194186,6
1197424,6
1321151,6
1267368,6
1315277,6
1135276,6
1171729,6
1115099,6
1072655,6
1161138,6
1096222,6
1125361,6
1054652,6
1050771,6
1044466,6
1189200,6
1038036,6
1220878,6
1100998,6
1208092,6
1152582,6
1065428,6
1262189,6
1141249,6
1159435,6
1003478,6
1134051,6
1234719,6
1209587,6
1154250,6
1052685,6
1190641,6
1138854,6
1160802,6
1125980,6
1148500,6
1298398,6
1250253,6
1126301,6
1077080,6
1071156,6
1062334,6
1027354,6
1248624,6
1248408,6
1149957,6
1104026,6
1203796,6
1315122,6
1181957,6
1239191,6
1156750,6
1281455,6
1202872,6
1007315,6
1015499,6
1233536,6
1212949,6
1041974,6
1170668,6
1154930,6
1274753,6
1047798,6
1291724,6
1259936,6
1262004,6
1274444,6
1274605,6
1187576,6
1055823,6
1289276,6
1156121,6
1185978,6
1177354,6
1018032,6
1261555,6
1125785,6
1050837,6
1091147,6
1296272,6
1035107,6
1270480,6
1069645,6
1321623,6
1010832,6
1144406,6
1227630,6
1305667,6
1141797,6
1095662,6
1315060,6
1041741,6
1006545,6
1013217,6
1141907,6
1251291,6
1297645,6
1174733,6
1151943,6
1130889,6
1282840,6
1303309,6
1107423,6
1202591,6
1044890,6
1314815,6
1293548,6
1139622,6
1145284,6
1193251,6
1155444,6
1105512,6
1310909,6
1022247,6
1253653,6
1324033,6
1234052,6
1112157,6
1153696,6
1089061,6
1202974,6
1217870,6
1257047,6
1207578,6
1292265,6
1050221,6
1199881,6
1197839,6
1041558,6
1160810,6
1070218,6
1174563,6
1208387,6
1019239,6
1114124,6
1232583,6
1037068,6
1014681,6
1085764,6
1265030,6
1310056,6
1083407,6
1319417,6
1167707,6
1057941,6
1230688,6
1319884,6
1016306,6
1106166,6
1316596,6
1199471,6
1017504,6
1175937,6
1164006,6
1038294,6
1130921,6
1277727,6
1186050,6
1206285,6
1032370,6
1323208,6
1232556,6
1309677,6
1276596,6
1177515,6
1043466,6
1226137,6
1206663,6
1271772,6
1267194,6
1005157,6
1101363,6
1298808,6
1173355,6
1147609,6
1084912,6
1112409,6
1281401,6
1114884,6
1106581,6
1250750,6
1017439,6
1129736,6
1021255,6
1278094,6
1189332,6
1238919,6
1092833,6
1117963,6
1290467,6
1120379,6
1184944,6
1254488,6
1150537,6
1122875,6
1072679,6
1162728,6
1262548,6
1004501,6
1024988,6
1168780,6
1148784,6
1043516,6
1082865,6
1093492,6
1157028,6
1202318,6
1213572,6
1218039,6
1033871,6
1183832,6
1221353,6
1237267,6
1203817,6
1042300,6
1177369,6
1293298,6
1268377,6
1016588,6
1148646,6
1223536,6
1245216,6
1256645,6
1240826,6
1157263,6
1123433,6
1297813,6
1023141,6
1154210,6
1090226,6
1006660,6
1066087,6
1013458,6
1245125,6
1084820,6
1047749,6
1281694,6
1129849,6
1199654,6
1112524,6
1123570,6
1048912,6
1013746,6
1151231,6
1086009,6
1097643,6
1267416,6
1312277,6
1209870,6
1214249,6
1266035,6
1103253,6
1243835,6
1138465,6
1080871,6
1125610,6
1105635,6
1273316,6
1150916,6
1173952,6
1102917,6
1246966,6
1029340,6
1260246,6
1126048,6
1307467,6
1200673,6
1149474,6
1293247,6
1099907,6
1046637,6
1262529,6
1282895,6
1142852,6
1168087,6
1086639,6
1310313,6
1151047,6
1287363,6
1086227,6
1141029,6
1157743,6
1048569,6
1266488,6
1269710,6
1285670,6
1155496,6
1180463,6
1137572,6
1291772,6
1208398,6
1196741,6
1239851,6
1117615,6
1181010,6
1174806,6
1171645,6
1143525,6
1045915,6
1000854,6
1166652,6
1025786,6
1121268,6
1163336,6
1288819,6
1130512,6
1068827,6
1312508,6
1011700,6
1163128,6
1318677,6
1074350,6
1288821,6
1084747,6
1227544,6
1220529,6
1004249,6
1071298,6
1059736,6
1057600,6
1246667,6
1267446,6
1161840,6
1023383,6
1293024,6
1021761,6
1273148,6
1170694,6
1089672,6
1203656,6
1111262,6
1055896,6
1145894,6
1313791,6
1029932,6
1026279,6
1183031,6
1258393,6
1105157,6
1011500,6
1030287,6
1192879,6
1276501,6
1098132,6
1035729,6
1172700,6
1194879,6
1322807,6
1152559,6
1255825,6
1019045,6
1220870,6
1146705,6
1162942,6
1248862,6
1014782,6
1041864,6
1001509,6
1233216,6
1115941,6
1163727,6
1027602,6
1070303,6
1137142,6
1037685,6
1113118,6
1123901,6
1118742,6
1157516,6
1109260,6
1101481,6
1010858,6
1090304,6
1201175,6
1290877,6
1098920,6
1277191,6
1239798,6
1296049,6
1126875,6
1168314,6
1059038,6
1185483,6
1018616,6
1221595,6
1162608,6
1026593,6
1175662,6
1285266,6
1174180,6
1163528,6
1107458,6
1204226,6
1195953,6
1275233,6
1002213,6
1232212,6
1094903,6
1287521,6
1074020,6
1012081,6
1281549,6
1176454,6
1230479,6
1053530,6
1086798,6
1286892,6
1219639,6
1061918,6
1000448,6
1106427,6
1315587,6
1006123,6
1261350,6
1104805,6
1139499,6
1054051,6
1221843,6
1253222,6
1039438,6
1185193,6
1306917,6
1004847,6
1055671,6
1272257,6
1102761,6
1322356,6
1208297,6
1186211,6
1123357,6
1282981,6
1309515,6
1265360,6
1028660,6
1266834,6
1201410,6
1040608,6
1324779,6
1059338,6
1224046,6
1293744,6
1317428,6
1261583,6
1316137,6
1254741,6
1175508,6
1086315,6
1232462,6
1129167,6
1194061,6
1196449,6
1175596,6
1290190,6
1278835,6
1010017,6
1148454,6
1100195,6
1010480,6
1264657,6
1048346,6
1285772,6
1118709,6
1109623,6
1138301,6
1300408,6
1227227,6
1124028,6
1266975,6
1184902,6
1055342,6
1189107,6
1038757,6
1023581,6
1223836,6
1021978,6
1293393,6
1169289,6
1252096,6
1256768,6
1171642,6
1221405,6
1059386,6
1277122,6
1061420,6
1133163,6
1238850,6
1005220,6
1266631,6
1196740,6
1192946,6
1082549,6
1260553,6
1168551,6
1079988,6
1257317,6
1320729,6
1219488,6
1238948,6
1069386,6
1026366,6
1085476,6
1264841,6
1031801,6
1139229,6
1014366,6
1247597,6
1069429,6
1080133,6
1128520,6
1284401,6
1291295,6
1236954,6
1036727,6
1050547,6
1164091,6
1104998,6
1051790,6
1032334,6
1275688,6
1296902,6
1318252,6
1185857,6
1153944,6
1101334,6
1178245,6
1146024,6
1069559,6
1197600,6
1258788,6
1108721,6
1293329,6
1205561,6
1313088,6
1077489,6
1086242,6
1134630,6
1071469,6
1151745,6
1068771,6
1045974,6
1285677,6
1134236,6
1240413,6
1147346,6
1186281,6
1001121,6
1084414,6
1112097,6
1005904,6
1294087,6
1254324,6
1166397,6
1094198,6
1310964,6
1069148,6
1265878,6
1226967,6
1124594,6
1241730,6
1051177,6
1287125,6
1229028,6
1011375,6
1184614,6
1070469,6
1277179,6
1214019,6
1268090,6
1019580,6
1287597,6
1316217,6
1229832,6
1220741,6
1314771,6
1281275,6
1091737,6
1040026,6
1303774,6
1264256,6
1206764,6
1285324,6
1289927,6
1168989,6
1011141,6
1050045,6
1121152,6
1265073,6
1191159,6
1094134,6
1290745,6
1183070,6
1084992,6
1012851,6
1144603,6
1135861,6
1165865,6
1183626,6
1099278,6
1165763,6
1144466,6
1122313,6
1287184,6
1100199,6
1173633,6
1178652,6
1278866,6
1267067,6
1147176,6
1231998,6
1259305,6
1048391,6
1188315,6
1223208,6
1006140,6
1024166,6
1320853,6
1000741,6
1016849,6
1131676,6
1025859,6
1212611,6
1216754,6
1297226,6
1231160,6
1188031,6
1077879,6
1195508,6
1223627,6
1248317,6
1061239,6
1310658,6
1034695,6
1000628,6
1187449,6
1323166,6
1143685,6
1169597,6
1089475,6
1159745,6
1027253,6
1049816,6
1319908,6
1279232,6
1058177,6
1104130,6
1248983,6
1293998,6
1158244,6
1132721,6
1112687,6
1298626,6
1012217,6
1080917,6
1270343,6
1248238,6
1259757,6
1089924,6
1236681,6
1191892,6
1277719,6
1070922,6
1236659,6
1160238,6
1154191,6
1031359,6
1046075,6
1203583,6
1318903,6
1245285,6
1035842,6
1231333,6
1313984,6
1281766,6
1250455,6
1317814,6
1066382,6
1274017,6
1191664,6
1155388,6
1161398,6
1103000,6
1314024,6
1169064,6
1213913,6
1111545,6
1167819,6
1126608,6
1239496,6
1175091,6
1038644,6
1290631,6
1103863,6
1015319,6
1037090,6
1244156,6
1069381,6
1234811,6
1182044,6
1223443,6
1110751,6
1306958,6
1060933,6
1272047,6
1067163,6
1139218,6
1222880,6
1103147,6
1003910,6
1111460,6
1030401,6
1112325,6
1231507,6
1250725,6
1057206,6
1022309,6
1057423,6
1306407,6
1317475,6
1048901,6
1074088,6
1064117,6
1002221,6
1069250,6
1133754,6
1083014,6
1310639,6
1162234,6
1162436,6
1056212,6
1014189,6
1200775,6
1101575,6
1008008,6
1102644,6
1233229,6
1034823,6
1147124,6
1324040,6
1272136,6
1300129,6
1324915,6
1239047,6
1145619,6
1024801,6
1303336,6
1239820,6
1135036,6
1294694,6
1100528,6
1226134,6
1272418,6
1303982,6
1300773,6
1122367,6
1056962,6
1243609,6
1063032,6
1304006,6
1025225,6
1215603,6
1196796,6
1052091,6
1075174,6
1321680,6
1293447,6
1271577,6
1292870,6
1165258,6
1138776,6
1042342,6
1180163,6
1261535,6
1255893,6
1248833,6
1150352,6
1049235,6
1112773,6
1258364,6
1020412,6
1212490,6
1294034,6
1151240,6
1176371,6
1244172,6
1316324,6
1021877,6
1082924,6
1172734,6
1120950,6
1077348,6
1227244,6
1319185,6
1215111,6
1022944,6
1066740,6
1312120,6
1178656,6
1017578,6
1171219,6
1265868,6
1321804,6
1041327,6
1057589,6
1054167,6
1031291,6
1226009,6
1164694,6
1282680,6
1023593,6
1201715,6
1208005,6
1287019,6
1171110,6
1261797,6
1053549,6
1305814,6
1089977,6
1051375,6
1187654,6
1047740,6
1228663,6
1140243,6
1161640,6
1273528,6
1133639,6
1095535,6
1174508,6
1259339,6
1214220,6
1089418,6
1279459,6
1000141,6
1142555,6
1261365,6
1027153,6
1080434,6
1125380,6
1010837,6
1189487,6
1131015,6
1103464,6
1300637,6
1267088,6
1020599,6
1240107,6
1094831,6
1152129,6
1182687,6
1317279,6
1014932,6
1169942,6
1074945,6
1292024,6
1180243,6
1250157,6
1086019,6
1023845,6
1308539,6
1212317,6
1229510,6
1086433,6
1000832,6
1062839,6
1273623,6
1209556,6
1087019,6
1036851,6
1258477,6
1298283,6
1007386,6
1253429,6
1192662,6
1223131,6
1184728,6
1109967,6
1120552,6
1214813,6
1210215,6
1158653,6
1109751,6
1253697,6
1067790,6
1293265,6
1257740,6
1159172,6
1138363,6
1125357,6
1127098,6
1016666,6
1188329,6
1043387,6
1024793,6
1208787,6
1026060,6
1189284,6
1172518,6
1001056,6
1201853,6
1276973,6
1072451,6
1285053,6
1159271,6
1057568,6
1280478,6
1121783,6
1010554,6
1228819,6
1307407,6
1044045,6
1160978,6
1127295,6
1099413,6
1201539,6
1265340,6
1133440,6
1156728,6
1016501,6
1076471,6
1063390,6
1235776,6
1201089,6
1083272,6
1160867,6
1204579,6
1223136,6
1245868,6
1190199,6
1290291,6
1215349,6
1103346,6
1052702,6
1065021,6
1134740,6
1124149,6
1255234,6
1204950,6
1276352,6
1189500,6
1033945,6
1123898,6
1005749,6
1283630,6
1260390,6
1256550,6
1310126,6
1081585,6
1033443,6
1121995,6
1185841,6
1208100,6
1140491,6
1062005,6
1092560,6
1246291,6
1001511,6
1286575,6
1269250,6
1095122,6
1085266,6
1268367,6
1247399,6
1179213,6
1012535,6
1325534,6
1178438,6
1215664,6
1143911,6
1135565,6
1056420,6
1196786,6
1171584,6
1164569,6
1133805,6
1083098,6
1064414,6
1300430,6
1274096,6
1236886,6
1228810,6
1189940,6
1039038,6
1145171,6
1133657,6
1005301,6
1074443,6
1311203,6
1159665,6
1131183,6
1287471,6
1239618,6
1101708,6
1294181,6
1222911,6
1119259,6
1223225,6
1280680,6
1034735,6
1295622,6
1087300,6
1250894,6
1026890,6
1100476,6
1287250,6
1215223,6
1081875,6
1118498,6
1170413,6
1260688,6
1191384,6
1295604,6
1128828,6
1135712,6
1030766,6
1187952,6
1150867,6
1200215,6
1150242,6
1306156,6
1318056,6
1195867,6
1072722,6
1315482,6
1261587,6
1308319,6
1277070,6
1172126,6
1138961,6
1176028,6
1177183,6
1132251,6
1085790,6
1020997,6
1283431,6
1259113,6
1317593,6
1325766,6
1050691,6
1049287,6
1024134,6
1260786,6
1145778,6
1263177,6
1069877,6
1164825,6
1060733,6
1251254,6
1145181,6
1273631,6
1205765,6
1055712,6
1078437,6
1236641,6
1000278,6
1197543,6
1247768,6
1033538,6
1006141,6
1177860,6
1224088,6
1271681,6
1239965,6
1099608,6
1001501,6
1282721,6
1059632,6
1006530,6
1115492,6
1130752,6
1298428,6
1192469,6
1102477,6
1019533,6
1304284,6
1068655,6
1046874,6
1282234,6
1186742,6
1248619,6
1259447,6
1079096,6
1283719,6
1208536,6
1210225,6
1255119,6
1325726,6
1139734,6
1212812,6
1017908,6
1259190,6
1195631,6
1024101,6
1013842,6
1160568,6
1216414,6
1321614,6
1293557,6
1203042,6
1168957,6
1300299,6
1185692,6
1010140,6
1086972,6
1324125,6
1310733,6
1151390,6
1008200,6
1066636,6
1232860,6
1081869,6
1156989,6
1202349,6
1322402,6
1301053,6
1120356,6
1025106,6
1219008,6
1254886,6
1035557,6
1094253,6
1314535,6
1313295,6
1077905,6
1109982,6
1088396,6
1160887,6
1057008,6
1284551,6
1255472,6
1088646,6
1120337,6
1181653,6
1069510,6
1128039,6
1125570,6
1286700,6
1220900,6
1011015,6
1274567,6
1162567,6
1184419,6
1168280,6
1003113,6
1138695,6
1254183,6
1121420,6
1175243,6
1006599,6
1182723,6
1040398,6
1032892,6
1255073,6
1019473,6
1104888,6
1219569,6
1292370,6
1118125,6
1099223,6
1305144,6
1205817,6
1095848,6
1205839,6
1185166,6
1076769,6
1051139,6
1138304,6
1226495,6
1083774,6
1295668,6
1317645,6
1034724,6
1186072,6
1052110,6
1282172,6
1085616,6
1251600,6
1113974,6
1280573,6
1103164,6
1108030,6
1034425,6
1038979,6
1052423,6
1189680,6
1206748,6
1321598,6
1047850,6
1272519,6
1224540,6
1046461,6
1021452,6
1080477,6
1138521,6
1177480,6
1047305,6
1161047,6
1248804,6
1261492,6
1035625,6
1281084,6
1128394,6
1224741,6
1092203,6
1002645,6
1304371,6
1192358,6
1213355,6
1236609,6
1048299,6
1322733,6
1086617,6
1235810,6
1310805,6
1107996,6
1210454,6
1243211,6
1222398,6
1233055,6
1170357,6
1053108,6
1127597,6
1203212,6
1035573,6
1166141,6
1073944,6
1202178,6
1283819,6
1088993,6
1112437,6
1036976,6
1241671,6
1284202,6
1307424,6
1251790,6
1173668,6
1089511,6
1135682,6
1283964,6
1050870,6
1264630,6
1190903,6
1320817,6
1011693,6
1049332,6
1004660,6
1091930,6
1263142,6
1092882,6
1137688,6
1214289,6
1322539,6
1155666,6
1296106,6
1291492,6
1193714,6
1115931,6
1180628,6
1217078,6
1062429,6
1090458,6
1077909,6
1201898,6
1018938,6
1237124,6
1212766,6
1301983,6
1098578,6
1045517,6
1318168,6
1182613,6
1247362,6
1167828,6
1061339,6
1294163,6
1310195,6
1019059,6
1124291,6
1218609,6
1009994,6
1255420,6
1066098,6
1307314,6
1263816,6
1096859,6
1154018,6
1005737,6
1256494,6
1297778,6
1159613,6
1281740,6
1172143,6
1263081,6
1188692,6
1061833,6
1011774,6
1225342,6
1228018,6
1294426,6
1138475,6
1109962,6
1028014,6
1236310,6
1140798,6
1150487,6
1050645,6
1303934,6
1059486,6
1290738,6
1147140,6
1311587,6
1284624,6
1288663,6
1164220,6
1124832,6
1056614,6
1133029,6
1187935,6
1169360,6
1039880,6
1054580,6
1136381,6
1066956,6
1002639,6
1306806,6
1129162,6
1035369,6
1070443,6
1187249,6
1301377,6
1012049,6
1269680,6
1234653,6
1228874,6
1311163,6
1028502,6
1322924,6
1083311,6
1068024,6
1171791,6
1263130,6
1200042,6
1041771,6
1313385,6
1296994,6
1308059,6
1076897,6
1059137,6
1081010,6
1154693,6
1106485,6
1272735,6
1302669,6
1133938,6
1105149,6
1074983,6
1050223,6
1093175,6
1213409,6
1024646,6
1164056,6
1141226,6
1225928,6
1207432,6
1106391,6
1112863,6
1063777,6
1315827,6
1100079,6
1165670,6
1124636,6
1203950,6
1270844,6
1100024,6
1113169,6
1134212,6
1035944,6
1259647,6
1229525,6
1191761,6
1009036,6
1293712,6
1098057,6
1245528,6
1191746,6
1141553,6
1095699,6
1115488,6
1267378,6
1046997,6
1154659,6
1113638,6
1232972,6
1249877,6
1064395,6
1026151,6
1307297,6
1281102,6
1140261,6
1207752,6
1194307,6
1078791,6
1163214,6
1010056,6
1226756,6
1319611,6
1092373,6
1266851,6
1193964,6
1289936,6
1002737,6
1103558,6
1132079,6
1100986,6
1226167,6
1171632,6
1164090,6
1007698,6
1314690,6
1275896,6
1282843,6
1055393,6
1093110,6
1183001,6
1305938,6
1152493,6
1221465,6
1010379,6
1275940,6
1026695,6
1009493,6
1058610,6
1090459,6
1092226,6
1209910,6
1196684,6
1270488,6
1138901,6
1214314,6
1124079,6
1303402,6
1108544,6
1310955,6
1045310,6
1275184,6
1094521,6
1223870,6
1194775,6
1306695,6
1301998,6
1273591,6
1009735,6
1033990,6
1135205,6
1108410,6
1187384,6
1049870,6
1290601,6
1234761,6
1254227,6
1102276,6
1226198,6
1021999,6
1206161,6
1008579,6
1069035,6
1042913,6
1016184,6
1005706,6
1070464,6
1042143,6
1187396,6
1229083,6
1214215,6
1077019,6
1157392,6
1218584,6
1256125,6
1324715,6
1116617,6
1296920,6
1042495,6
1115604,6
1289204,6
1027645,6
1213849,6
1193550,6
1196986,6
1142707,6
1038372,6
1241492,6
1042258,6
1249139,6
1086932,6
1324988,6
1211604,6
1135890,6
1005665,6
1257420,6
1144790,6
1120537,6
1051070,6
1303173,6
1223650,6
1320245,6
1299029,6
1238968,6
1263326,6
1323114,6
1065727,6
1153852,6
1049161,6
1244440,6
1296795,6
1079541,6
1079878,6
1104361,6
1163087,6
1311077,6
1096424,6
1057797,6
1059251,6
1247627,6
1094356,6
1321319,6
1301709,6
1324875,6
1226748,6
1015921,6
1100990,6
1200987,6
1255281,6
1126713,6
1117377,6
1001466,6
1148507,6
1061344,6
1256849,6
1257049,6
1143503,6
1150949,6
1038791,6
1164257,6
1063202,6
1293593,6
1276907,6
1071313,6
1100724,6
1291568,6
1219523,6
1229781,6
1239233,6
1175629,6
1263298,6
1165731,6
1139857,6
1031892,6
1001827,6
1071468,6
1160852,6
1008560,6
1068698,6
1126239,6
1189575,6
1159751,6
1213842,6
1310908,6
1254652,6
1304773,6
1258379,6
1317855,6
1129656,6
1065466,6
1130027,6
1066047,6
1004789,6
1271526,6
1116953,6
1019942,6
1063141,6
1073716,6
1155325,6
1012577,6
1294260,6
1262945,6
1068963,6
1074703,6
1158458,6
1199861,6
1232206,6
1069488,6
1034783,6
1017980,6
1223762,6
1115878,6
1179077,6
1032154,6
1008567,6
1008174,6
1100223,6
1098022,6
1305428,6
1013647,6
1262415,6
1073702,6
1305866,6
1018512,6
1149629,6
1287491,6
1156821,6
1035199,6
1312386,6
1150102,6
1106383,6
1294856,6
1022533,6
1232043,6
1106220,6
1221132,6
1218084,6
1181596,6
1325591,6
1056124,6
1236177,6
1305152,6
1142071,6
1104576,6
1097193,6
1257806,6
1233078,6
1303584,6
1068264,6
1079114,6
1091678,6
1302066,6
1307656,6
1284430,6
1136480,6
1000534,6
1215798,6
1092026,6
1240524,6
1120735,6
1255841,6
1219189,6
1199822,6
1225799,6
1230926,6
1275207,6
1281696,6
1018793,6
1195839,6
1007069,6
1298874,6
1063060,6
1083037,6
1162861,6
1202250,6
1019516,6
1105324,6
1071404,6
1233831,6
1193433,6
1200956,6
1261172,6
1116994,6
1286627,6
1158307,6
1229404,6
1059745,6
1170521,6
1071813,6
1265798,6
1044798,6
1244593,6
1084890,6
1260056,6
1053814,6
1242231,6
1280792,6
1219290,6
1138302,6
1148708,6
1297691,6
1163169,6
1145622,6
1015911,6
1223460,6
1044717,6
1075949,6
1146388,6
1264768,6
1250913,6
1236420,6
1056763,6
1166446,6
1280423,6
1078192,6
1013141,6
1028280,6
1241523,6
1122379,6
1002519,6
1207509,6
1058794,6
1253020,6
1102038,6
1112249,6
1299305,6
1006057,6
1178932,6
1172075,6
1281408,6
1299419,6
1062146,6
1281927,6
1054610,6
1240091,6
1141744,6
1132105,6
1301474,6
1083938,6
1217260,6
1257608,6
1023219,6
1100254,6
1141772,6
1038285,6
1121339,6
1221973,6
1078946,6
1183737,6
1289440,6
1056055,6
1066738,6
1152116,6
1027880,6
1073736,6
1252184,6
1310643,6
1182861,6
1123665,6
1323451,6
1006938,6
1278784,6
1157152,6
1097138,6
1058919,6
1189554,6
1053436,6
1131275,6
1312634,6
1017566,6
1112517,6
1292680,6
1189246,6
1218825,6
1295959,6
1143049,6
1062769,6
1119513,6
1031253,6
1128491,6
1288504,6
1249578,6
1015086,6
1228894,6
1197658,6
1016742,6
1201327,6
1183386,6
1019445,6
1111489,6
1279868,6
1299011,6
1221502,6
1293148,6
1105427,6
1049564,6
1203034,6
1119827,6
1287984,6
1289590,6
1052347,6
1222624,6
1322052,6
1229123,6
1165064,6
1021508,6
1148306,6
1162971,6
1132775,6
1031316,6
1049650,6
1295192,6
1225081,6
1321822,6
1067788,6
1122817,6
1303007,6
1080322,6
1214565,6
1010602,6
1049583,6
1074508,6
1061902,6
1096511,6
1090547,6
1172681,6
1283139,6
1021198,6
1185949,6
1107808,6
1090448,6
1291222,6
1058143,6
1162342,6
1071683,6
1307484,6
1180743,6
1047819,6
1285641,6
1020018,6
1292662,6
1132559,6
1289064,6
1101042,6
1061088,6
1022389,6
1025663,6
1106864,6
1107967,6
1318076,6
1291529,6
1039066,6
1228711,6
1146213,6
1288952,6
1019741,6
1275554,6
1176750,6
1078579,6
1126629,6
1107278,6
1027748,6
1017285,6
1140443,6
1044534,6
1091786,6
1189495,6
1096867,6
1019745,6
1232086,6
1060570,6
1204794,6
1095440,6
1252521,6
1262549,6
1135232,6
1147888,6
1049365,6
1280352,6
1171713,6
1181511,6
1106723,6
1165238,6
1042561,6
1148477,6
1264076,6
1189561,6
1273655,6
1285860,6
1081258,6
1127354,6
1013254,6
1065728,6
1019195,6
1262703,6
1013675,6
1022941,6
1219942,6
1040491,6
1157588,6
1045534,6
1172340,6
1309285,6
1134907,6
1007980,6
1170089,6
1007307,6
1287382,6
1199150,6
1229117,6
1211774,6
1325010,6
1312555,6
1276821,6
1140034,6
1055469,6
1024467,6
1212500,6
1292677,6
1302991,6
1157531,6
1081190,6
1079198,6
1306778,6
1239638,6
1173865,6
1124998,6
1266793,6
1078116,6
1180294,6
1322361,6
1203580,6
1218425,6
1126396,6
1230518,6
1096616,6
1245960,6
1137016,6
1073307,6
1195303,6
1258506,6
1036196,6
1269241,6
1108677,6
1043059,6
1267276,6
1061016,6
1292455,6
1071165,6
1212890,6
1246408,6
1034709,6
1273230,6
1069756,6
1088719,6
1126483,6
1173798,6
1245225,6
1098330,6
1101709,6
1058984,6
1110307,6
1298574,6
1080306,6
1134323,6
1129108,6
1056510,6
1209041,6
1190031,6
1063088,6
1173970,6
1052475,6
1311490,6
1027058,6
1030450,6
1319210,6
1198153,6
1229293,6
1310310,6
1243030,6
1110876,6
1291051,6
1095572,6
1234705,6
1221311,6
1210081,6
1137730,6
1012673,6
1158699,6
1195829,6
1198578,6
1033232,6
1107124,6
1231201,6
1121357,6
1024887,6
1091783,6
1109253,6
1105585,6
1037052,6
1270838,6
1122115,6
1246190,6
1029270,6
1006839,6
1169005,6
1111904,6
1082309,6
1071293,6
1026888,6
1104941,6
1242612,6
1012475,6
1164958,6
1187811,6
1258803,6
1163653,6
1051210,6
1004082,6
1270700,6
1256719,6
1275577,6
1107865,6
1002584,6
1145782,6
1108213,6
1249580,6
1314352,6
1271142,6
1261852,6
1085818,6
1151044,6
1242407,6
1180399,6
1265671,6
1257192,6
1172065,6
1110771,6
1266314,6
1011449,6
1291316,6
1280924,6
1212658,6
1283840,6
1318788,6
1050643,6
1034214,6
1257831,6
1270681,6
1005577,6
1257167,6
1126634,6
1159609,6
1318587,6
1176521,6
1083518,6
1185032,6
1090336,6
1280061,6
1080877,6
1226619,6
1268992,6
1294019,6
1304428,6
1293087,6
1240800,6
1279334,6
1035271,6
1030472,6
1012677,6
1105223,6
1063424,6
1082755,6
1179358,6
1025671,6
1248224,6
1057531,6
1051614,6
1006701,6
1150478,6
1274223,6
1029035,6
1025591,6
1206756,6
1111090,6
1162700,6
1250841,6
1287680,6
1128956,6
1145901,6
1174441,6
1260581,6
1278335,6
1241903,6
1058200,6
1051484,6
1138841,6
1054078,6
1232261,6
1272116,6
1006139,6
1005579,6
1111744,6
1007237,6
1238711,6
1196219,6
1175731,6
1137956,6
1245027,6
1102680,6
1314784,6
1207527,6
1241441,6
1200017,6
1286520,6
1026756,6
1168204,6
1163878,6
1138654,6
1066273,6
1161014,6
1191086,6
1191418,6
1113816,6
1065525,6
1308906,6
1032732,6
1153522,6
1011213,6
1050653,6
1076290,6
1188761,6
1100068,6
1185297,6
1263905,6
1289596,6
1167755,6
1032789,6
1168046,6
1142539,6
1156004,6
1188083,6
1105016,6
1008116,6
1224575,6
1145642,6
1242515,6
1010763,6
1259831,6
1215809,6
1288840,6
1146864,6
1001299,6
1128829,6
1015759,6
1121714,6
1153688,6
1053628,6
1107056,6
1157681,6
1014339,6
1127271,6
1089667,6
1196318,6
1254337,6
1324831,6
1229964,6
1069070,6
1138153,6
1038686,6
1106481,6
1115961,6
1316777,6
1288457,6
1260575,6
1040458,6
1205108,6
1141801,6
1242701,6
1130236,6
1002118,6
1104125,6
1189012,6
1255540,6
1068320,6
1135931,6
1258603,6
1074044,6
1062467,6
1177188,6
1305843,6
1200278,6
1253701,6
1278205,6
1238585,6
1280717,6
1318186,6
1096275,6
1051337,6
1233706,6
1251339,6
1036334,6
1112783,6
1030120,6
1049779,6
1169357,6
1012754,6
1311647,6
1114172,6
1005576,6
1046369,6
1151710,6
1094248,6
1289847,6
1097196,6
1245098,6
1150531,6
1280023,6
1017832,6
1081642,6
1156215,6
1096730,6
1011640,6
1229197,6
1017467,6
1085885,6
1251631,6
1079700,6
1265931,6
1160679,6
1105521,6
1220503,6
1105134,6
1049515,6
1133461,6
1052863,6
1146209,6
1182022,6
1124847,6
1118539,6
1218868,6
1058392,6
1006450,6
1088381,6
1073966,6
1324806,6
1056492,6
1211450,6
1066302,6
1105668,6
1277801,6
1024578,6
1056309,6
1189582,6
1126729,6
1190294,6
1172300,6
1149519,6
1112007,6
1252013,6
1272444,6
1200494,6
1016566,6
1002685,6
1014880,6
1010306,6
1001721,6
1106532,6
1171209,6
1021599,6
1073677,6
1243746,6
1159479,6
1098414,6
1058509,6
1025120,6
1030160,6
1044368,6
1236632,6
1294081,6
1069967,6
1227276,6
1225291,6
1210376,6
1130075,6
1030189,6
1099034,6
1203991,6
1007539,6
1013779,6
1089081,6
1108746,6
1066109,6
1081328,6
1072531,6
1192347,6
1086701,6
1078979,6
1110239,6
1307341,6
1239713,6
1010767,6
1314189,6
1271281,6
1148317,6
1246854,6
1040410,6
1152960,6
1119969,6
1183304,6
1306562,6
1323025,6
1198970,6
1119444,6
1001921,6
1180954,6
1171217,6
1293020,6
1148331,6
1203248,6
1039150,6
1080176,6
1188439,6
1159233,6
1107719,6
1185497,6
1231995,6
1283603,6
1123191,6
1045389,6
1237560,6
1155428,6
1064426,6
1307381,6
1205814,6
1015136,6
1164397,6
1142061,6
1061098,6
1055782,6
1209485,6
1228531,6
1120146,6
1183611,6
1086172,6
1075864,6
1170005,6
1205922,6
1324332,6
1051383,6
1092545,6
1178640,6
1032767,6
1067592,6
1163839,6
1205928,6
1092103,6
1231129,6
1224633,6
1127018,6
1219004,6
1003299,6
1299557,6
1019454,6
1099886,6
1236691,6
1010011,6
1316957,6
1084034,6
1160233,6
1078033,6
1239619,6
1035076,6
1191039,6
1249769,6
1196461,6
1252553,6
1104836,6
1307949,6
1105504,6
1009746,6
1314575,6
1247559,6
1237979,6
1319764,6
1258947,6
1159223,6
1202350,6
1016846,6
1148041,6
1236904,6
1000612,6
1018515,6
1007142,6
1254701,6
1065080,6
1214311,6
1161601,6
1212749,6
1158233,6
1037835,6
1256162,6
1238825,6
1068654,6
1242191,6
1030635,6
1012966,6
1262662,6
1313320,6
1215732,6
1236170,6
1180334,6
1250438,6
1100675,6
1085089,6
1066869,6
1142089,6
1066554,6
1039853,6
1074198,6
1242610,6
1153510,6
1041548,6
1238696,6
1285969,6
1102015,6
1004544,6
1035276,6
1313180,6
1237633,6
1114980,6
1042580,6
1032295,6
1000112,6
1150932,6
1036327,6
1323785,6
1003248,6
1071140,6
1087026,6
1071800,6
1008946,6
1020209,6
1017468,6
1207064,6
1294711,6
1201937,6
1186670,6
1119393,6
1122066,6
1063869,6
1024139,6
1138038,6
1161905,6
1162621,6
1028133,6
1195679,6
1112029,6
1127479,6
1315790,6
1238448,6
1239102,6
1250654,6
1015419,6
1282146,6
1208363,6
1308557,6
1277520,6
1282635,6
1022260,6
1221874,6
1234041,6
1112624,6
1200111,6
1035358,6
1017977,6
1096099,6
1055921,6
1078298,6
1294868,6
1285798,6
1030516,6
1187653,6
1117065,6
1166685,6
1052004,6
1174698,6
1064303,6
1148070,6
1166591,6
1030395,6
1233985,6
1250600,6
1259568,6
1267862,6
1040617,6
1053685,6
1183480,6
1169059,6
1084046,6
1245877,6
1064775,6
1323276,6
1104209,6
1193271,6
1041794,6
1173096,6
1136134,6
1119388,6
1261900,6
1045639,6
1187390,6
1014992,6
1313502,6
1167561,6
1211133,6
1117304,6
1103675,6
1090202,6
1056347,6
1193838,6
1285323,6
1167678,6
1016893,6
1099936,6
1009846,6
1048721,6
1242591,6
1041162,6
1264607,6
1112602,6
1233082,6
1220369,6
1324430,6
1201072,6
1277395,6
1034140,6
1279541,6
1010649,6
1135733,6
1239940,6
1079023,6
1315189,6
1207349,6
1204760,6
1030264,6
1269213,6
1262969,6
1267203,6
1082095,6
1200722,6
1044996,6
1285124,6
1140946,6
1129616,6
1076329,6
1233505,6
1089782,6
1268490,6
1177903,6
1039801,6
1077261,6
1263779,6
1286385,6
1192321,6
1175348,6
1101741,6
1225772,6
1199472,6
1137928,6
1167530,6
1190686,6
1218157,6
1065855,6
1139763,6
1173644,6
1267936,6
1018779,6
1279923,6
1304636,6
1068512,6
1060778,6
1324087,6
1263307,6
1314310,6
1027010,6
1181077,6
1268710,6
1008063,6
1321572,6
1058813,6
1110314,6
1294651,6
1022410,6
1236471,6
1134251,6
1123042,6
1176338,6
1009559,6
1066381,6
1208375,6
1229989,6
1142621,6
1074551,6
1114685,6
1285776,6
1302265,6
1047629,6
1207140,6
1068382,6
1003301,6
1141913,6
1211796,6
1305185,6
1051674,6
1282161,6
1219931,6
1159709,6
1096104,6
1068498,6
1253927,6
1108978,6
1180226,6
1136744,6
1235008,6
1050550,6
1285258,6
1034465,6
1142051,6
1184851,6
1198546,6
1086166,6
1095403,6
1260484,6
1186699,6
1142887,6
1069479,6
1164797,6
1279615,6
1321892,6
1048334,6
1062969,6
1003021,6
1209026,6
1279916,6
1026557,6
1205601,6
1214727,6
1206720,6
1182475,6
1079552,6
1088615,6
1072913,6
1274635,6
1278097,6
1263280,6
1178399,6
1005978,6
1278189,6
1127502,6
1324134,6
1164870,6
1059697,6
1202530,6
1133844,6
1240507,6
1185867,6
1246135,6
1109641,6
1262470,6
1261964,6
1183283,6
1138566,6
1164573,6
1302030,6
1227005,6
1020873,6
1188189,6
1236675,6
1015103,6
1220380,6
1016719,6
1324658,6
1204568,6
1311463,6
1185148,6
1148801,6
1182740,6
1084052,6
1316659,6
1267335,6
1014941,6
1054137,6
1177197,6
1089820,6
1262485,6
1291474,6
1081529,6
1082787,6
1309920,6
1087516,6
1216228,6
1032417,6
1154745,6
1047193,6
1177546,6
1319359,6
1186120,6
1094830,6
1062040,6
1148772,6
1119624,6
1293961,6
1036687,6
1275912,6
1192258,6
1083424,6
1061602,6
1132407,6
1192395,6
1257572,6
1295054,6
1052369,6
1221815,6
1302551,6
1280657,6
1168187,6
1052113,6
1063992,6
1122695,6
1232467,6
1188607,6
1012749,6
1180913,6
1237188,6
1296885,6
1008879,6
1184337,6
1086817,6
1193450,6
1258028,6
1066312,6
1065552,6
1156450,6
1308266,6
1318908,6
1253605,6
1121465,6
1198125,6
1200020,6
1257910,6
1324348,6
1058496,6
1287519,6
1176829,6
1075217,6
1277016,6
1292889,6
1118974,6
1273991,6
1121906,6
1237794,6
1255612,6
1204323,6
1010781,6
1044432,6
1214045,6
1274729,6
1271386,6
1181861,6
1045402,6
1180214,6
1098300,6
1042275,6
1089390,6
1069414,6
1168644,6
1238115,6
1268980,6
1011434,6
1226107,6
1163469,6
1052579,6
1090250,6
1156360,6
1320429,6
1094365,6
1040029,6
1288956,6
1298559,6
1190437,6
1223610,6
1102464,6
1139416,6
1250135,6
1141205,6
1305629,6
1198868,6
1230283,6
1155883,6
1041223,6
1284850,6
1052903,6
1131207,6
1053384,6
1321490,6
1030933,6
1230487,6
1014064,6
1227784,6
1022918,6
1304707,6
1011715,6
1323504,6
1284190,6
1014953,6
1149654,6
1311063,6
1053064,6
1135851,6
1028447,6
1201904,6
1097917,6
1051220,6
1061557,6
1095792,6
1172594,6
1154474,6
1089087,6
1320521,6
1276014,6
1044918,6
1133999,6
1042534,6
1033681,6
1042352,6
1008827,6
1146292,6
1288236,6
1220065,6
1298109,6
1300584,6
1027965,6
1321662,6
1254394,6
1267546,6
1293782,6
1018726,6
1032219,6
1241713,6
1228439,6
1042568,6
1321014,6
1193734,6
1265204,6
1050962,6
1097639,6
1060135,6
1068124,6
1178470,6
1108661,6
1111445,6
1169186,6
1035719,6
1138680,6
1048087,6
1260523,6
1269236,6
1283906,6
1007181,6
1161152,6
1234001,6
1080406,6
1269109,6
1076811,6
1283062,6
1158820,6
1304538,6
1247333,6
1226691,6
1305127,6
1074947,6
1243706,6
1003845,6
1010866,6
1057491,6
1230485,6
1088188,6
1211385,6
1300930,6
1033859,6
1091385,6
1151472,6
1038761,6
1156303,6
1301641,6
1312161,6
1122095,6
1223471,6
1016960,6
1055956,6
1136170,6
1193707,6
1303124,6
1080492,6
1005487,6
1101002,6
1298731,6
1020789,6
1276995,6
1089748,6
1196361,6
1308960,6
1320531,6
1016706,6
1306632,6
1256121,6
1209937,6
1082232,6
1132146,6
1272012,6
1156281,6
1182823,6
1107109,6
1118648,6
1118332,6
1126011,6
1296018,6
1006272,6
1107925,6
1124358,6
1065915,6
1132772,6
1022379,6
1240101,6
1208703,6
1239742,6
1240120,6
1316450,6
1267079,6
1022909,6
1302914,6
1190323,6
1314554,6
1055543,6
1321040,6
1282771,6
1106344,6
1030883,6
1223512,6
1160994,6
1133904,6
1169820,6
1284400,6
1197376,6
1049993,6
1217171,6
1195929,6
1102545,6
1170230,6
1171170,6
1198044,6
1281656,6
1018807,6
1277020,6
1182929,6
1237881,6
1121862,6
1037187,6
1183399,6
1109439,6
1190460,6
1209995,6
1026215,6
1284757,6
1308767,6
1167288,6
1284629,6
1136640,6
1000475,6
1090218,6
1274409,6
1165117,6
1320892,6
1006856,6
1130161,6
1187038,6
1152993,6
1253420,6
1150001,6
1315821,6
1273752,6
1035043,6
1153078,6
1314970,6
1103940,6
1213715,6
1203355,6
1191629,6
1126280,6
1190703,6
1244790,6
1249160,6
1130490,6
1115354,6
1048673,6
1062351,6
1094498,6
1044885,6
1175538,6
1217848,6
1032681,6
1208038,6
1158178,6
1108335,6
1133171,6
1038149,6
1130080,6
1295835,6
1164935,6
1133079,6
1039077,6
1280509,6
1177582,6
1073331,6
1025321,6
1295109,6
1125500,6
1118613,6
1190439,6
1174871,6
1002452,6
1261716,6
1153549,6
1081508,6
1258141,6
1147887,6
1231438,6
1311084,6
1083630,6
1226256,6
1280789,6
1153172,6
1067156,6
1230404,6
1207549,6
1111356,6
1002678,6
1184265,6
1189951,6
1131151,6
1131556,6
1150839,6
1103177,6
1288465,6
1317307,6
1144537,6
1123663,6
1057254,6
1201766,6
1277899,6
1120513,6
1246716,6
1292739,6
1141372,6
1060753,6
1289777,6
1098479,6
1042992,6
1127485,6
1150496,6
1011563,6
1105246,6
1285901,6
1076124,6
1115373,6
1134273,6
1054762,6
1255157,6
1138527,6
1209074,6
1198160,6
1126096,6
1275838,6
1107055,6
1015590,6
1268606,6
1172148,6
1275766,6
1256514,6
1195395,6
1179085,6
1020817,6
1073173,6
1075851,6
1094996,6
1266229,6
1153442,6
1236692,6
1147766,6
1007676,6
1015589,6
1220731,6
1022989,6
1137733,6
1321046,6
1174478,6
1073237,6
1204360,6
1013951,6
1319717,6
1210954,6
1153136,6
1060286,6
1278177,6
1208245,6
1125158,6
1107992,6
1011826,6
1004616,6
1275067,6
1227355,6
1118223,6
1170000,6
1005645,6
1007557,6
1061267,6
1112430,6
1177239,6
1100237,6
1105871,6
1268224,6
1042575,6
1286766,6
1271026,6
1174952,6
1257764,6
1141213,6
1280088,6
1095890,6
1099765,6
1170779,6
1208879,6
1322524,6
1134305,6
1181673,6
1182838,6
1058428,6
1129798,6
1150304,6
1019544,6
1126459,6
1053389,6
1152664,6
1293851,6
1245944,6
1001791,6
1205131,6
1141154,6
1111771,6
1141456,6
1102056,6
1019238,6
1192641,6
1277462,6
1304365,6
1265689,6
1032371,6
1183231,6
1083480,6
1325544,6
1273323,6
1282665,6
1203191,6
1212603,6
1182544,6
1057044,6
1274676,6
1281686,6
1037993,6
1126131,6
1161857,6
1115435,6
1165078,6
1008565,6
1078102,6
1259162,6
1208592,6
1301463,6
1230195,6
1096652,6
1168132,6
1133864,6
1183666,6
1225666,6
1288003,6
1269956,6
1317115,6
1181070,6
1088160,6
1098160,6
1009075,6
1000284,6
1219201,6
1237326,6
1241512,6
1122017,6
1268189,6
1032247,6
1284426,6
1070712,6
1122997,6
1060599,6
1037625,6
1169253,6
1293090,6
1049237,6
1304929,6
1144238,6
1001112,6
1246001,6
1024557,6
1023037,6
1154017,6
1220993,6
1044320,6
1278188,6
1175108,6
1275007,6
1268578,6
1161662,6
1129697,6
1249265,6
1045475,6
1029318,6
1228688,6
1299786,6
1004940,6
1018714,6
1130947,6
1200561,6
1284144,6
1080870,6
1283857,6
1228515,6
1276380,6
1144017,6
1251220,6
1163761,6
1128832,6
1140733,6
1136668,6
1005371,6
1115610,6
1144019,6
1080317,6
1159291,6
1260904,6
1211788,6
1239898,6
1060781,6
1251334,6
1038934,6
1270410,6
1138191,6
1146258,6
1091774,6
1060015,6
1288170,6
1118175,6
1303688,6
1212038,6
1121110,6
1278613,6
1206351,6
1050883,6
1318454,6
1264794,6
1196337,6
1135346,6
1148294,6
1316996,6
1324805,6
1107747,6
1106700,6
1106574,6
1210969,6
1215340,6
1100594,6
1284292,6
1039384,6
1023886,6
1027121,6
1130929,6
1043217,6
1119318,6
1286448,6
1074089,6
1270084,6
1157134,6
1060205,6
1261189,6
1264360,6
1218009,6
1292129,6
1206485,6
1190253,6
1018084,6
1090251,6
1038150,6
1235815,6
1033921,6
1308295,6
1227852,6
1007887,6
1026463,6
1049669,6
1139121,6
1101928,6
1043120,6
1220526,6
1133213,6
1013362,6
1278741,6
1083226,6
1174282,6
1039396,6
1012335,6
1273038,6
1040131,6
1122611,6
1280318,6
1040991,6
1241180,6
1063639,6
1241845,6
1105232,6
1200980,6
1184308,6
1038223,6
1297393,6
1041313,6
1052564,6
1091571,6
1048844,6
1105734,6
1265755,6
1069064,6
1007020,6
1078340,6
1186926,6
1246735,6
1019340,6
1027458,6
1219456,6
1025762,6
1119411,6
1051039,6
1217862,6
1236253,6
1115418,6
1047622,6
1147522,6
1284572,6
1149816,6
1216099,6
1316496,6
1120479,6
1005973,6
1186844,6
1051657,6
1154956,6
1203122,6
1290387,6
1109837,6
1193715,6
1191679,6
1141575,6
1272662,6
1084158,6
1101499,6
1108567,6
1293793,6
1153249,6
1203318,6
1325401,6
1087749,6
1053302,6
1161449,6
1239256,6
1060984,6
1158600,6
1273497,6
1191963,6
1106321,6
1213187,6
1081879,6
1017401,6
1158341,6
1004123,6
1123561,6
1266832,6
1056505,6
1229130,6
1205613,6
1185835,6
1304346,6
1109108,6
1217909,6
1291494,6
1095515,6
1250846,6
1189679,6
1240494,6
1076198,6
1319542,6
1156610,6
1166922,6
1274197,6
1048400,6
1260093,6
1182792,6
1156059,6
1097591,6
1265109,6
1205619,6
1045188,6
1065436,6
1257265,6
1311833,6
1174374,6
1178842,6
1048767,6
1071887,6
1207525,6
1300099,6
1313913,6
1100621,6
1246482,6
1066237,6
1033608,6
1053442,6
1139449,6
1261148,6
1295313,6
1317139,6
1018936,6
1067532,6
1312950,6
1250045,6
1110240,6
1135076,6
1094345,6
1322009,6
1097793,6
1247870,6
1165433,6
1287966,6
1032332,6
1320664,6
1244673,6
1135765,6
1087056,6
1176146,6
1041342,6
1062918,6
1138856,6
1083333,6
1302779,6
1307116,6
1104809,6
1147509,6
1110766,6
1005570,6
1246317,6
1215348,6
1247947,6
1205792,6
1204700,6
1297883,6
1067717,6
1275452,6
1098386,6
1051600,6
1064994,6
1099135,6
1311527,6
1322178,6
1208820,6
1077087,6
1309555,6
1247987,6
1269065,6
1089554,6
1271715,6
1264971,6
1174785,6
1036540,6
1160775,6
1092123,6
1247038,6
1226191,6
1325792,6
1085504,6
1298171,6
1008438,6
1071190,6
1114180,6
1185773,6
1020474,6
1034440,6
1304350,6
1317710,6
1057185,6
1082098,6
1211799,6
1191522,6
1308334,6
1059310,6
1144063,6
1204369,6
1228543,6
1009549,6
1207164,6
1142133,6
1183588,6
1178200,6
1133910,6
1052265,6
1004922,6
1021126,6
1210887,6
1118828,6
1118220,6
1084250,6
1066931,6
1247121,6
1053196,6
1022385,6
1188381,6
1155747,6
1161482,6
1304631,6
1253104,6
1122020,6
1275776,6
1216632,6
1220414,6
1042299,6
1173925,6
1310179,6
1066767,6
1107404,6
1044006,6
1205308,6
1022696,6
1047126,6
1091961,6
1227927,6
1158791,6
1058909,6
1086563,6
1131421,6
1309586,6
1262068,6
1202700,6
1214154,6
1063388,6
1028711,6
1263861,6
1159682,6
1319602,6
1122901,6
1050113,6
1045089,6
1058197,6
1080356,6
1047455,6
1135476,6
1284988,6
1155723,6
1227146,6
1092798,6
1216259,6
1172653,6
1266936,6
1218138,6
1045703,6
1142684,6
1227751,6
1232371,6
1001205,6
1040887,6
1000075,6
1164222,6
1297286,6
1136973,6
1196571,6
1311701,6
1242478,6
1263250,6
1125337,6
1077054,6
1100410,6
1082284,6
1029813,6
1048032,6
1063009,6
1191876,6
1019731,6
1114140,6
1062865,6
1290609,6
1175673,6
1025316,6
1109527,6
1145615,6
1158269,6
1004999,6
1239492,6
1086882,6
1025420,6
1141046,6
1272722,6
1096051,6
1018253,6
1114304,6
1128303,6
1082672,6
1304435,6
1078498,6
1180219,6
1266152,6
1217601,6
1195176,6
1321737,6
1170166,6
1240388,6
1208119,6
1319270,6
1270160,6
1146373,6
1007664,6
1176220,6
1162570,6
1198319,6
1128233,6
1322713,6
1089621,6
1231497,6
1298165,6
1098042,6
1088667,6
1035566,6
1323003,6
1132065,6
1027239,6
1301008,6
1302631,6
1081983,6
1156018,6
1124076,6
1297974,6
1044377,6
1271160,6
1097208,6
1321116,6
1180281,6
1106046,6
1113082,6
1132760,6
1086490,6
1038573,6
1120936,6
1171465,6
1031088,6
1017083,6
1245598,6
1038581,6
1089934,6
1090137,6
1315449,6
1065024,6
1151829,6
1308858,6
1020552,6
1312071,6
1115820,6
1100266,6
1230331,6
1265470,6
1081093,6
1144849,6
1004614,6
1231739,6
1097238,6
1302911,6
1229864,6
1216189,6
1295738,6
1018308,6
1169047,6
1032876,6
1249570,6
1217470,6
1192597,6
1323827,6
1117860,6
1319142,6
1246795,6
1297543,6
1077483,6
1205621,6
1201050,6
1058640,6
1275179,6
1216475,6
1274310,6
1037842,6
1157782,6
1192310,6
1314923,6
1213518,6
1189179,6
1323792,6
1208417,6
1126352,6
1324557,6
1198482,6
1085883,6
1258188,6
1174202,6
1242773,6
1272903,6
1293982,6
1272650,6
1229200,6
1023351,6
1083664,6
1298502,6
1293885,6
1280403,6
1317976,6
1147213,6
1322956,6
1090058,6
1033638,6
1147953,6
1095851,6
1302284,6
1017283,6
1176905,6
1050408,6
1296722,6
1279616,6
1265554,6
1321050,6
1260368,6
1040156,6
1122930,6
1135483,6
1309256,6
1070345,6
1255199,6
1244698,6
1283565,6
1161248,6
1070053,6
1116876,6
1038325,6
1121639,6
1240100,6
1078694,6
1142547,6
1014640,6
1123082,6
1270792,6
1235648,6
1324451,6
1278354,6
1085111,6
1117562,6
1209336,6
1110714,6
1322536,6
1309856,6
1169011,6
1215208,6
1038875,6
1084705,6
1260019,6
1258595,6
1131577,6
1147450,6
1159994,6
1189010,6
1233750,6
1119288,6
1173864,6
1237091,6
1183294,6
1140436,6
1324972,6
1126155,6
1119592,6
1228850,6
1069483,6
1241725,6
1155132,6
1019920,6
1174052,6
1299309,6
1105299,6
1312412,6
1209462,6
1105109,6
1170123,6
1157399,6
1024942,6
1044971,6
1086306,6
1137377,6
1186653,6
1200852,6
1299539,6
1264828,6
1295700,6
1269462,6
1282323,6
1215966,6
1066421,6
1266674,6
1188638,6
1193771,6
1154366,6
1009212,6
1146228,6
1215568,6
1194393,6
1182075,6
1159477,6
1311865,6
1300209,6
1180105,6
1312998,6
1147979,6
1044227,6
1092896,6
1233862,6
1189484,6
1078011,6
1037694,6
1077571,6
1086160,6
1027122,6
1119387,6
1093893,6
1222428,6
1260631,6
1022702,6
1214199,6
1211051,6
1060992,6
1251084,6
1309940,6
1263632,6
1276450,6
1274781,6
1045228,6
1127257,6
1163584,6
1198441,6
1000684,6
1164174,6
1275031,6
1009414,6
1184831,6
1213210,6
1047031,6
1202167,6
1237147,6
1276695,6
1008255,6
1169284,6
1230015,6
1278586,6
1079430,6
1109196,6
1217112,6
1204949,6
1058461,6
1007304,6
1260778,6
1046748,6
1138411,6
1231117,6
1046742,6
1285640,6
1203902,6
1059961,6
1098168,6
1251438,6
1027049,6
1061863,6
1188106,6
1161682,6
1150809,6
1214446,6
1324415,6
1240606,6
1289272,6
1061961,6
1268058,6
1091777,6
1123613,6
1273214,6
1071951,6
1108355,6
1096622,6
1291731,6
1063509,6
1197721,6
1273104,6
1321003,6
1116245,6
1260831,6
1004850,6
1136373,6
1155341,6
1230037,6
1036765,6
1296025,6
1314766,6
1087357,6
1141471,6
1075958,6
1042524,6
1297111,6
1306703,6
1162172,6
1126687,6
1273143,6
1293511,6
1097033,6
1115838,6
1086833,6
1212786,6
1214613,6
1304691,6
1112389,6
1193060,6
1273857,6
1152158,6
1296222,6
1114901,6
1278634,6
1303166,6
1303917,6
1314156,6
1085650,6
1124709,6
1226172,6
1275026,6
1218334,6
1179275,6
1317269,6
1305975,6
1188951,6
1157229,6
1137039,6
1265872,6
1094690,6
1279584,6
1084111,6
1163411,6
1248258,6
1136522,6
1125161,6
1153648,6
1079106,6
1002124,6
1137582,6
1043861,6
1087240,6
1170550,6
1025085,6
1123160,6
1226968,6
1289302,6
1091168,6
1216124,6
1056964,6
1286279,6
1285584,6
1228286,6
1321607,6
1070687,6
1148393,6
1099982,6
1178425,6
1033348,6
1181720,6
1137861,6
1317444,6
1237018,6
1132577,6
1268930,6
1186905,6
1031165,6
1056833,6
1241559,6
1162640,6
1023670,6
1249737,6
1083673,6
1197143,6
1206124,6
1318170,6
1282782,6
1001776,6
1094918,6
1125901,6
1203005,6
1023426,6
1101619,6
1078948,6
1068274,6
1255806,6
1160489,6
1135735,6
1304846,6
1158694,6
1315273,6
1063307,6
1320071,6
1294261,6
1316979,6
1252532,6
1082634,6
1041025,6
1320076,6
1311092,6
1264520,6
1288436,6
1041962,6
1259148,6
1204456,6
1186938,6
1125072,6
1043025,6
1101013,6
1222252,6
1030623,6
1243681,6
1175315,6
1180455,6
1015447,6
1162246,6
1254413,6
1201377,6
1185836,6
1035044,6
1082531,6
1139028,6
1062845,6
1235019,6
1071260,6
1223734,6
1135491,6
1116132,6
1094342,6
1240771,6
1018886,6
1088031,6
1119501,6
1209389,6
1193080,6
1166483,6
1321359,6
1176235,6
1203706,6
1233737,6
1093224,6
1144736,6
1290463,6
1319875,6
1090650,6
1270251,6
1158150,6
1093179,6
1110447,6
1053758,6
1222755,6
1097818,6
1102439,6
1039826,6
1193370,6
1232723,6
1272582,6
1021842,6
1198908,6
1125878,6
1262042,6
1229678,6
1136819,6
1309100,6
1034822,6
1270690,6
1228971,6
1014635,6
1257132,6
1064676,6
1089395,6
1083453,6
1132142,6
1140051,6
1190220,6
1108260,6
1306071,6
1263395,6
1115420,6
1256141,6
1216186,6
1071857,6
1298192,6
1083180,6
1065386,6
1277651,6
1217566,6
1151016,6
1014290,6
1033972,6
1108733,6
1261025,6
1096218,6
1276712,6
1231424,6
1029682,6
1078978,6
1012318,6
1264048,6
1120695,6
1035860,6
1053114,6
1154315,6
1055888,6
1130816,6
1264030,6
1113838,6
1075562,6
1256140,6
1054738,6
1302719,6
1037969,6
1118770,6
1305544,6
1089470,6
1002022,6
1221159,6
1052222,6
1228293,6
1176052,6
1127179,6
1303566,6
1139867,6
1147103,6
1142266,6
1033745,6
1272129,6
1269809,6
1161019,6
1280011,6
1016158,6
1139591,6
1297735,6
1048317,6
1211410,6
1026911,6
1098499,6
1324936,6
1010228,6
1086737,6
1036836,6
1153050,6
1080079,6
1236206,6
1141841,6
1135666,6
1273533,6
1316900,6
1118056,6
1307246,6
1115123,6
1105005,6
1144661,6
1101755,6
1057430,6
1284899,6
1290650,6
1146225,6
1303530,6
1308588,6
1091273,6
1008584,6
1077120,6
1189576,6
1045315,6
1201711,6
1301089,6
1278506,6
1280646,6
1161679,6
1187627,6
1222909,6
1210283,6
1277076,6
1144247,6
1308753,6
1116921,6
1291234,6
1018430,6
1284381,6
1019002,6
1008366,6
1142426,6
1212420,6
1092591,6
1009124,6
1181004,6
1294843,6
1106674,6
1075539,6
1281091,6
1263792,6
1083148,6
1118499,6
1320433,6
1096993,6
1148115,6
1227826,6
1224938,6
1042107,6
1060308,6
1214264,6
1150887,6
1208961,6
1089831,6
1071432,6
1053644,6
1055105,6
1079110,6
1303145,6
1022839,6
1049307,6
1209665,6
1030913,6
1244158,6
1096235,6
1276514,6
1199622,6
1251460,6
1174360,6
1149792,6
1165024,6
1224011,6
1197666,6
1085795,6
1317629,6
1081481,6
1207148,6
1110148,6
1278336,6
1134413,6
1138217,6
1039367,6
1170407,6
1195220,6
1070151,6
1123183,6
1187020,6
1252998,6
1143653,6
1088441,6
1146405,6
1133766,6
1220975,6
1164676,6
1038656,6
1158539,6
1266031,6
1109975,6
1099774,6
1303494,6
1206165,6
1126590,6
1011162,6
1209415,6
1199634,6
1051003,6
1230751,6
1094114,6
1298219,6
1074151,6
1146494,6
1032810,6
1211764,6
1104871,6
1248561,6
1077334,6
1000943,6
1084299,6
1314198,6
1053529,6
1281548,6
1307812,6
1185591,6
1257903,6
1186256,6
1036882,6
1062259,6
1135704,6
1059027,6
1033371,6
1159931,6
1043492,6
1026696,6
1260736,6
1276113,6
1232077,6
1299249,6
1139833,6
1309595,6
1114710,6
1157623,6
1232960,6
1119232,6
1194027,6
1311954,6
1058724,6
1086816,6
1031772,6
1222088,6
1307575,6
1185049,6
1307044,6
1037577,6
1289129,6
1163836,6
1009703,6
1096420,6
1000469,6
1157785,6
1177753,6
1016962,6
1024152,6
1175131,6
1052317,6
1197384,6
1140754,6
1064579,6
1125132,6
1114037,6
1260791,6
1157658,6
1245545,6
1158117,6
1010686,6
1081335,6
1080386,6
1122748,6
1267668,6
1150447,6
1046064,6
1314927,6
1037832,6
1296254,6
1193556,6
1305153,6
1125793,6
1067875,6
1213593,6
1290444,6
1087086,6
1311867,6
1300362,6
1095414,6
1093115,6
1003279,6
1082128,6
1165863,6
1134461,6
1296821,6
1065698,6
1088830,6
1240529,6
1016574,6
1004507,6
1119596,6
1109106,6
1055672,6
1197933,6
1197776,6
1126302,6
1137810,6
1194412,6
1170179,6
1050284,6
1011392,6
1175485,6
1052814,6
1044856,6
1113693,6
1246902,6
1273624,6
1120263,6
1154969,6
1178936,6
1185519,6
1281431,6
1179460,6
1129945,6
1311951,6
1091861,6
1277748,6
1147897,6
1278168,6
1232920,6
1248656,6
1316732,6
1283177,6
1191127,6
1150232,6
1304715,6
1094577,6
1311691,6
1205974,6
1061952,6
1109126,6
1230717,6
1313883,6
1292134,6
1264021,6
1073742,6
1110993,6
1109161,6
1314876,6
1050978,6
1145245,6
1272365,6
1104227,6
1098902,6
1237490,6
1170809,6
1219582,6
1116669,6
1207896,6
1247014,6
1310025,6
1136478,6
1003328,6
1031643,6
1136272,6
1051776,6
1053107,6
1263299,6
1215614,6
1120564,6
1025518,6
1203899,6
1035844,6
1173265,6
1163777,6
1247245,6
1119295,6
1090036,6
1227423,6
1180155,6
1156379,6
1097855,6
1249714,6
1092936,6
1224565,6
1014137,6
1262089,6
1232097,6
1174682,6
1113863,6
1058340,6
1033899,6
1041945,6
1069607,6
1083601,6
1298234,6
1242089,6
1284271,6
1199601,6
1285575,6
1264893,6
1102982,6
1303477,6
1075701,6
1305033,6
1143564,6
1132530,6
1238974,6
1113161,6
1325168,6
1273885,6
1246660,6
1014883,6
1253889,6
1004808,6
1145980,6
1324360,6
1097287,6
1237208,6
1186457,6
1032476,6
1085398,6
1286303,6
1257257,6
1133672,6
1088950,6
1074787,6
1114247,6
1012608,6
1298787,6
1167719,6
1218867,6
1206020,6
1151660,6
1285411,6
1055742,6
1287562,6
1069871,6
1030475,6
1211367,6
1227433,6
1151281,6
1321514,6
1226841,6
1152886,6
1024114,6
1158157,6
1152137,6
1173375,6
1258796,6
1295309,6
1240869,6
1000064,6
1107824,6
1234280,6
1045850,6
1168455,6
1165804,6
1205309,6
1272467,6
1157957,6
1090046,6
1202378,6
1245619,6
1166298,6
1114582,6
1246112,6
1256215,6
1201743,6
1043046,6
1052676,6
1114651,6
1284123,6
1223142,6
1104380,6
1131467,6
1027866,6
1120688,6
1273187,6
1092307,6
1168090,6
1012369,6
1068763,6
1142067,6
1139033,6
1145692,6
1230274,6
1314628,6
1259744,6
1259762,6
1183921,6
1123569,6
1016608,6
1125009,6
1237581,6
1210193,6
1116747,6
1266188,6
1269408,6
1294864,6
1321523,6
1038751,6
1200929,6
1202078,6
1264973,6
1088298,6
1166946,6
1138848,6
1281159,6
1204020,6
1295768,6
1259704,6
1042380,6
1202975,6
1205199,6
1110388,6
1282349,6
1230423,6
1285222,6
1023027,6
1036195,6
1193415,6
1263043,6
1074936,6
1097537,6
1190465,6
1271260,6
1005237,6
1110424,6
1260060,6
1158852,6
1253618,6
1234181,6
1076886,6
1190639,6
1012038,6
1157207,6
1320998,6
1189795,6
1169077,6
1063948,6
1224346,6
1175040,6
1316470,6
1158005,6
1012706,6
1149687,6
1136181,6
1032141,6
1025933,6
1270628,6
1114761,6
1298392,6
1057647,6
1185384,6
1170884,6
1170685,6
1282969,6
1030132,6
1034737,6
1193147,6
1230913,6
1051086,6
1041393,6
1139743,6
1037839,6
1061063,6
1167986,6
1290324,6
1058743,6
1149767,6
1259789,6
1211716,6
1305816,6
1057304,6
1270116,6
1043710,6
1237215,6
1042519,6
1233119,6
1028514,6
1113949,6
1212037,6
1214514,6
1172274,6
1088546,6
1169013,6
1312898,6
1287059,6
1168485,6
1190527,6
1042536,6
1151927,6
1181508,6
1268744,6
1173172,6
1219596,6
1198681,6
1105693,6
1254290,6
1184953,6
1304137,6
1221472,6
1019475,6
1283135,6
1063625,6
1061065,6
1053475,6
1019299,6
1129525,6
1263095,6
1082833,6
1212796,6
1295683,6
1094316,6
1303744,6
1201121,6
1269239,6
1012396,6
1092287,6
1067410,6
1087774,6
1193063,6
1044864,6
1151080,6
1028221,6
1088427,6
1268885,6
1321626,6
1055489,6
1135163,6
1294188,6
1112539,6
1213621,6
1068513,6
1032848,6
1190968,6
1204589,6
1154941,6
1178341,6
1268542,6
1135988,6
1212141,6
1316932,6
1164738,6
1060498,6
1321028,6
1251546,6
1268259,6
1097768,6
1125904,6
1126456,6
1216746,6
1106606,6
1145906,6
1295737,6
1301583,6
1020700,6
1030116,6
1156764,6
1260794,6
1057742,6
1245787,6
1234595,6
1293868,6
1273863,6
1151886,6
1184864,6
1250839,6
1054564,6
1265691,6
1258824,6
1312475,6
1106670,6
1198179,6
1057689,6
1079545,6
1041867,6
1295187,6
1091129,6
1161614,6
1162840,6
1138624,6
1271930,6
1035751,6
1151586,6
1319023,6
1292740,6
1307968,6
1261613,6
1011664,6
1214938,6
1229162,6
1170104,6
1233164,6
1171482,6
1264127,6
1196006,6
1108004,6
1251103,6
1300245,6
1015679,6
1087094,6
1071055,6
1203233,6
1190784,6
1151344,6
1025260,6
1115882,6
1051733,6
1098741,6
1063164,6
1272920,6
1279076,6
1006352,6
1204528,6
1024043,6
1211021,6
1229109,6
1154052,6
1307942,6
1004864,6
1199070,6
1256180,6
1214942,6
1256154,6
1056469,6
1032019,6
1158479,6
1280825,6
1108254,6
1298773,6
1224992,6
1276462,6
1299988,6
1006797,6
1015234,6
1316425,6
1183133,6
1253584,6
1072310,6
1078883,6
1301683,6
1184496,6
1085579,6
1086971,6
1192275,6
1114235,6
1264733,6
1197825,6
1162006,6
1314079,6
1242444,6
1171449,6
1060000,6
1271833,6
1131546,6
1201097,6
1160958,6
1131580,6
1081999,6
1258485,6
1019361,6
1159911,6
1214028,6
1245693,6
1282651,6
1139595,6
1140369,6
1027264,6
1297202,6
1167428,6
1139620,6
1129364,6
1321301,6
1089711,6
1081861,6
1133788,6
1080909,6
1023921,6
1033076,6
1230051,6
1117253,6
1312079,6
1207605,6
1157007,6
1006715,6
1137575,6
1115776,6
1193159,6
1005073,6
1100931,6
1184393,6
1075886,6
1123792,6
1126252,6
1173862,6
1213445,6
1032521,6
1280149,6
1110765,6
1029607,6
1153413,6
1067521,6
1102011,6
1251928,6
1077364,6
1009031,6
1038070,6
1048501,6
1090100,6
1042755,6
1083534,6
1148787,6
1232349,6
1031929,6
1047276,6
1063445,6
1190844,6
1159898,6
1248491,6
1226553,6
1059756,6
1224660,6
1117820,6
1110539,6
1063317,6
1209791,6
1171653,6
1282180,6
1195931,6
1130702,6
1268562,6
1068532,6
1194165,6
1012431,6
1021127,6
1019673,6
1133451,6
1263167,6
1127680,6
1319513,6
1171967,6
1096852,6
1142132,6
1308558,6
1083290,6
1099471,6
1082523,6
1218542,6
1115593,6
1138704,6
1163926,6
1223620,6
1095306,6
1078793,6
1302857,6
1023462,6
1268748,6
1321713,6
1013837,6
1092776,6
1174139,6
1225818,6
1112755,6
1173944,6
1000126,6
1275160,6
1257234,6
1028123,6
1295031,6
1202309,6
1284744,6
1308701,6
1071560,6
1161469,6
1141261,6
1202783,6
1046788,6
1032191,6
1100689,6
1234708,6
1180434,6
1222379,6
1115407,6
1237239,6
1168257,6
1207208,6
1082973,6
1184455,6
1135913,6
1188217,6
1099810,6
1010294,6
1140554,6
1303195,6
1297812,6
1061326,6
1046944,6
1063036,6
1274569,6
1078605,6
1225759,6
1034070,6
1198341,6
1064214,6
1222495,6
1058120,6
1272304,6
1138369,6
1023514,6
1165870,6
1081393,6
1185749,6
1244524,6
1090595,6
1128777,6
1071788,6
1076233,6
1025187,6
1127728,6
1313000,6
1122925,6
1167928,6
1012146,6
1047044,6
1027359,6
1257051,6
1050590,6
1018734,6
1091339,6
1168857,6
1239733,6
1228252,6
1271865,6
1195432,6
1300960,6
1253455,6
1111393,6
1218599,6
1096610,6
1003083,6
1099944,6
1081168,6
1231960,6
1001052,6
1007148,6
1304661,6
1088766,6
1039148,6
1265189,6
1020427,6
1223997,6
1282154,6
1151609,6
1209601,6
1251536,6
1240265,6
1182407,6
1079778,6
1264376,6
1191375,6
1132966,6
1066995,6
1234167,6
1155154,6
1200885,6
1121316,6
1144649,6
1080801,6
1259877,6
1018370,6
1229823,6
1238041,6
1037857,6
1158622,6
1225275,6
1137929,6
1199725,6
1231671,6
1274150,6
1044893,6
1243654,6
1067780,6
1046554,6
1157424,6
1089151,6
1292968,6
1231343,6
1136671,6
1271464,6
1083927,6
1022532,6
1122267,6
1254995,6
1212346,6
1298128,6
1181392,6
1241012,6
1043373,6
1216605,6
1163349,6
1089781,6
1308173,6
1246060,6
1236208,6
1149193,6
1289754,6
1159176,6
1129082,6
1080418,6
1019643,6
1048996,6
1269718,6
1097790,6
1041846,6
1211706,6
1167050,6
1128376,6
1142007,6
1173489,6
1101537,6
1111953,6
1075909,6
1290384,6
1050728,6
1254900,6
1071047,6
1195781,6
1038146,6
1112349,6
1083984,6
1159178,6
1068258,6
1283174,6
1233829,6
1229667,6
1110859,6
1173044,6
1065529,6
1126499,6
1085803,6
1002924,6
1057550,6
1025488,6
1129881,6
1291879,6
1137559,6
1004067,6
1166717,6
1320747,6
1239082,6
1101229,6
1242049,6
1290956,6
1114744,6
1249380,6
1101931,6
1253906,6
1263148,6
1299348,6
1154271,6
1105008,6
1169913,6
1248655,6
1251214,6
1118728,6
1112580,6
1102299,6
1296095,6
1158045,6
1108786,6
1084469,6
1173703,6
1206757,6
1182699,6
1252704,6
1050649,6
1138368,6
1195868,6
1008026,6
1110124,6
1262000,6
1191900,6
1308873,6
1120705,6
1183243,6
1244017,6
1217534,6
1147232,6
1246779,6
1152949,6
1054933,6
1099526,6
1131062,6
1319746,6
1039378,6
1290431,6
1084843,6
1248905,6
1069851,6
1209161,6
1062018,6
1309545,6
1230593,6
1128099,6
1197282,6
1115810,6
1143857,6
1053735,6
1036691,6
1187297,6
1256132,6
1044641,6
1231039,6
1246246,6
1051015,6
1217113,6
1110969,6
1035837,6
1216205,6
1229122,6
1195769,6
1088619,6
1030066,6
1322487,6
1055599,6
1279608,6
1201727,6
1059245,6
1102849,6
1321664,6
1138853,6
1241866,6
1066781,6
1131833,6
1255897,6
1022534,6
1251972,6
1008076,6
1001398,6
1167257,6
1013870,6
1314908,6
1083775,6
1296792,6
1244020,6
1211525,6
1232612,6
1212692,6
1028041,6
1019910,6
1167342,6
1027143,6
1083663,6
1080908,6
1049385,6
1092644,6
1294435,6
1158860,6
1085821,6
1043872,6
1086365,6
1234141,6
1214131,6
1032608,6
1292479,6
1073227,6
1305196,6
1025568,6
1030147,6
1292156,6
1179943,6
1187279,6
1037044,6
1191009,6
1152331,6
1290271,6
1031820,6
1037238,6
1281394,6
1130744,6
1113363,6
1013037,6
1080542,6
1120380,6
1083351,6
1207799,6
1048851,6
1288251,6
1221528,6
1264412,6
1049799,6
1150393,6
1227701,6
1264540,6
1130720,6
1198010,6
1171477,6
1247829,6
1321440,6
1014645,6
1311782,6
1126825,6
1224897,6
1061684,6
1087842,6
1064621,6
1050506,6
1023464,6
1045072,6
1091349,6
1036523,6
1300491,6
1215895,6
1034583,6
1092503,6
1008651,6
1166341,6
1074494,6
1073811,6
1188256,6
1212756,6
1290933,6
1247640,6
1171913,6
1109074,6
1213905,6
1217180,6
1261026,6
1197307,6
1147500,6
1029008,6
1124136,6
1311610,6
1052876,6
1251974,6
1287107,6
1301700,6
1100278,6
1247811,6
1079006,6
1180317,6
1223988,6
1274165,6
1150682,6
1183646,6
1011297,6
1218278,6
1283401,6
1007618,6
1183866,6
1005720,6
1026090,6
1149429,6
1016220,6
1133433,6
1133269,6
1009715,6
1266736,6
1012375,6
1002049,6
1046006,6
1070865,6
1231059,6
1029791,6
1278912,6
1201686,6
1095506,6
1299818,6
1163867,6
1314855,6
1159290,6
1186513,6
1276504,6
1061983,6
1221490,6
1222708,6
1185202,6
1249269,6
1209966,6
1105313,6
1051085,6
1137882,6
1018787,6
1121016,6
1256504,6
1086323,6
1316675,6
1208306,6
1265923,6
1060410,6
1290517,6
1096175,6
1323482,6
1238377,6
1029004,6
1156693,6
1253437,6
1188933,6
1031396,6
1322290,6
1108027,6
1240571,6
1037881,6
1020796,6
1156292,6
1225823,6
1280180,6
1230058,6
1100791,6
1085926,6
1320811,6
1064409,6
1026998,6
1283671,6
1307106,6
1215211,6
1215092,6
1155458,6
1135553,6
1294095,6
1155673,6
1149523,6
1211204,6
1031209,6
1265646,6
1106995,6
1084163,6
1318404,6
1219718,6
1152307,6
1118357,6
1143248,6
1229763,6
1176805,6
1078394,6
1203252,6
1207023,6
1268860,6
1318766,6
1166678,6
1246278,6
1125314,6
1042809,6
1041189,6
1248600,6
1023947,6
1241023,6
1271125,6
1243994,6
1310322,6
1228289,6
1223929,6
1317434,6
1316703,6
1139564,6
1283541,6
1228114,6
1119359,6
1061062,6
1274274,6
1171538,6
1073872,6
1145094,6
1044427,6
1122366,6
1215076,6
1294725,6
1043435,6
1162445,6
1101819,6
1085073,6
1176148,6
1060708,6
1028638,6
1307719,6
1116928,6
1165685,6
1325220,6
1317178,6
1207166,6
1126964,6
1170491,6
1280218,6
1265660,6
1245302,6
1097435,6
1253202,6
1232379,6
1309057,6
1286945,6
1095789,6
1126311,6
1134680,6
1150832,6
1303471,6
1209388,6
1035692,6
1058862,6
1011054,6
1066502,6
1210780,6
1055000,6
1031522,6
1321699,6
1038130,6
1228572,6
1130625,6
1012166,6
1219015,6
1185575,6
1164487,6
1269132,6
1204447,6
1235595,6
1111173,6
1140774,6
1221142,6
1304063,6
1245040,6
1264492,6
1101456,6
1092044,6
1197890,6
1216198,6
1193230,6
1121319,6
1194052,6
1151650,6
1251057,6
1036242,6
1084733,6
1312847,6
1102091,6
1019068,6
1046358,6
1135137,6
1208986,6
1092876,6
1069117,6
1128915,6
1238650,6
1155051,6
1028951,6
1079201,6
1262481,6
1131035,6
1228370,6
1061708,6
1285892,6
1073798,6
1266786,6
1245722,6
1268063,6
1195945,6
1284110,6
1166227,6
1127987,6
1138005,6
1070501,6
1223364,6
1093487,6
1056621,6
1016449,6
1307163,6
1310817,6
1143720,6
1151869,6
1087032,6
1138498,6
1235168,6
1041722,6
1253495,6
1111616,6
1174108,6
1053704,6
1220253,6
1239214,6
1062628,6
1047959,6
1237767,6
1265193,6
1117899,6
1323127,6
1039261,6
1037211,6
1020197,6
1140770,6
1258509,6
1084110,6
1123449,6
1307326,6
1013062,6
1176293,6
1070599,6
1091484,6
1131864,6
1096323,6
1255413,6
1296726,6
1161265,6
1108875,6
1279815,6
1278383,6
1238411,6
1114625,6
1250051,6
1295322,6
1134797,6
1143521,6
1096704,6
1243430,6
1319750,6
1225340,6
1311285,6
1110747,6
1106967,6
1066206,6
1249901,6
1016925,6
1235597,6
1278031,6
1302937,6
1314458,6
1266053,6
1295762,6
1308769,6
1193665,6
1287447,6
1162233,6
1111145,6
1063078,6
1010722,6
1187551,6
1283825,6
1181777,6
1192040,6
1055524,6
1181973,6
1320723,6
1190090,6
1263898,6
1029046,6
1137248,6
1045694,6
1086491,6
1011239,6
1031583,6
1043257,6
1039874,6
1093617,6
1268856,6
1297559,6
1177869,6
1178549,6
1081938,6
1117155,6
1042908,6
1294123,6
1272934,6
1088798,6
1196588,6
1026926,6
1047388,6
1132945,6
1152707,6
1238162,6
1120588,6
1026685,6
1142346,6
1280497,6
1204938,6
1235543,6
1295776,6
1323939,6
1044774,6
1210786,6
1018678,6
1118272,6
1085053,6
1201038,6
1282719,6
1220599,6
1268009,6
1169616,6
1261981,6
1217036,6
1245300,6
1151259,6
1183765,6
1037899,6
1015956,6
1190050,6
1214649,6
1072183,6
1018675,6
1252372,6
1070266,6
1150644,6
1304515,6
1324281,6
1000383,6
1077161,6
1252367,6
1110131,6
1258661,6
1231967,6
1204590,6
1109417,6
1125951,6
1176543,6
1198798,6
1066351,6
1177636,6
1135061,6
1124062,6
1163229,6
1207972,6
1010751,6
1289184,6
1024835,6
1181786,6
1285866,6
1301396,6
1182002,6
1121200,6
1305677,6
1304093,6
1050849,6
1039630,6
1006129,6
1096339,6
1153336,6
1300348,6
1116484,6
1252272,6
1101091,6
1084709,6
1190668,6
1159001,6
1310677,6
1242094,6
1045502,6
1136453,6
1070380,6
1150133,6
1277762,6
1283083,6
1179197,6
1057440,6
1232964,6
1239826,6
1244937,6
1297643,6
1136728,6
1104832,6
1066221,6
1061158,6
1111794,6
1059865,6
1317246,6
1045947,6
1089185,6
1068112,6
1074898,6
1032385,6
1014980,6
1003136,6
1127290,6
1180567,6
1207364,6
1112984,6
1162681,6
1275202,6
1040201,6
1088807,6
1274622,6
1298094,6
1070084,6
1239232,6
1207780,6
1215760,6
1301632,6
1210557,6
1220951,6
1153964,6
1009618,6
1123567,6
1178065,6
1093890,6
1198103,6
1110305,6
1140128,6
1089515,6
1227396,6
1239766,6
1014701,6
1101643,6
1168941,6
1036308,6
1018178,6
1272355,6
1276032,6
1173875,6
1143652,6
1128982,6
1202627,6
1016972,6
1060828,6
1189874,6
1317744,6
1315630,6
1071085,6
1180051,6
1084342,6
1240944,6
1232947,6
1248009,6
1177925,6
1115963,6
1072652,6
1185599,6
1221512,6
1046592,6
1290717,6
1275111,6
1266871,6
1303812,6
1267437,6
1306677,6
1278226,6
1255688,6
1228709,6
1140402,6
1021002,6
1145836,6
1187679,6
1104106,6
1221917,6
1209868,6
1037902,6
1009333,6
1250992,6
1246116,6
1079601,6
1239984,6
1012115,6
1041424,6
1313540,6
1183589,6
1302027,6
1083514,6
1017170,6
1094450,6
1290204,6
1313602,6
1057166,6
1018138,6
1045514,6
1172961,6
1280291,6
1316315,6
1230130,6
1067034,6
1309300,6
1173821,6
1046883,6
1087500,6
1210538,6
1096825,6
1251629,6
1150094,6
1036853,6
1305447,6
1083962,6
1110812,6
1239129,6
1081059,6
1054672,6
1055623,6
1048457,6
1188794,6
1225673,6
1169618,6
1300122,6
1077709,6
1038185,6
1163757,6
1006329,6
1015073,6
1015997,6
1249997,6
1149123,6
1093021,6
1140191,6
1300669,6
1000251,6
1041049,6
1268867,6
1287986,6
1116996,6
1307647,6
1268275,6
1046499,6
1126554,6
1061083,6
1044495,6
1145660,6
1148267,6
1071203,6
1152352,6
1149119,6
1082037,6
1106612,6
1014203,6
1065186,6
1311274,6
1020558,6
1263971,6
1195117,6
1004923,6
1278406,6
1055836,6
1220650,6
1096619,6
1131924,6
1139054,6
1150451,6
1319342,6
1107543,6
1255948,6
1014312,6
1168897,6
1094066,6
1270427,6
1034474,6
1061432,6
1290922,6
1232391,6
1311201,6
1061387,6
1030025,6
1105743,6
1068192,6
1210313,6
1193072,6
1065114,6
1288059,6
1151620,6
1158429,6
1210889,6
1072748,6
1098015,6
1005565,6
1236856,6
1102841,6
1008554,6
1229682,6
1238993,6
1223441,6
1235750,6
1267741,6
1252936,6
1239760,6
1084748,6
1036601,6
1294364,6
1164577,6
1312842,6
1296352,6
1251281,6
1013957,6
1279502,6
1299873,6
1044073,6
1307349,6
1238556,6
1082888,6
1230400,6
1126221,6
1309141,6
1266579,6
1200442,6
1007186,6
1221780,6
1088389,6
1206007,6
1277272,6
1177437,6
1306868,6
1165962,6
1016188,6
1122108,6
1061182,6
1180854,6
1115282,6
1057136,6
1197270,6
1301865,6
1173230,6
1254241,6
1116914,6
1064991,6
1276845,6
1244878,6
1030270,6
1308191,6
1135822,6
1257674,6
1021242,6
1206623,6
1089080,6
1027420,6
1235255,6
1066020,6
1238258,6
1063432,6
1166710,6
1240573,6
1040110,6
1047090,6
1055009,6
1224453,6
1273786,6
1009425,6
1144716,6
1102905,6
1250380,6
1314293,6
1133787,6
1112853,6
1099918,6
1281103,6
1193212,6
1078667,6
1313102,6
1302036,6
1200471,6
1000938,6
1252566,6
1120279,6
1042029,6
1287852,6
1135709,6
1307545,6
1278823,6
1107922,6
1199767,6
1322798,6
1033674,6
1004908,6
1017323,6
1044939,6
1290125,6
1145587,6
1098873,6
1097417,6
1021353,6
1207598,6
1162718,6
1213200,6
1205852,6
1192586,6
1160951,6
1187158,6
1275984,6
1098713,6
1003871,6
1100388,6
1029625,6
1291913,6
1203867,6
1268664,6
1250459,6
1048277,6
1316128,6
1035523,6
1025650,6
1323478,6
1301813,6
1063882,6
1225979,6
1049398,6
1119643,6
1208497,6
1120174,6
1279411,6
1012402,6
1294767,6
1009800,6
1213610,6
1092984,6
1099678,6
1308932,6
1243286,6
1118729,6
1147892,6
1145611,6
1039028,6
1274249,6
1269721,6
1139438,6
1225288,6
1216042,6
1053555,6
1303749,6
1265143,6
1118494,6
1299538,6
1027869,6
1113923,6
1294829,6
1318939,6
1228523,6
1248841,6
1256567,6
1037308,6
1265509,6
1177851,6
1100783,6
1053158,6
1051577,6
1183559,6
1254970,6
1282625,6
1294680,6
1086066,6
1321641,6
1152189,6
1211464,6
1200272,6
1145641,6
1019772,6
1321393,6
1013857,6
1166570,6
1045604,6
1061750,6
1211274,6
1307727,6
1273005,6
1277670,6
1189506,6
1011950,6
1162848,6
1153159,6
1115044,6
1029033,6
1161819,6
1180657,6
1306975,6
1027320,6
1026036,6
1032255,6
1115375,6
1043065,6
1054727,6
1167261,6
1296306,6
1134824,6
1126032,6
1236608,6
1253199,6
1323911,6
1155584,6
1143916,6
1090496,6
1020526,6
1123996,6
1033973,6
1248024,6
1151984,6
1130500,6
1303381,6
1290279,6
1105789,6
1201728,6
1259741,6
1006199,6
1081503,6
1206262,6
1266317,6
1071247,6
1004084,6
1098951,6
1134061,6
1074285,6
1315899,6
1273868,6
1246330,6
1160059,6
1303675,6
1305833,6
1058377,6
1159991,6
1255959,6
1011216,6
1171159,6
1074296,6
1232545,6
1030276,6
1088422,6
1176183,6
1264901,6
1005409,6
1108074,6
1143553,6
1153961,6
1095959,6
1253002,6
1000666,6
1084758,6
1314294,6
1166203,6
1220762,6
1181544,6
1215344,6
1035329,6
1168126,6
1119985,6
1245653,6
1219807,6
1034722,6
1007733,6
1147879,6
1158965,6
1041118,6
1154364,6
1009089,6
1079331,6
1216101,6
1291428,6
1191492,6
1053457,6
1280676,6
1282468,6
1188489,6
1314563,6
1314353,6
1309086,6
1043212,6
1165661,6
1208701,6
1005296,6
1155410,6
1097241,6
1240786,6
1146171,6
1188850,6
1233144,6
1158234,6
1209819,6
1262567,6
1280513,6
1102723,6
1089124,6
1002068,6
1267037,6
1042573,6
1051159,6
1126049,6
1018451,6
1256383,6
1262065,6
1203920,6
1093033,6
1208149,6
1087034,6
1040314,6
1249775,6
1197763,6
1296036,6
1028347,6
1022442,6
1190767,6
1010902,6
1017693,6
1104021,6
1018744,6
1040445,6
1234239,6
1043686,6
1207708,6
1109585,6
1060637,6
1167369,6
1132497,6
1175277,6
1146065,6
1260808,6
1036264,6
1005070,6
1255570,6
1118985,6
1323387,6
1119537,6
1119008,6
1188038,6
1277164,6
1169627,6
1082822,6
1137667,6
1029457,6
1068122,6
1270389,6
1158143,6
1115427,6
1019994,6
1117283,6
1290808,6
1286599,6
1141435,6
1245237,6
1109796,6
1018161,6
1038956,6
1092467,6
1253284,6
1150771,6
1130410,6
1165924,6
1307990,6
1189244,6
1045841,6
1299150,6
1186885,6
1092155,6
1078996,6
1164180,6
1024179,6
1313124,6
1032768,6
1138200,6
1264371,6
1024709,6
1013920,6
1231075,6
1130220,6
1256479,6
1023153,6
1070466,6
1218023,6
1293888,6
1061856,6
1072261,6
1265869,6
1043034,6
1244776,6
1165301,6
1065323,6
1262049,6
1045122,6
1269663,6
1122529,6
1205538,6
1136490,6
1069132,6
1119316,6
1236395,6
1069385,6
1183517,6
1018310,6
1196180,6
1196711,6
1216762,6
1174114,6
1088755,6
1079633,6
1159796,6
1013771,6
1006301,6
1226774,6
1206929,6
1198051,6
1219157,6
1159000,6
1142389,6
1071828,6
1183499,6
1032392,6
1072715,6
1117409,6
1313872,6
1159063,6
1155759,6
1286881,6
1206031,6
1294145,6
1122594,6
1304634,6
1306953,6
1311030,6
1004064,6
1016956,6
1080717,6
1028414,6
1292965,6
1015190,6
1257169,6
1139978,6
1059521,6
1157955,6
1205214,6
1260541,6
1290492,6
1204596,6
1084383,6
1291375,6
1263235,6
1312454,6
1204372,6
1226111,6
1252701,6
1152706,6
1267137,6
1077629,6
1210636,6
1130300,6
1207128,6
1214782,6
1133030,6
1035744,6
1169267,6
1290052,6
1281287,6
1243579,6
1149150,6
1075789,6
1184534,6
1261578,6
1283810,6
1095847,6
1010494,6
1307308,6
1210796,6
1161625,6
1095051,6
1170958,6
1152259,6
1132909,6
1092691,6
1154048,6
1063124,6
1169136,6
1179661,6
1243580,6
1014115,6
1012909,6
1090623,6
1042678,6
1305670,6
1135947,6
1023293,6
1102740,6
1014824,6
1321074,6
1279831,6
1217285,6
1171156,6
1218486,6
1250605,6
1060107,6
1202077,6
1087813,6
1302134,6
1038336,6
1065719,6
1188045,6
1127412,6
1119396,6
1053170,6
1125178,6
1025601,6
1235996,6
1311277,6
1123214,6
1059106,6
1200854,6
1320611,6
1240344,6
1319552,6
1287525,6
1016575,6
1294049,6
1284775,6
1071544,6
1200342,6
1163406,6
1122154,6
1088251,6
1102053,6
1252098,6
1002865,6
1114869,6
1052078,6
1286304,6
1097012,6
1198018,6
1299678,6
1110944,6
1303724,6
1174826,6
1218693,6
1162344,6
1055355,6
1116751,6
1104866,6
1081084,6
1222575,6
1296437,6
1223011,6
1096989,6
1133284,6
1124638,6
1161415,6
1183909,6
1162176,6
1266082,6
1196868,6
1262110,6
1157473,6
1156899,6
1255577,6
1227349,6
1164302,6
1208269,6
1253150,6
1258093,6
1185233,6
1173124,6
1258317,6
1292712,6
1097011,6
1265098,6
1008902,6
1313897,6
1182901,6
1028991,6
1138734,6
1216570,6
1165324,6
1216770,6
1227546,6
1278288,6
1255089,6
1197036,6
1178493,6
1110163,6
1097438,6
1282073,6
1128772,6
1193468,6
1023962,6
1233503,6
1012927,6
1206458,6
1100779,6
1259504,6
1308783,6
1271857,6
1151335,6
1075036,6
1162757,6
1029410,6
1177282,6
1136133,6
1315250,6
1020140,6
1108573,6
1325434,6
1008903,6
1224054,6
1275873,6
1199453,6
1092823,6
1244973,6
1227489,6
1243372,6
1110778,6
1093216,6
1085342,6
1150439,6
1290891,6
1123908,6
1285547,6
1132240,6
1088850,6
1143845,6
1188826,6
1276085,6
1111566,6
1191661,6
1117381,6
1045132,6
1232029,6
1177391,6
1173395,6
1176758,6
1017723,6
1248359,6
1225990,6
1318472,6
1114807,6
1120982,6
1020986,6
1305932,6
1058052,6
1217769,6
1166866,6
1126977,6
1116778,6
1075095,6
1220561,6
1277235,6
1208484,6
1057146,6
1124751,6
1301566,6
1049612,6
1266963,6
1107936,6
1220131,6
1253520,6
1226678,6
1073450,6
1095610,6
1259570,6
1137996,6
1321986,6
1285325,6
1227312,6
1108510,6
1072777,6
1167936,6
1232049,6
1023958,6
1171480,6
1174586,6
1129776,6
1064100,6
1318411,6
1082729,6
1066277,6
1007362,6
1092401,6
1293983,6
1147844,6
1223327,6
1008130,6
1271404,6
1286245,6
1106028,6
1310836,6
1013004,6
1317927,6
1182031,6
1281069,6
1088534,6
1156555,6
1227574,6
1040307,6
1245046,6
1011775,6
1131234,6
1099277,6
1158352,6
1187772,6
1154794,6
1271686,6
1283984,6
1122642,6
1042405,6
1157324,6
1150857,6
1266688,6
1294624,6
1108227,6
1207471,6
1026428,6
1042872,6
1221320,6
1297927,6
1319565,6
1241990,6
1208283,6
1006549,6
1257636,6
1255891,6
1159919,6
1305409,6
1130963,6
1089584,6
1070264,6
1046407,6
1219176,6
1056366,6
1231931,6
1017912,6
1178308,6
1093846,6
1013948,6
1187888,6
1040697,6
1224099,6
1193237,6
1263533,6
1042018,6
1289801,6
1119023,6
1092476,6
1109254,6
1105101,6
1178997,6
1103560,6
1260298,6
1060394,6
1199726,6
1315039,6
1048251,6
1008177,6
1180852,6
1225830,6
1124821,6
1044217,6
1268780,6
1002224,6
1306615,6
1231696,6
1153397,6
1222079,6
1137002,6
1271131,6
1126426,6
1270083,6
1307466,6
1016189,6
1024943,6
1086965,6
1024123,6
1066551,6
1304965,6
1089441,6
1251494,6
1312693,6
1324700,6
1121329,6
1088185,6
1234163,6
1191070,6
1301232,6
1260397,6
1202822,6
1180220,6
1111408,6
1175533,6
1325810,6
1251131,6
1274401,6
1217887,6
1195523,6
1071090,6
1086426,6
1180036,6
1055843,6
1304389,6
1262138,6
1268171,6
1202327,6
1003690,6
1173390,6
1267955,6
1217028,6
1066662,6
1016860,6
1012962,6
1125846,6
1276330,6
1242830,6
1076650,6
1012338,6
1300384,6
1114950,6
1090427,6
1119279,6
1196189,6
1172856,6
1230554,6
1106257,6
1261595,6
1061641,6
1261287,6
1255232,6
1136138,6
1292393,6
1258846,6
1312380,6
1291849,6
1310226,6
1061878,6
1024499,6
1011738,6
1248847,6
1140730,6
1080392,6
1045135,6
1068671,6
1248537,6
1305636,6
1057212,6
1317659,6
1029292,6
1138875,6
1164882,6
1069441,6
1033192,6
1113256,6
1022579,6
1208493,6
1180734,6
1308889,6
1277461,6
1249996,6
1270287,6
1240379,6
1213017,6
1056301,6
1126410,6
1036710,6
1085516,6
1232755,6
1081467,6
1256710,6
1066688,6
1084999,6
1221365,6
1317466,6
1130994,6
1106616,6
1114800,6
1017843,6
1325738,6
1018556,6
1120005,6
1158080,6
1273929,6
1262916,6
1102605,6
1204100,6
1200331,6
1304865,6
1095340,6
1193678,6
1049264,6
1192964,6
1210599,6
1076300,6
1084294,6
1068855,6
1022213,6
1221608,6
1090555,6
1233199,6
1220730,6
1070420,6
1088591,6
1200826,6
1177948,6
1094852,6
1109867,6
1281715,6
1298465,6
1311849,6
1079906,6
1145733,6
1166670,6
1322442,6
1008134,6
1090856,6
1312513,6
1119989,6
1012180,6
1222278,6
1063608,6
1244625,6
1070912,6
1001583,6
1043969,6
1232607,6
1280092,6
1022981,6
1084094,6
1260725,6
1304897,6
1186205,6
1240019,6
1194840,6
1322822,6
1109057,6
1272412,6
1158857,6
1168253,6
1221680,6
1156677,6
1063241,6
1276568,6
1309456,6
1320050,6
1186063,6
1194904,6
1311507,6
1100813,6
1170527,6
1239545,6
1237494,6
1217383,6
1114283,6
1040046,6
1273348,6
1068374,6
1071645,6
1156698,6
1066117,6
1202908,6
1100562,6
1017461,6
1166076,6
1235538,6
1044604,6
1205084,6
1135569,6
1149317,6
1307645,6
1056218,6
1158121,6
1102660,6
1156824,6
1154229,6
1151156,6
1280815,6
1217310,6
1128356,6
1196302,6
1185588,6
1291174,6
1093920,6
1185834,6
1173892,6
1177981,6
1281596,6
1280202,6
1161137,6
1280328,6
1075197,6
1228926,6
1075334,6
1288130,6
1315347,6
1183497,6
1148492,6
1283787,6
1122558,6
1114571,6
1029160,6
1085202,6
1103926,6
1245622,6
1132490,6
1208498,6
1057036,6
1268026,6
1188244,6
1082215,6
1320812,6
1195790,6
1030941,6
1309913,6
1082103,6
1207931,6
1165642,6
1201263,6
1064148,6
1301018,6
1127733,6
1036906,6
1273525,6
1158627,6
1301783,6
1313460,6
1264154,6
1112964,6
1139803,6
1128562,6
1114679,6
1007775,6
1318951,6
1111786,6
1302650,6
1151298,6
1053402,6
1296707,6
1316117,6
1017044,6
1114506,6
1171461,6
1054304,6
1248625,6
1132221,6
1141324,6
1099767,6
1325406,6
1251645,6
1096631,6
1269699,6
1105440,6
1278591,6
1212942,6
1056916,6
1143484,6
1153071,6
1208343,6
1305512,6
1216467,6
1218611,6
1128129,6
1298552,6
1171429,6
1301538,6
1177686,6
1109583,6
1102100,6
1074068,6
1081715,6
1166860,6
1055745,6
1304812,6
1126323,6
1224426,6
1291802,6
1179186,6
1065842,6
1055740,6
1306659,6
1018998,6
1140885,6
1085025,6
1184391,6
1196049,6
1146617,6
1281774,6
1092955,6
1082640,6
1315870,6
1154854,6
1271410,6
1104799,6
1254753,6
1061078,6
1060066,6
1226946,6
1274920,6
1287505,6
1259118,6
1217734,6
1235430,6
1117720,6
1230676,6
1287794,6
1177306,6
1181003,6
1042977,6
1313857,6
1223149,6
1107927,6
1028557,6
1241611,6
1058648,6
1241181,6
1152611,6
1092914,6
1130441,6
1020301,6
1187301,6
1312349,6
1095810,6
1193330,6
1042969,6
1234505,6
1282452,6
1291030,6
1273465,6
1267563,6
1133316,6
1072219,6
1136457,6
1210338,6
1128553,6
1122158,6
1302211,6
1252711,6
1182592,6
1314193,6
1319561,6
1077608,6
1023888,6
1053024,6
1011853,6
1061424,6
1080541,6
1204583,6
1126181,6
1117750,6
1293070,6
1313670,6
1074928,6
1199078,6
1198686,6
1207797,6
1152332,6
1306278,6
1005429,6
1196970,6
1062980,6
1214891,6
1183500,6
1083540,6
1252076,6
1211036,6
1282444,6
1181339,6
1219380,6
1059715,6
1218433,6
1258711,6
1104132,6
1290817,6
1267118,6
1072609,6
1280726,6
1322067,6
1262416,6
1118303,6
1149201,6
1003513,6
1139947,6
1021321,6
1111469,6
1183776,6
1179547,6
1307089,6
1202216,6
1293925,6
1172535,6
1020488,6
1108139,6
1079132,6
1011671,6
1140650,6
1014254,6
1206403,6
1164955,6
1296448,6
1014771,6
1145648,6
1042584,6
1102438,6
1135029,6
1028419,6
1290683,6
1204816,6
1218642,6
1004877,6
1165061,6
1025006,6
1155596,6
1037998,6
1015448,6
1015593,6
1066512,6
1212691,6
1048045,6
1010629,6
1322502,6
1042285,6
1230469,6
1040664,6
1106385,6
1131209,6
1144975,6
1057266,6
1196791,6
1108702,6
1106424,6
1236584,6
1117522,6
1231473,6
1287351,6
1115215,6
1249328,6
1214431,6
1225024,6
1202410,6
1322206,6
1218861,6
1297166,6
1186833,6
1146020,6
1151499,6
1242782,6
1199353,6
1078072,6
1002862,6
1034820,6
1292376,6
1195361,6
1196951,6
1036829,6
1192303,6
1057404,6
1028547,6
1238333,6
1027797,6
1060340,6
1127141,6
1250631,6
1096038,6
1091878,6
1149170,6
1105230,6
1071942,6
1255976,6
1235691,6
1015221,6
1248183,6
1175803,6
1139613,6
1303255,6
1207439,6
1002380,6
1035850,6
1276076,6
1090690,6
1022566,6
1182207,6
1056954,6
1174321,6
1078831,6
1094082,6
1301821,6
1229872,6
1173994,6
1224815,6
1208115,6
1134468,6
1201779,6
1095618,6
1320663,6
1204708,6
1094119,6
1114860,6
1046390,6
1077920,6
1261314,6
1025157,6
1132085,6
1105670,6
1178021,6
1027060,6
1187756,6
1228826,6
1205486,6
1200574,6
1023180,6
1086587,6
1253330,6
1153641,6
1032518,6
1174244,6
1070486,6
1320292,6
1275712,6
1171382,6
1170713,6
1116931,6
1051340,6
1291151,6
1323301,6
1061807,6
1318824,6
1237719,6
1026531,6
1032086,6
1272259,6
1256253,6
1248015,6
1141027,6
1137699,6
1166973,6
1154134,6
1280846,6
1295932,6
1169031,6
1210359,6
1085162,6
1205046,6
1118576,6
1308460,6
1078198,6
1086983,6
1259225,6
1184518,6
1026228,6
1173975,6
1198670,6
1244398,6
1129485,6
1001978,6
1231221,6
1133645,6
1060946,6
1305770,6
1152395,6
1002742,6
1240580,6
1114473,6
1011504,6
1187017,6
1158510,6
1251816,6
1118291,6
1221295,6
1055153,6
1282477,6
1213856,6
1238756,6
1117437,6
1240511,6
1034987,6
1256010,6
1065483,6
1253862,6
1031594,6
1024946,6
1292942,6
1174101,6
1236621,6
1206375,6
1149822,6
1076507,6
1296868,6
1223440,6
1121622,6
1229094,6
1147463,6
1115107,6
1118082,6
1111462,6
1173747,6
1049591,6
1082499,6
1150491,6
1189889,6
1100467,6
1179462,6
1194220,6
1222203,6
1165805,6
1242431,6
1175920,6
1066884,6
1320189,6
1216726,6
1100812,6
1130113,6
1159446,6
1311244,6
1239124,6
1075226,6
1172018,6
1170712,6
1229170,6
1227308,6
1185232,6
1273510,6
1239423,6
1064333,6
1173625,6
1224433,6
1310030,6
1183895,6
1156422,6
1214166,6
1174791,6
1058437,6
1307278,6
1322209,6
1310928,6
1294803,6
1073962,6
1205058,6
1174363,6
1045348,6
1261427,6
1026114,6
1082560,6
1323965,6
1156997,6
1109447,6
1201999,6
1086011,6
1047774,6
1258980,6
1270046,6
1165387,6
1292532,6
1169493,6
1208404,6
1095957,6
1281141,6
1068481,6
1049702,6
1194864,6
1149698,6
1126091,6
1310478,6
1153437,6
1232194,6
1167304,6
1277140,6
1080504,6
1021038,6
1027858,6
1053285,6
1130675,6
1097603,6
1155405,6
1319955,6
1305314,6
1183549,6
1316070,6
1088938,6
1100951,6
1200545,6
1132377,6
1289410,6
1085956,6
1160607,6
1104585,6
1250752,6
1193836,6
1166816,6
1215399,6
1222706,6
1010970,6
1229226,6
1161316,6
1284916,6
1081857,6
1286185,6
1077336,6
1048433,6
1051532,6
1261327,6
1045802,6
1047613,6
1233735,6
1134528,6
1324652,6
1148971,6
1055480,6
1280470,6
1070074,6
1067584,6
1153750,6
1115756,6
1159268,6
1236789,6
1264416,6
1227786,6
1072750,6
1245494,6
1136754,6
1303318,6
1107853,6
1234795,6
1308632,6
1134898,6
1078376,6
1233661,6
1078128,6
1192520,6
1259343,6
1095313,6
1224853,6
1064677,6
1068351,6
1237936,6
1086322,6
1159376,6
1216869,6
1309178,6
1179531,6
1319415,6
1026661,6
1178807,6
1242242,6
1117047,6
1324996,6
1061950,6
1158084,6
1092990,6
1019096,6
1170843,6
1167376,6
1102260,6
1056089,6
1158282,6
1029351,6
1252002,6
1064351,6
1126234,6
1225747,6
1161875,6
1040880,6
1303906,6
1174811,6
1108972,6
1088792,6
1016780,6
1245299,6
1117149,6
1088778,6
1293152,6
1293053,6
1169033,6
1145452,6
1168270,6
1312127,6
1133329,6
1187065,6
1041131,6
1212432,6
1166513,6
1023001,6
1138608,6
1065545,6
1174486,6
1321194,6
1094575,6
1025250,6
1167585,6
1309833,6
1249965,6
1324072,6
1098126,6
1173478,6
1019177,6
1054435,6
1220404,6
1107293,6
1130802,6
1264066,6
1209330,6
1057437,6
1217433,6
1128130,6
1003162,6
1203869,6
1191681,6
1017346,6
1034601,6
1068198,6
1078088,6
1218379,6
1291008,6
1117733,6
1177289,6
1069184,6
1300553,6
1028760,6
1324361,6
1235298,6
1064188,6
1184710,6
1307958,6
1094537,6
1196290,6
1180828,6
1121191,6
1211403,6
1269115,6
1260969,6
1167793,6
1156558,6
1042838,6
1035832,6
1019095,6
1018343,6
1286774,6
1115329,6
1277430,6
1212419,6
1214802,6
1263276,6
1202497,6
1076602,6
1022493,6
1018419,6
1253798,6
1046884,6
1258970,6
1253307,6
1019449,6
1048596,6
1057321,6
1318853,6
1317232,6
1130201,6
1310857,6
1116103,6
1314629,6
1008372,6
1098456,6
1078373,6
1082534,6
1175670,6
1189611,6
1322886,6
1188726,6
1178449,6
1166330,6
1265700,6
1308718,6
1322831,6
1268510,6
1280213,6
1069125,6
1067305,6
1226498,6
1140784,6
1205150,6
1023327,6
1161266,6
1300983,6
1272925,6
1149758,6
1168880,6
1073842,6
1119368,6
1257085,6
1042446,6
1196200,6
1325801,6
1063474,6
1026996,6
1120907,6
1239888,6
1169737,6
1202736,6
1089783,6
1114856,6
1215152,6
1309148,6
1282791,6
1298911,6
1153559,6
1277694,6
1132088,6
1048170,6
1197433,6
1063049,6
1077181,6
1114696,6
1301196,6
1132325,6
1098661,6
1106161,6
1247859,6
1065850,6
1316485,6
1173515,6
1268048,6
1202797,6
1018690,6
1245151,6
1298531,6
1322496,6
1113952,6
1107622,6
1145977,6
1107112,6
1298629,6
1028587,6
1222686,6
1236128,6
1119639,6
1210819,6
1161040,6
1306643,6
1237026,6
1142203,6
1119658,6
1202744,6
1091483,6
1323972,6
1073673,6
1268355,6
1159877,6
1310764,6
1312867,6
1280600,6
1278136,6
1199269,6
1075200,6
1246985,6
1020200,6
1060969,6
1155680,6
1221861,6
1150818,6
1178134,6
1273588,6
1049200,6
1153848,6
1158164,6
1041715,6
1201833,6
1291142,6
1278339,6
1094957,6
1126194,6
1024725,6
1283701,6
1066967,6
1290746,6
1071444,6
1029579,6
1026539,6
1312197,6
1029263,6
1012781,6
1019477,6
1158187,6
1322270,6
1134224,6
1037454,6
1029931,6
1032045,6
1088026,6
1046757,6
1177946,6
1018105,6
1133572,6
1277931,6
1158849,6
1121428,6
1244392,6
1239905,6
1103244,6
1274560,6
1076835,6
1300343,6
1018901,6
1156809,6
1277303,6
1281497,6
1249791,6
1049274,6
1214679,6
1295158,6
1270092,6
1158847,6
1279798,6
1178810,6
1125881,6
1187233,6
1325675,6
1310915,6
1307489,6
1199924,6
1123389,6
1304359,6
1268298,6
1015998,6
1007289,6
1015952,6
1000477,6
1158317,6
1172611,6
1155897,6
1001942,6
1003000,6
1094842,6
1218569,6
1048072,6
1102154,6
1156606,6
1242476,6
1016326,6
1135115,6
1300685,6
1151450,6
1223242,6
1237394,6
1087760,6
1267021,6
1281155,6
1116454,6
1241583,6
1275495,6
1008676,6
1240480,6
1263781,6
1078911,6
1202351,6
1062950,6
1175647,6
1244750,6
1056965,6
1246051,6
1240750,6
1278947,6
1066916,6
1124474,6
1011029,6
1267161,6
1065434,6
1090263,6
1236944,6
1028003,6
1254706,6
1192316,6
1109640,6
1140426,6
1029511,6
1178885,6
1124663,6
1285467,6
1020203,6
1205954,6
1146926,6
1091045,6
1019927,6
1089263,6
1273651,6
1060800,6
1011988,6
1075375,6
1259796,6
1117998,6
1281116,6
1133298,6
1184487,6
1321751,6
1082963,6
1225980,6
1188671,6
1211918,6
1018562,6
1226759,6
1195072,6
1165520,6
1020318,6
1051516,6
1284061,6
1301968,6
1052935,6
1185140,6
1160317,6
1121765,6
1289045,6
1302623,6
1130022,6
1024015,6
1159579,6
1062120,6
1214922,6
1266470,6
1202513,6
1040716,6
1049454,6
1236971,6
1136002,6
1071637,6
1007297,6
1139517,6
1196017,6
1231933,6
1259403,6
1171113,6
1183791,6
1104828,6
1245817,6
1150216,6
1118463,6
1249379,6
1250414,6
1086664,6
1002078,6
1322600,6
1066937,6
1241693,6
1235541,6
1316803,6
1219811,6
1325264,6
1281137,6
1014656,6
1269766,6
1144745,6
1015610,6
1068353,6
1234159,6
1304782,6
1305844,6
1040864,6
1188678,6
1239667,6
1025698,6
1040430,6
1070099,6
1176334,6
1278085,6
1295009,6
1189536,6
1055419,6
1206683,6
1176762,6
1060040,6
1279344,6
1127078,6
1075821,6
1230960,6
1256297,6
1123960,6
1073298,6
1295142,6
1106102,6
1103565,6
1048854,6
1297825,6
1135933,6
1108016,6
1048648,6
1111114,6
1242927,6
1064339,6
1323391,6
1220191,6
1053144,6
1139932,6
1055738,6
1180741,6
1074873,6
1095595,6
1039930,6
1000905,6
1223347,6
1088043,6
1039697,6
1275441,6
1043909,6
1203972,6
1044486,6
1019354,6
1246273,6
1291595,6
1097821,6
1152373,6
1085404,6
1219521,6
1322741,6
1152494,6
1221747,6
1172864,6
1305390,6
1029897,6
1258465,6
1144848,6
1202617,6
1260204,6
1007266,6
1297602,6
1117804,6
1071652,6
1101322,6
1031876,6
1091163,6
1035633,6
1270315,6
1228703,6
1304441,6
1127584,6
1190416,6
1256096,6
1209260,6
1217664,6
1122848,6
1017839,6
1169210,6
1089954,6
1126934,6
1270964,6
1053701,6
1061824,6
1075951,6
1205255,6
1250284,6
1107054,6
1089162,6
1121814,6
1195566,6
1188734,6
1214572,6
1193942,6
1303495,6
1095457,6
1161887,6
1034432,6
1155913,6
1064581,6
1045606,6
1305044,6
1063540,6
1055126,6
1298907,6
1155647,6
1237599,6
1277509,6
1247931,6
1244844,6
1229305,6
1257533,6
1060164,6
1257393,6
1159907,6
1149268,6
1318819,6
1146448,6
1058773,6
1041374,6
1165337,6
1104234,6
1099591,6
1147902,6
1055336,6
1288475,6
1115281,6
1129912,6
1231355,6
1110104,6
1044820,6
1255286,6
1305120,6
1129240,6
1239086,6
1027522,6
1307123,6
1276828,6
1042665,6
1047212,6
1161041,6
1060968,6
1247739,6
1069820,6
1229822,6
1112454,6
1111902,6
1222731,6
1246497,6
1232620,6
1221442,6
1209247,6
1053048,6
1283903,6
1104492,6
1177202,6
1002113,6
1150310,6
1110400,6
1216658,6
1144788,6
1123098,6
1144616,6
1227338,6
1008449,6
1173901,6
1132929,6
1029387,6
1253227,6
1102956,6
1234037,6
1173336,6
1068034,6
1000316,6
1212536,6
1318289,6
1089805,6
1252675,6
1116810,6
1051393,6
1111372,6
1103319,6
1061646,6
1143847,6
1153087,6
1064340,6
1275689,6
1127386,6
1019926,6
1030067,6
1246339,6
1278437,6
1322167,6
1224821,6
1150724,6
1237434,6
1313660,6
1097129,6
1146358,6
1039752,6
1238003,6
1236514,6
1265681,6
1143676,6
1110019,6
1295483,6
1088834,6
1158245,6
1097569,6
1076253,6
1318668,6
1045000,6
1125850,6
1263257,6
1322976,6
1200420,6
1189003,6
1273406,6
1257066,6
1280737,6
1005543,6
1291890,6
1318166,6
1313634,6
1197782,6
1281469,6
1315215,6
1080547,6
1120362,6
1038555,6
1284607,6
1155583,6
1058937,6
1148567,6
1151924,6
1066718,6
1165917,6
1060769,6
1044707,6
1268633,6
1060122,6
1122478,6
1289246,6
1167878,6
1198333,6
1305010,6
1286832,6
1054092,6
1016227,6
1279511,6
1150427,6
1040495,6
1150998,6
1234035,6
1156339,6
1020634,6
1008135,6
1204465,6
1159499,6
1084230,6
1109050,6
1164061,6
1286039,6
1104500,6
1252154,6
1195127,6
1309606,6
1274333,6
1076997,6
1318162,6
1073658,6
1258563,6
1254803,6
1187054,6
1039418,6
1086015,6
1185339,6
1316779,6
1106392,6
1050261,6
1027504,6
1027309,6
1136988,6
1088970,6
1082389,6
1089601,6
1195538,6
1146436,6
1100755,6
1176216,6
1012532,6
1017743,6
1226148,6
1134841,6
1193209,6
1223499,6
1178953,6
1155806,6
1272624,6
1271510,6
1140515,6
1159222,6
1280064,6
1024456,6
1090958,6
1222065,6
1160478,6
1291159,6
1300639,6
1181545,6
1068781,6
1189949,6
1176082,6
1299881,6
1222626,6
1024954,6
1110489,6
1202632,6
1209880,6
1178986,6
1270536,6
1206719,6
1059681,6
1253377,6
1023931,6
1258278,6
1167937,6
1202398,6
1270830,6
1075321,6
1179484,6
1000216,6
1127178,6
1029830,6
1172177,6
1127321,6
1165658,6
1279939,6
1140564,6
1053753,6
1310479,6
1090759,6
1319987,6
1250403,6
1309361,6
1226548,6
1259283,6
1183488,6
1132846,6
1157181,6
1283267,6
1100233,6
1158413,6
1023109,6
1202214,6
1253872,6
1279844,6
1279778,6
1233668,6
1165606,6
1047612,6
1084043,6
1082926,6
1325713,6
1160594,6
1024808,6
1076711,6
1323296,6
1168832,6
1275225,6
1170735,6
1036394,6
1112862,6
1232510,6
1180825,6
1110926,6
1167378,6
1295976,6
1312431,6
1145789,6
1189058,6
1068319,6
1274578,6
1273871,6
1188922,6
1234776,6
1029979,6
1026262,6
1135619,6
1087402,6
1228586,6
1044912,6
1062781,6
1239308,6
1303541,6
1291488,6
1323554,6
1135202,6
1107047,6
1137506,6
1313649,6
1320752,6
1160143,6
1168836,6
1270138,6
1299325,6
1053569,6
1194497,6
1127556,6
1184116,6
1296601,6
1067296,6
1159219,6
1004488,6
1080469,6
1213130,6
1280770,6
1242404,6
1292178,6
1301984,6
1066225,6
1111348,6
1310802,6
1051760,6
1120323,6
1155205,6
1296770,6
1289620,6
1183794,6
1225430,6
1320008,6
1241618,6
1148410,6
1244381,6
1264631,6
1266976,6
1063205,6
1173616,6
1038836,6
1180282,6
1116037,6
1025151,6
1005271,6
1069795,6
1200656,6
1182416,6
1246548,6
1271150,6
1183591,6
1188090,6
1054897,6
1280035,6
1184703,6
1205567,6
1157127,6
1072556,6
1197749,6
1325039,6
1049672,6
1157243,6
1245422,6
1040549,6
1310689,6
1312607,6
1009000,6
1182665,6
1132036,6
1133977,6
1273951,6
1203865,6
1194279,6
1213220,6
1250368,6
1260750,6
1309873,6
1025445,6
1060895,6
1138296,6
1172751,6
1080953,6
1065020,6
1317740,6
1076279,6
1072154,6
1246303,6
1252865,6
1221415,6
1160015,6
1131898,6
1147143,6
1153775,6
1212514,6
1238869,6
1205801,6
1021307,6
1207677,6
1126723,6
1199724,6
1261906,6
1068295,6
1226088,6
1082400,6
1138880,6
1110538,6
1118423,6
1072090,6
1154709,6
1076373,6
1225589,6
1153254,6
1155748,6
1259640,6
1238627,6
1025540,6
1033494,6
1182798,6
1325187,6
1051355,6
1186596,6
1297334,6
1049273,6
1188935,6
1289900,6
1125603,6
1117991,6
1059843,6
1165232,6
1043556,6
1065800,6
1004240,6
1086236,6
1114123,6
1254785,6
1262678,6
1235406,6
1027144,6
1272778,6
1219321,6
1008923,6
1237469,6
1197130,6
1163640,6
1159029,6
1309043,6
1002329,6
1311797,6
1228678,6
1052014,6
1245081,6
1273682,6
1038654,6
1294399,6
1297770,6
1269971,6
1201357,6
1129363,6
1305028,6
1038440,6
1101893,6
1197775,6
1188296,6
1265236,6
1145986,6
1268832,6
1232973,6
1113733,6
1138805,6
1274563,6
1233438,6
1048117,6
1113078,6
1012915,6
1037312,6
1119843,6
1145914,6
1259390,6
1297522,6
1303123,6
1019159,6
1056669,6
1290551,6
1010489,6
1214848,6
1188615,6
1179729,6
1235267,6
1197062,6
1301595,6
1213789,6
1083225,6
1124354,6
1041196,6
1088901,6
1196858,6
1014207,6
1052162,6
1161605,6
1171806,6
1060707,6
1043863,6
1305301,6
1259761,6
1249694,6
1072601,6
1229085,6
1304998,6
1108740,6
1016550,6
1192243,6
1199267,6
1148915,6
1307323,6
1291418,6
1113859,6
1269399,6
1043839,6
1116300,6
1252317,6
1228713,6
1172364,6
1286897,6
1078421,6
1103051,6
1275587,6
1310727,6
1173650,6
1017721,6
1145585,6
1057265,6
1127191,6
1084792,6
1081359,6
1197980,6
1188713,6
1281423,6
1011994,6
1283076,6
1242992,6
1170773,6
1128358,6
1058231,6
1240475,6
1323014,6
1324863,6
1113302,6
1050958,6
1207705,6
1107723,6
1075742,6
1117636,6
1203517,6
1039481,6
1289549,6
1156713,6
1237405,6
1072469,6
1103254,6
1134727,6
1313157,6
1143532,6
1258004,6
1242412,6
1301708,6
1169287,6
1059058,6
1304946,6
1153995,6
1298311,6
1253345,6
1131487,6
1137643,6
1203510,6
1233369,6
1276443,6
1135280,6
1243536,6
1071994,6
1035783,6
1292560,6
1298765,6
1103040,6
1208128,6
1191642,6
1187585,6
1201959,6
1076051,6
1196599,6
1320206,6
1122598,6
1195979,6
1304503,6
1209709,6
1056272,6
1031537,6
1002768,6
1136196,6
1091411,6
1241910,6
1022376,6
1166309,6
1019111,6
1189722,6
1295117,6
1039232,6
1233201,6
1258368,6
1131181,6
1051768,6
1279925,6
1060244,6
1325729,6
1143246,6
1325514,6
1240085,6
1258327,6
1010414,6
1054356,6
1170982,6
1078802,6
1112607,6
1264690,6
1085963,6
1306480,6
1236750,6
1167422,6
1237814,6
1186181,6
1142971,6
1086519,6
1056981,6
1275464,6
1131570,6
1227430,6
1313314,6
1009471,6
1252382,6
1023651,6
1280607,6
1285329,6
1030940,6
1029317,6
1123201,6
1218182,6
1246730,6
1015423,6
1088024,6
1113200,6
1307851,6
1235468,6
1245781,6
1258179,6
1088368,6
1129888,6
1029225,6
1268998,6
1309811,6
1105542,6
1112294,6
1149311,6
1136214,6
1246775,6
1077615,6
1121241,6
1202773,6
1092254,6
1101846,6
1115670,6
1220848,6
1125648,6
1184858,6
1240501,6
1225504,6
1250954,6
1218571,6
1275720,6
1046410,6
1005625,6
1200578,6
1061711,6
1013098,6
1176671,6
1142749,6
1129794,6
1280783,6
1079261,6
1130430,6
1078327,6
1047425,6
1093977,6
1049856,6
1279658,6
1252044,6
1131673,6
1138260,6
1041845,6
1294796,6
1246292,6
1053998,6
1129440,6
1040213,6
1312109,6
1207739,6
1032721,6
1254952,6
1264201,6
1033326,6
1318264,6
1314362,6
1160548,6
1311095,6
1079612,6
1104164,6
1259535,6
1235900,6
1016102,6
1115169,6
1273085,6
1002619,6
1260162,6
1197157,6
1168450,6
1278025,6
1139295,6
1144478,6
1012499,6
1191283,6
1211407,6
1239092,6
1272536,6
1032315,6
1204116,6
1323467,6
1258541,6
1325667,6
1181330,6
1218019,6
1265379,6
1023666,6
1126402,6
1184048,6
1276045,6
1104351,6
1178331,6
1287846,6
1137534,6
1174317,6
1018757,6
1245008,6
1295499,6
1064224,6
1022738,6
1072014,6
1261229,6
1088061,6
1269220,6
1238593,6
1276865,6
1226604,6
1312934,6
1161471,6
1129623,6
1195940,6
1261282,6
1306507,6
1157077,6
1235459,6
1179322,6
1135756,6
1053836,6
1314552,6
1036138,6
1131119,6
1214595,6
1292224,6
1253804,6
1226402,6
1102141,6
1075305,6
1262933,6
1014045,6
1173343,6
1184651,6
1041959,6
1184587,6
1179116,6
1269744,6
1150577,6
1260050,6
1103941,6
1175737,6
1318571,6
1057529,6
1102081,6
1018986,6
1253738,6
1006668,6
1111860,6
1221881,6
1143870,6
1242849,6
1156593,6
1147497,6
1140949,6
1084290,6
1151981,6
1293303,6
1324254,6
1101373,6
1039649,6
1312149,6
1003880,6
1180137,6
1282800,6
1168296,6
1094716,6
1021951,6
1138024,6
1018229,6
1002447,6
1161623,6
1232507,6
1027507,6
1141675,6
1273549,6
1082942,6
1015267,6
1084993,6
1135921,6
1284470,6
1091471,6
1005909,6
1322228,6
1239306,6
1201944,6
1104746,6
1194106,6
1204968,6
1188548,6
1051645,6
1018360,6
1275668,6
1007299,6
1254215,6
1311598,6
1233814,6
1278182,6
1163976,6
1223652,6
1026544,6
1224674,6
1248463,6
1098379,6
1215468,6
1117034,6
1100769,6
1283380,6
1233785,6
1164893,6
1277583,6
1058108,6
1124515,6
1090261,6
1308188,6
1040232,6
1121285,6
1248497,6
1293389,6
1294993,6
1046109,6
1317303,6
1012919,6
1126893,6
1307350,6
1058116,6
1264692,6
1279161,6
1047988,6
1264749,6
1072316,6
1175458,6
1175039,6
1286947,6
1282720,6
1078351,6
1199673,6
1282120,6
1152149,6
1146368,6
1089566,6
1132568,6
1150363,6
1218926,6
1239633,6
1160367,6
1132862,6
1179823,6
1157757,6
1096076,6
1305700,6
1106069,6
1174554,6
1185004,6
1105247,6
1261185,6
1063823,6
1187399,6
1147462,6
1317951,6
1318779,6
1170751,6
1232144,6
1143310,6
1079863,6
1127737,6
1206209,6
1059837,6
1279768,6
1196415,6
1110724,6
1024346,6
1256349,6
1088291,6
1196478,6
1015217,6
1094873,6
1124717,6
1065079,6
1229147,6
1200216,6
1255229,6
1023164,6
1083964,6
1199146,6
1184934,6
1266483,6
1012472,6
1308237,6
1035974,6
1131602,6
1016505,6
1250628,6
1313220,6
1325027,6
1246661,6
1058074,6
1143378,6
1123572,6
1298266,6
1297324,6
1040496,6
1120340,6
1190815,6
1062561,6
1012632,6
1180053,6
1240075,6
1120654,6
1168925,6
1287038,6
1291029,6
1260724,6
1015917,6
1282245,6
1246571,6
1191213,6
1289362,6
1305783,6
1322027,6
1092739,6
1073120,6
1035835,6
1023794,6
1231435,6
1291238,6
1238131,6
1015272,6
1134219,6
1172639,6
1261860,6
1028506,6
1269659,6
1172811,6
1097572,6
1224983,6
1193240,6
1132972,6
1214406,6
1085794,6
1254334,6
1202146,6
1025996,6
1307493,6
1319625,6
1185861,6
1123641,6
1163848,6
1141991,6
1009163,6
1162124,6
1006957,6
1249781,6
1066152,6
1296572,6
1067401,6
1300630,6
1177935,6
1296058,6
1057789,6
1107638,6
1272068,6
1131353,6
1111872,6
1313252,6
1255227,6
1028154,6
1118730,6
1213001,6
1325309,6
1129219,6
1223268,6
1187342,6
1053505,6
1296621,6
1094483,6
1005228,6
1275905,6
1050432,6
1145795,6
1025109,6
1232126,6
1133274,6
1098700,6
1173924,6
1098014,6
1234096,6
1124252,6
1113275,6
1235604,6
1322128,6
1130322,6
1166734,6
1058507,6
1300791,6
1130060,6
1157249,6
1242257,6
1162211,6
1206118,6
1177992,6
1309868,6
1204448,6
1228498,6
1066014,6
1096835,6
1265486,6
1274206,6
1236093,6
1287803,6
1104147,6
1069203,6
1238981,6
1084503,6
1291338,6
1079421,6
1253178,6
1145955,6
1210812,6
1239668,6
1138404,6
1000503,6
1141842,6
1308228,6
1069869,6
1067671,6
1289761,6
1230610,6
1308764,6
1234655,6
1031068,6
1303208,6
1286124,6
1310324,6
1294871,6
1025627,6
1040610,6
1014732,6
1043610,6
1248507,6
1038571,6
1205062,6
1020820,6
1127901,6
1251345,6
1193452,6
1171929,6
1055443,6
1175889,6
1224950,6
1163491,6
1193829,6
1043265,6
1046336,6
1084428,6
1069841,6
1156644,6
1194031,6
1084468,6
1016621,6
1287524,6
1318872,6
1224412,6
1287357,6
1000784,6
1248029,6
1027125,6
1017007,6
1061828,6
1081068,6
1246918,6
1172816,6
1315993,6
1016984,6
1072163,6
1323330,6
1070728,6
1315782,6
1060120,6
1290813,6
1126696,6
1285104,6
1244676,6
1156799,6
1095866,6
1268908,6
1213680,6
1102046,6
1310498,6
1072240,6
1180216,6
1235560,6
1151334,6
1252581,6
1208214,6
1186408,6
1290154,6
1053172,6
1138599,6
1120556,6
1205118,6
1241873,6
1171399,6
1133276,6
1086956,6
1320173,6
1264472,6
1110941,6
1282403,6
1129840,6
1017938,6
1018718,6
1100170,6
1029504,6
1242856,6
1286884,6
1112933,6
1178270,6
1262770,6
1199882,6
1001629,6
1144243,6
1037256,6
1033368,6
1132400,6
1128984,6
1086192,6
1143196,6
1048770,6
1098855,6
1123417,6
1173233,6
1297238,6
1056805,6
1202904,6
1058684,6
1322509,6
1042128,6
1312015,6
1183871,6
1094041,6
1083428,6
1031766,6
1224605,6
1204239,6
1116729,6
1273511,6
1101130,6
1212581,6
1034688,6
1088181,6
1217238,6
1168969,6
1303797,6
1085995,6
1009504,6
1290055,6
1274889,6
1308127,6
1207115,6
1238396,6
1171332,6
1259280,6
1024843,6
1146770,6
1073642,6
1033248,6
1053617,6
1165605,6
1060278,6
1196137,6
1024162,6
1179953,6
1250143,6
1321977,6
1003176,6
1107987,6
1101799,6
1048454,6
1038726,6
1115897,6
1182281,6
1025580,6
1032384,6
1095880,6
1273743,6
1160441,6
1324060,6
1227256,6
1016922,6
1213148,6
1250366,6
1227031,6
1079453,6
1003708,6
1257613,6
1134084,6
1243070,6
1122295,6
1160148,6
1021140,6
1009981,6
1217720,6
1112104,6
1100052,6
1037821,6
1031608,6
1001001,6
1248101,6
1211847,6
1031525,6
1126387,6
1115146,6
1278232,6
1202055,6
1311240,6
1318363,6
1287379,6
1281427,6
1040983,6
1249609,6
1267005,6
1048062,6
1201299,6
1039733,6
1206316,6
1162626,6
1145810,6
1241643,6
1220936,6
1093935,6
1002610,6
1014106,6
1302165,6
1214677,6
1244686,6
1079174,6
1235976,6
1317058,6
1216811,6
1315402,6
1136308,6
1316339,6
1080657,6
1319497,6
1238688,6
1011314,6
1140619,6
1166112,6
1069092,6
1182694,6
1122795,6
1249229,6
1014612,6
1305847,6
1173991,6
1253952,6
1007883,6
1298941,6
1122939,6
1148112,6
1271140,6
1249103,6
1094448,6
1227618,6
1016205,6
1009744,6
1227245,6
1048438,6
1030864,6
1224364,6
1162122,6
1047364,6
1214402,6
1043449,6
1266303,6
1058973,6
1026672,6
1237083,6
1016541,6
1097888,6
1226794,6
1318596,6
1100076,6
1039186,6
1117069,6
1009072,6
1285877,6
1153461,6
1059708,6
1227849,6
1125151,6
1230785,6
1124556,6
1234315,6
1228232,6
1004882,6
1221289,6
1116984,6
1246236,6
1305690,6
1216245,6
1255926,6
1119298,6
1006374,6
1213405,6
1086659,6
1067194,6
1144663,6
1048765,6
1055964,6
1019180,6
1203986,6
1035528,6
1298160,6
1276881,6
1076439,6
1275848,6
1249199,6
1298130,6
1064574,6
1251543,6
1176297,6
1289728,6
1109556,6
1130753,6
1119776,6
1110691,6
1012484,6
1030928,6
1279461,6
1232786,6
1107510,6
1038352,6
1125818,6
1206493,6
1030854,6
1218892,6
1179667,6
1289700,6
1071024,6
1044347,6
1061169,6
1048200,6
1191716,6
1111818,6
1083015,6
1247306,6
1223703,6
1026991,6
1017225,6
1001750,6
1106159,6
1008004,6
1151287,6
1033009,6
1149598,6
1132901,6
1325829,6
1066558,6
1265726,6
1042894,6
1037298,6
1208342,6
1129713,6
1047051,6
1236433,6
1062981,6
1249002,6
1083490,6
1160349,6
1200071,6
1020676,6
1229136,6
1231775,6
1052632,6
1237665,6
1095002,6
1147307,6
1261030,6
1194946,6
1287856,6
1216719,6
1220343,6
1013867,6
1122251,6
1218220,6
1224930,6
1017068,6
1266025,6
1050022,6
1200435,6
1293675,6
1277576,6
1144233,6
1230109,6
1293202,6
1037531,6
1113217,6
1020592,6
1117380,6
1215197,6
1252056,6
1065747,6
1058020,6
1102296,6
1301217,6
1098958,6
1320919,6
1253342,6
1268238,6
1230782,6
1051500,6
1257225,6
1109073,6
1237092,6
1230006,6
1242382,6
1196590,6
1066497,6
1237514,6
1121492,6
1211353,6
1199436,6
1088685,6
1128753,6
1283330,6
1113450,6
1195885,6
1145453,6
1205045,6
1093353,6
1122413,6
1136719,6
1041039,6
1135819,6
1242217,6
1121636,6
1140441,6
1089694,6
1156842,6
1292153,6
1195390,6
1126611,6
1061434,6
1059023,6
1203088,6
1278193,6
1244149,6
1319068,6
1175258,6
1104093,6
1160488,6
1068480,6
1172695,6
1038910,6
1282517,6
1298033,6
1002746,6
1123361,6
1080118,6
1316772,6
1167830,6
1285759,6
1203681,6
1213203,6
1269604,6
1289258,6
1094887,6
1268694,6
1287231,6
1008500,6
1260644,6
1250707,6
1191438,6
1118617,6
1249893,6
1302288,6
1169395,6
1033402,6
1208829,6
1189144,6
1266063,6
1246321,6
1004773,6
1211304,6
1253534,6
1209027,6
1094553,6
1107708,6
1193583,6
1247249,6
1277095,6
1043728,6
1059991,6
1179615,6
1119883,6
1280417,6
1139681,6
1076699,6
1191068,6
1156376,6
1255364,6
1121901,6
1022061,6
1054349,6
1036659,6
1082990,6
1161759,6
1151604,6
1015341,6
1294165,6
1118250,6
1294352,6
1238893,6
1139151,6
1131457,6
1231237,6
1033647,6
1126941,6
1198084,6
1303251,6
1254848,6
1123447,6
1286484,6
1318576,6
1234700,6
1049209,6
1288921,6
1104166,6
1295559,6
1124834,6
1305190,6
1010500,6
1122459,6
1072822,6
1047435,6
1289102,6
1185524,6
1037751,6
1307024,6
1080188,6
1136112,6
1177473,6
1096776,6
1131779,6
1150546,6
1174106,6
1064493,6
1303423,6
1149004,6
1220514,6
1272416,6
1213371,6
1043733,6
1084540,6
1214530,6
1248808,6
1023919,6
1126850,6
1305545,6
1178914,6
1060311,6
1039031,6
1181448,6
1189856,6
1017089,6
1134246,6
1124658,6
1260069,6
1003384,6
1133066,6
1210668,6
1189416,6
1108286,6
1155374,6
1025401,6
1033935,6
1107681,6
1177204,6
1146236,6
1112568,6
1052225,6
1308822,6
1262048,6
1278541,6
1101744,6
1075737,6
1107634,6
1017301,6
1045727,6
1222519,6
1113783,6
1004105,6
1193294,6
1025843,6
1032646,6
1179453,6
1113978,6
1004486,6
1004241,6
1025057,6
1288028,6
1211857,6
1292500,6
1309101,6
1028680,6
1275966,6
1191197,6
1308336,6
1224457,6
1071550,6
1064646,6
1111231,6
1061320,6
1177465,6
1294519,6
1043014,6
1174463,6
1045879,6
1174129,6
1123354,6
1208254,6
1103347,6
1224514,6
1175511,6
1084537,6
1083823,6
1065423,6
1210803,6
1020627,6
1041168,6
1256024,6
1093511,6
1050511,6
1137677,6
1241851,6
1164866,6
1078343,6
1071883,6
1101468,6
1079035,6
1013486,6
1044827,6
1175459,6
1125894,6
1255443,6
1323248,6
1199407,6
1116052,6
1220911,6
1099434,6
1260927,6
1084943,6
1191692,6
1029437,6
1141140,6
1215699,6
1307085,6
1089103,6
1029093,6
1040653,6
1313573,6
1057791,6
1240933,6
1094097,6
1077965,6
1283675,6
1073806,6
1324230,6
1231077,6
1196617,6
1211709,6
1139064,6
1254806,6
1185558,6
1124425,6
1041456,6
1206741,6
1182548,6
1216824,6
1029068,6
1201479,6
1220756,6
1318241,6
1059309,6
1033824,6
1096117,6
1082675,6
1145618,6
1028751,6
1156198,6
1143332,6
1043621,6
1177808,6
1062269,6
1111384,6
1071121,6
1180907,6
1152829,6
1120135,6
1111170,6
1038404,6
1037485,6
1215174,6
1222790,6
1055258,6
1007821,6
1210915,6
1124738,6
1268595,6
1071414,6
1292466,6
1192494,6
1178714,6
1004495,6
1127594,6
1214945,6
1316778,6
1000940,6
1088493,6
1150279,6
1052789,6
1141370,6
1004346,6
1030245,6
1079003,6
1015404,6
1112792,6
1210201,6
1308286,6
1201078,6
1102272,6
1231151,6
1121748,6
1171581,6
1171697,6
1262970,6
1212329,6
1287309,6
1183246,6
1038164,6
1245126,6
1058759,6
1113174,6
1035745,6
1030765,6
1171441,6
1274849,6
1217510,6
1308303,6
1290133,6
1012639,6
1037493,6
1133258,6
1229963,6
1123636,6
1227139,6
1186695,6
1062392,6
1291877,6
1215214,6
1129688,6
1287512,6
1136312,6
1145106,6
1307788,6
1144001,6
1096423,6
1295485,6
1240593,6
1269243,6
1062716,6
1014011,6
1035613,6
1060722,6
1319983,6
1084334,6
1060815,6
1042440,6
1076955,6
1219738,6
1129853,6
1099965,6
1267254,6
1138016,6
1234652,6
1169724,6
1003810,6
1153885,6
1085468,6
1244607,6
1145117,6
1154088,6
1267367,6
1036606,6
1150789,6
1279921,6
1172800,6
1078905,6
1169872,6
1143502,6
1152263,6
1094229,6
1299941,6
1044719,6
1281702,6
1118335,6
1096777,6
1149569,6
1177355,6
1109004,6
1059816,6
1080045,6
1228887,6
1130955,6
1128977,6
1137821,6
1215839,6
1036603,6
1224398,6
1103802,6
1099763,6
1180480,6
1105177,6
1018140,6
1165483,6
1265626,6
1298274,6
1062010,6
1158695,6
1084510,6
1023930,6
1094386,6
1303387,6
1268371,6
1271361,6
1305930,6
1157513,6
1202440,6
1130790,6
1074392,6
1120789,6
1173556,6
1029584,6
1243180,6
1212430,6
1075251,6
1045289,6
1095628,6
1004464,6
1091775,6
1231362,6
1027073,6
1126520,6
1250513,6
1325669,6
1236553,6
1087132,6
1255319,6
1087100,6
1138792,6
1046586,6
1211412,6
1264548,6
1210531,6
1198994,6
1094353,6
1146783,6
1198020,6
1141545,6
1236517,6
1036339,6
1171789,6
1277156,6
1013436,6
1067274,6
1296606,6
1108671,6
1298332,6
1122245,6
1277779,6
1149344,6
1025895,6
1147835,6
1324027,6
1251586,6
1150029,6
1176860,6
1163273,6
1301513,6
1146066,6
1285215,6
1287345,6
1196486,6
1033495,6
1077524,6
1240509,6
1020309,6
1072114,6
1034484,6
1068758,6
1269974,6
1146921,6
1063963,6
1060083,6
1229597,6
1027687,6
1189862,6
1066790,6
1066458,6
1195240,6
1287563,6
1258301,6
1033728,6
1199942,6
1051622,6
1173851,6
1171408,6
1066122,6
1308527,6
1237740,6
1089980,6
1000194,6
1116636,6
1007115,6
1239570,6
1313420,6
1218355,6
1234622,6
1079478,6
1134071,6
1109978,6
1204170,6
1110476,6
1001920,6
1129481,6
1156973,6
1299989,6
1217816,6
1274810,6
1138651,6
1118134,6
1021513,6
1000583,6
1218630,6
1073431,6
1315361,6
1009594,6
1060724,6
1260973,6
1289492,6
1037926,6
1208963,6
1117987,6
1018443,6
1133445,6
1260838,6
1038545,6
1135566,6
1136384,6
1120819,6
1324541,6
1059558,6
1222080,6
1048324,6
1234572,6
1233816,6
1311097,6
1074682,6
1107350,6
1181664,6
1095368,6
1020129,6
1083327,6
1226376,6
1002377,6
1247587,6
1165998,6
1242442,6
1280941,6
1095526,6
1003652,6
1073326,6
1107344,6
1142267,6
1095979,6
1314008,6
1165226,6
1210349,6
1174690,6
1110934,6
1218378,6
1149586,6
1007278,6
1119905,6
1173270,6
1109053,6
1257046,6
1204086,6
1180147,6
1072312,6
1214878,6
1229797,6
1092250,6
1161715,6
1108767,6
1052499,6
1116516,6
1069529,6
1283533,6
1018826,6
1108744,6
1084399,6
1180753,6
1134522,6
1268917,6
1097192,6
1322371,6
1253103,6
1315582,6
1318883,6
1206545,6
1107820,6
1035970,6
1130204,6
1091872,6
1004810,6
1029122,6
1022603,6
1192735,6
1304058,6
1168983,6
1136864,6
1104073,6
1017237,6
1177426,6
1136245,6
1070579,6
1042439,6
1064454,6
1248924,6
1241514,6
1278462,6
1092357,6
1063527,6
1063284,6
1163893,6
1268187,6
1050800,6
1323443,6
1133490,6
1179128,6
1292657,6
1037482,6
1218787,6
1060660,6
1314827,6
1103609,6
1084466,6
1254080,6
1064469,6
1249242,6
1008679,6
1202608,6
1115251,6
1100320,6
1300210,6
1128582,6
1316331,6
1274778,6
1190798,6
1033687,6
1249039,6
1011362,6
1005628,6
1087379,6
1005040,6
1275545,6
1190254,6
1324324,6
1124977,6
1076099,6
1298442,6
1063824,6
1223114,6
1206153,6
1131848,6
1157024,6
1193819,6
1237575,6
1114931,6
1215070,6
1221782,6
1272965,6
1282167,6
1036174,6
1263550,6
1185568,6
1106837,6
1254543,6
1251951,6
1150994,6
1224776,6
1068503,6
1131142,6
1038195,6
1156917,6
1030050,6
1193644,6
1054097,6
1038099,6
1158681,6
1192632,6
1265830,6
1129033,6
1070502,6
1042100,6
1105323,6
1061682,6
1085245,6
1198923,6
1238047,6
1037566,6
1183824,6
1017654,6
1081846,6
1227792,6
1089790,6
1162221,6
1249471,6
1161262,6
1243254,6
1056213,6
1163654,6
1072552,6
1160985,6
1030678,6
1310718,6
1061834,6
1027263,6
1196060,6
1046338,6
1119534,6
1240701,6
1217714,6
1018830,6
1201012,6
1194311,6
1077140,6
1048361,6
1300285,6
1056109,6
1245790,6
1126917,6
1243423,6
1261125,6
1264037,6
1267963,6
1062423,6
1090581,6
1281311,6
1311410,6
1181006,6
1250964,6
1122418,6
1027833,6
1158774,6
1003504,6
1150271,6
1232336,6
1085881,6
1148404,6
1060802,6
1128692,6
1095495,6
1040085,6
1184347,6
1066026,6
1068182,6
1033343,6
1276104,6
1103084,6
1214054,6
1215722,6
1020294,6
1166060,6
1038974,6
1202161,6
1155047,6
1212700,6
1125843,6
1143815,6
1121603,6
1023560,6
1271734,6
1264422,6
1052131,6
1277974,6
1228520,6
1277505,6
1018914,6
1226533,6
1233519,6
1042864,6
1258187,6
1230102,6
1057565,6
1246955,6
1148235,6
1072189,6
1291700,6
1072118,6
1202913,6
1073141,6
1058672,6
1194145,6
1124311,6
1260893,6
1229095,6
1312989,6
1088738,6
1095436,6
1218847,6
1085490,6
1242472,6
1068476,6
1112803,6
1060713,6
1308418,6
1046615,6
1177056,6
1223747,6
1013965,6
1095218,6
1047585,6
1282385,6
1145427,6
1003087,6
1111729,6
1183790,6
1183668,6
1016889,6
1197612,6
1025834,6
1324872,6
1208984,6
1314047,6
1243291,6
1122765,6
1173340,6
1278360,6
1108547,6
1019352,6
1183919,6
1119095,6
1207890,6
1280723,6
1222775,6
1123122,6
1120100,6
1265536,6
1285966,6
1082324,6
1096975,6
1108309,6
1023034,6
1253643,6
1085977,6
1049884,6
1041699,6
1210513,6
1096437,6
1192105,6
1180760,6
1022409,6
1202936,6
1090632,6
1205459,6
1296761,6
1023472,6
1017230,6
1079807,6
1271595,6
1048303,6
1173693,6
1102329,6
1289178,6
1269741,6
1050070,6
1240878,6
1288671,6
1180702,6
1045395,6
1146190,6
1278505,6
1177034,6
1205426,6
1232667,6
1286936,6
1147881,6
1109176,6
1057707,6
1259419,6
1283190,6
1043279,6
1010915,6
1078846,6
1039551,6
1092513,6
1285228,6
1217414,6
1272509,6
1077042,6
1297622,6
1034640,6
1059307,6
1132345,6
1307605,6
1166045,6
1159033,6
1086743,6
1261729,6
1309846,6
1281569,6
1030155,6
1095865,6
1049123,6
1298826,6
1169549,6
1271796,6
1041947,6
1288635,6
1180786,6
1201266,6
1297661,6
1217698,6
1110597,6
1151996,6
1220094,6
1081964,6
1176221,6
1316895,6
1142846,6
1011716,6
1006344,6
1231501,6
1073428,6
1005801,6
1035029,6
1147519,6
1189762,6
1000688,6
1151630,6
1164985,6
1129657,6
1064753,6
1007981,6
1100680,6
1282302,6
1066930,6
1137249,6
1260242,6
1207123,6
1147993,6
1051377,6
1182586,6
1169884,6
1101903,6
1314767,6
1009060,6
1130652,6
1304936,6
1297281,6
1215216,6
1243537,6
1073425,6
1293276,6
1100658,6
1112899,6
1108220,6
1007965,6
1087899,6
1215870,6
1114082,6
1239536,6
1204284,6
1229328,6
1205553,6
1310013,6
1128704,6
1043798,6
1032353,6
1024378,6
1195472,6
1264419,6
1121075,6
1263611,6
1171287,6
1058991,6
1040320,6
1021893,6
1298958,6
1052929,6
1270276,6
1121473,6
1117003,6
1262195,6
1012516,6
1117662,6
1258034,6
1046281,6
1071191,6
1171266,6
1070568,6
1246778,6
1045411,6
1015526,6
1267911,6
1110168,6
1188466,6
1283839,6
1087682,6
1172096,6
1292827,6
1265514,6
1129152,6
1238488,6
1044681,6
1090621,6
1103446,6
1151387,6
1141003,6
1106946,6
1160116,6
1023389,6
1290222,6
1200527,6
1091075,6
1013415,6
1136639,6
1099981,6
1236136,6
1024732,6
1083636,6
1256181,6
1206014,6
1105416,6
1163774,6
1165368,6
1258585,6
1022144,6
1295666,6
1022646,6
1277669,6
1123169,6
1146093,6
1008123,6
1289277,6
1031588,6
1261892,6
1248586,6
1075161,6
1176848,6
1049755,6
1237858,6
1158883,6
1240832,6
1302044,6
1190377,6
1225835,6
1242633,6
1021034,6
1281128,6
1160524,6
1177331,6
1020137,6
1263338,6
1126338,6
1087187,6
1059524,6
1295763,6
1161375,6
1080834,6
1266315,6
1262825,6
1142273,6
1119361,6
1240459,6
1172907,6
1183482,6
1031822,6
1201925,6
1256390,6
1165618,6
1221292,6
1298915,6
1000296,6
1150821,6
1164736,6
1306322,6
1081921,6
1185808,6
1125654,6
1309881,6
1120852,6
1092933,6
1110212,6
1270764,6
1217599,6
1287693,6
1272522,6
1185925,6
1126058,6
1007434,6
1252490,6
1038777,6
1020551,6
1048780,6
1319239,6
1294369,6
1238506,6
1109188,6
1028545,6
1129832,6
1076504,6
1083410,6
1207814,6
1264078,6
1187512,6
1285475,6
1068085,6
1309368,6
1025200,6
1023185,6
1272665,6
1155704,6
1001012,6
1036812,6
1236575,6
1270499,6
1302854,6
1096269,6
1276509,6
1134160,6
1070780,6
1134287,6
1230430,6
1253707,6
1003788,6
1273613,6
1312222,6
1301068,6
1116389,6
1259913,6
1094579,6
1243520,6
1115512,6
1182408,6
1149378,6
1281450,6
1016051,6
1208179,6
1296803,6
1300521,6
1174912,6
1080279,6
1104823,6
1128399,6
1254739,6
1244508,6
1286463,6
1180946,6
1003918,6
1069611,6
1239166,6
1049463,6
1232227,6
1077258,6
1319535,6
1141021,6
1073688,6
1010422,6
1189041,6
1012135,6
1116062,6
1083908,6
1303991,6
1108384,6
1295714,6
1277714,6
1067547,6
1240925,6
1156815,6
1168078,6
1312918,6
1094444,6
1164102,6
1107594,6
1292218,6
1165225,6
1245757,6
1098851,6
1320078,6
1149068,6
1114174,6
1089550,6
1082635,6
1320671,6
1098239,6
1135590,6
1075926,6
1009074,6
1118343,6
1253516,6
1024568,6
1096063,6
1235682,6
1009802,6
1071569,6
1195587,6
1218184,6
1036269,6
1279760,6
1000970,6
1153819,6
1277752,6
1144737,6
1122519,6
1253452,6
1135559,6
1283156,6
1107623,6
1181436,6
1217920,6
1118779,6
1260080,6
1270475,6
1276846,6
1285388,6
1098163,6
1201697,6
1212897,6
1198900,6
1125580,6
1067312,6
1301471,6
1056465,6
1296440,6
1223861,6
1072513,6
1236118,6
1159226,6
1176094,6
1229340,6
1195400,6
1118889,6
1032968,6
1142177,6
1058337,6
1131554,6
1154348,6
1056184,6
1156523,6
1314590,6
1172728,6
1053824,6
1323178,6
1134488,6
1111900,6
1215352,6
1088353,6
1216875,6
1124163,6
1062266,6
1096303,6
1145933,6
1250691,6
1192280,6
1202742,6
1318821,6
1130273,6
1190482,6
1319828,6
1226448,6
1079639,6
1321043,6
1190610,6
1127801,6
1146074,6
1223715,6
1217903,6
1003207,6
1254382,6
1058514,6
1012615,6
1197888,6
1247598,6
1242971,6
1283999,6
1026003,6
1246023,6
1174627,6
1301314,6
1037705,6
1172234,6
1078065,6
1295830,6
1114348,6
1114516,6
1300792,6
1013160,6
1288536,6
1155419,6
1091169,6
1239958,6
1149947,6
1117678,6
1153599,6
1030489,6
1043628,6
1316489,6
1073067,6
1071452,6
1054145,6
1050064,6
1057103,6
1029671,6
1077555,6
1271488,6
1168072,6
1196299,6
1285087,6
1263727,6
1313563,6
1313006,6
1120009,6
1226659,6
1126911,6
1256660,6
1163716,6
1162338,6
1024278,6
1242582,6
1262956,6
1288215,6
1181744,6
1303679,6
1137651,6
1046897,6
1023633,6
1104214,6
1032645,6
1235960,6
1220891,6
1074492,6
1117964,6
1261053,6
1268352,6
1324073,6
1181497,6
1309681,6
1146338,6
1028992,6
1247132,6
1091412,6
1175280,6
1147278,6
1125381,6
1177356,6
1237582,6
1045074,6
1039586,6
1110992,6
1031321,6
1293331,6
1274082,6
1040044,6
1311978,6
1021402,6
1222965,6
1249620,6
1004451,6
1151926,6
1169335,6
1257932,6
1144208,6
1204939,6
1054499,6
1312929,6
1209592,6
1075707,6
1023430,6
1142064,6
1006787,6
1179364,6
1258778,6
1272733,6
1001130,6
1242053,6
1284697,6
1089335,6
1155942,6
1138364,6
1012626,6
1037330,6
1015902,6
1281958,6
1034089,6
1249911,6
1109804,6
1151960,6
1142170,6
1299502,6
1095079,6
1303606,6
1156126,6
1132511,6
1299915,6
1308900,6
1078129,6
1317019,6
1164491,6
1237098,6
1287855,6
1236430,6
1114598,6
1121175,6
1258808,6
1243025,6
1230365,6
1286122,6
1322584,6
1154124,6
1058263,6
1088306,6
1114471,6
1097992,6
1124632,6
1042943,6
1261339,6
1004926,6
1020983,6
1162756,6
1234792,6
1065487,6
1276075,6
1133641,6
1004339,6
1190691,6
1135738,6
1032500,6
1001287,6
1258270,6
1298085,6
1167175,6
1216909,6
1286769,6
1256556,6
1302760,6
1169052,6
1030657,6
1303334,6
1186269,6
1051677,6
1278879,6
1001368,6
1294746,6
1026481,6
1234431,6
1036805,6
1324119,6
1298196,6
1026372,6
1313332,6
1037360,6
1288404,6
1100518,6
1265984,6
1140209,6
1163925,6
1154194,6
1099905,6
1152267,6
1284245,6
1003808,6
1204892,6
1174383,6
1249377,6
1202712,6
1225639,6
1070781,6
1132796,6
1010267,6
1238010,6
1305908,6
1047638,6
1175906,6
1153714,6
1229595,6
1181355,6
1185795,6
1070567,6
1050379,6
1189326,6
1289887,6
1065638,6
1059395,6
1261913,6
1060349,6
1059543,6
1212209,6
1021643,6
1043625,6
1187812,6
1278956,6
1059586,6
1134851,6
1212808,6
1072501,6
1058754,6
1267597,6
1322130,6
1064446,6
1008391,6
1290478,6
1244088,6
1157317,6
1247758,6
1045091,6
1228867,6
1124852,6
1142915,6
1172160,6
1303048,6
1290913,6
1255264,6
1133878,6
1205886,6
1053273,6
1087966,6
1203459,6
1104962,6
1262241,6
1315106,6
1097558,6
1290278,6
1103638,6
1183221,6
1080765,6
1204899,6
1291461,6
1150282,6
1233758,6
1136417,6
1177537,6
1031425,6
1072491,6
1113684,6
1133421,6
1069302,6
1143231,6
1004728,6
1272628,6
1105297,6
1028091,6
1026323,6
1288067,6
1272100,6
1070454,6
1130208,6
1035799,6
1005221,6
1222378,6
1085352,6
1171925,6
1085713,6
1157832,6
1204706,6
1036108,6
1218525,6
1212896,6
1000762,6
1034988,6
1136358,6
1172104,6
1295389,6
1028435,6
1130147,6
1117756,6
1142348,6
1290522,6
1035139,6
1259835,6
1068339,6
1178697,6
1317366,6
1229795,6
1003956,6
1161856,6
1202657,6
1087322,6
1147595,6
1259306,6
1216310,6
1016470,6
1158602,6
1004147,6
1155106,6
1314736,6
1295460,6
1115225,6
1005145,6
1047059,6
1217489,6
1160469,6
1068733,6
1088941,6
1212934,6
1066876,6
1106333,6
1135383,6
1159104,6
1260416,6
1323291,6
1081172,6
1309019,6
1256698,6
1240252,6
1093172,6
1142746,6
1299529,6
1150620,6
1271656,6
1052240,6
1179470,6
1319316,6
1210435,6
1128900,6
1186385,6
1021803,6
1196516,6
1075845,6
1237466,6
1154207,6
1037543,6
1112449,6
1040686,6
1052383,6
1064550,6
1151373,6
1025417,6
1169230,6
1075515,6
1283892,6
1034062,6
1022665,6
1080429,6
1011208,6
1229504,6
1044147,6
1259752,6
1216333,6
1056306,6
1238318,6
1015019,6
1266132,6
1089281,6
1190278,6
1289509,6
1320054,6
1183688,6
1150161,6
1152298,6
1073341,6
1059589,6
1248440,6
1313045,6
1118715,6
1237234,6
1271241,6
1022394,6
1189073,6
1169351,6
1040203,6
1256793,6
1257750,6
1204940,6
1058706,6
1126617,6
1239363,6
1167762,6
1294391,6
1197657,6
1230670,6
1248696,6
1143918,6
1257827,6
1016522,6
1214436,6
1249403,6
1142865,6
1154098,6
1253418,6
1239558,6
1120075,6
1322453,6
1272819,6
1232345,6
1103267,6
1163033,6
1236498,6
1036870,6
1225859,6
1160049,6
1274853,6
1171286,6
1056818,6
1042025,6
1035827,6
1060836,6
1054759,6
1147847,6
1095095,6
1220962,6
1221001,6
1270051,6
1084016,6
1226886,6
1221499,6
1183244,6
1314620,6
1263453,6
1119108,6
1317459,6
1009825,6
1074833,6
1125528,6
1209515,6
1071023,6
1024722,6
1124880,6
1141293,6
1098044,6
1307973,6
1264061,6
1290144,6
1094311,6
1172384,6
1136510,6
1319250,6
1104485,6
1237563,6
1188102,6
1308138,6
1240255,6
1322123,6
1282952,6
1020165,6
1300241,6
1076194,6
1000752,6
1025707,6
1074489,6
1012594,6
1131784,6
1282688,6
1183928,6
1035614,6
1091995,6
1077050,6
1166763,6
1235600,6
1248093,6
1314762,6
1259967,6
1085260,6
1045761,6
1159727,6
1197185,6
1074241,6
1239511,6
1291333,6
1034785,6
1149112,6
1043284,6
1279929,6
1129168,6
1136389,6
1286626,6
1076906,6
1180497,6
1272623,6
1221133,6
1144911,6
1220883,6
1250584,6
1291734,6
1069930,6
1027812,6
1082479,6
1065724,6
1050516,6
1077410,6
1212379,6
1016338,6
1039703,6
1264345,6
1111625,6
1207161,6
1104541,6
1256944,6
1030449,6
1017308,6
1125788,6
1016167,6
1181641,6
1091418,6
1084118,6
1209181,6
1121467,6
1063566,6
1208265,6
1121577,6
1195978,6
1074906,6
1173216,6
1272977,6
1189590,6
1195087,6
1117476,6
1249678,6
1286017,6
1072621,6
1014131,6
1132029,6
1251029,6
1248007,6
1127825,6
1115207,6
1276354,6
1104066,6
1315776,6
1055840,6
1034066,6
1005057,6
1066455,6
1180929,6
1169152,6
1184818,6
1282421,6
1188447,6
1217795,6
1076075,6
1009012,6
1013766,6
1202592,6
1148951,6
1288974,6
1061199,6
1199284,6
1110273,6
1127116,6
1283253,6
1160245,6
1086807,6
1021646,6
1303218,6
1266785,6
1066701,6
1174787,6
1199650,6
1288180,6
1206828,6
1068442,6
1009704,6
1012029,6
1154534,6
1034844,6
1024122,6
1102315,6
1078860,6
1268099,6
1220976,6
1066972,6
1227719,6
1038388,6
1169348,6
1102162,6
1104129,6
1006482,6
1063193,6
1199016,6
1107658,6
1072008,6
1216319,6
1197497,6
1313377,6
1206926,6
1305557,6
1209158,6
1301888,6
1090480,6
1204311,6
1063093,6
1012350,6
1288002,6
1181029,6
1216527,6
1118953,6
1312246,6
1233179,6
1090489,6
1283449,6
1134899,6
1276455,6
1251426,6
1196574,6
1213713,6
1208300,6
1288578,6
1006288,6
1061047,6
1088571,6
1207722,6
1270382,6
1062626,6
1165928,6
1301465,6
1188635,6
1085119,6
1272020,6
1190210,6
1131297,6
1123761,6
1143408,6
1208126,6
1075118,6
1045562,6
1324726,6
1125232,6
1324219,6
1086945,6
1300656,6
1323737,6
1022742,6
1161900,6
1258949,6
1169388,6
1068338,6
1085423,6
1113222,6
1036792,6
1027319,6
1272142,6
1049342,6
1144271,6
1055622,6
1202399,6
1229476,6
1258762,6
1309632,6
1278881,6
1076821,6
1123240,6
1091444,6
1273524,6
1219612,6
1145954,6
1047241,6
1264432,6
1073706,6
1108207,6
1212912,6
1266158,6
1295271,6
1193881,6
1139720,6
1067874,6
1167035,6
1102470,6
1125030,6
1060333,6
1168632,6
1012572,6
1020178,6
1175215,6
1018302,6
1246892,6
1007456,6
1154273,6
1119860,6
1144263,6
1059036,6
1241249,6
1094600,6
1089723,6
1146008,6
1210355,6
1083026,6
1155162,6
1313025,6
1211016,6
1144226,6
1279436,6
1148241,6
1024922,6
1074625,6
1212558,6
1259887,6
1055020,6
1180013,6
1228259,6
1296636,6
1122982,6
1241891,6
1244589,6
1201242,6
1174657,6
1237744,6
1104922,6
1089236,6
1006474,6
1047825,6
1197733,6
1200483,6
1033630,6
1052925,6
1088594,6
1180986,6
1286666,6
1261186,6
1102172,6
1053208,6
1320413,6
1108236,6
1174988,6
1260421,6
1084221,6
1214341,6
1007080,6
1052940,6
1123998,6
1122314,6
1170624,6
1118174,6
1159755,6
1066619,6
1299008,6
1072149,6
1136880,6
1045860,6
1157178,6
1286235,6
1169663,6
1038180,6
1156302,6
1014027,6
1142518,6
1159119,6
1167149,6
1047422,6
1090766,6
1277648,6
1038774,6
1269452,6
1290389,6
1144464,6
1097378,6
1156536,6
1286656,6
1147955,6
1309882,6
1048222,6
1187795,6
1140600,6
1003142,6
1292880,6
1036616,6
1163476,6
1071274,6
1148894,6
1303922,6
1199971,6
1023900,6
1240036,6
1291267,6
1222465,6
1131255,6
1100377,6
1266869,6
1240575,6
1004912,6
1201043,6
1005382,6
1057553,6
1068297,6
1266755,6
1259864,6
1004685,6
1215351,6
1171343,6
1063822,6
1078263,6
1226765,6
1024512,6
1103876,6
1228581,6
1128645,6
1220419,6
1250655,6
1144621,6
1324052,6
1140068,6
1079964,6
1204759,6
1199384,6
1230855,6
1325734,6
1269103,6
1190851,6
1283559,6
1322344,6
1055310,6
1180846,6
1133735,6
1027690,6
1055496,6
1015127,6
1195904,6
1286524,6
1055889,6
1199092,6
1135906,6
1232822,6
1072173,6
1025333,6
1127800,6
1323989,6
1274036,6
1256812,6
1243824,6
1241694,6
1276204,6
1278215,6
1019691,6
1325363,6
1129275,6
1173943,6
1247207,6
1089047,6
1034614,6
1199540,6
1200774,6
1023241,6
1246737,6
1227068,6
1052911,6
1049819,6
1324221,6
1100581,6
1321640,6
1163660,6
1096688,6
1245444,6
1133837,6
1189346,6
1006292,6
1183701,6
1216288,6
1090493,6
1293100,6
1234264,6
1006101,6
1224131,6
1196207,6
1141882,6
1219276,6
1265596,6
1017073,6
1310713,6
1272703,6
1102347,6
1050638,6
1043504,6
1240259,6
1270329,6
1127958,6
1119209,6
1034417,6
1083468,6
1076590,6
1198404,6
1310622,6
1059963,6
1090284,6
1049073,6
1245255,6
1187727,6
1023970,6
1149351,6
1032281,6
1180389,6
1101022,6
1159784,6
1187447,6
1008187,6
1198665,6
1277831,6
1094371,6
1050984,6
1220627,6
1037390,6
1227634,6
1085869,6
1296514,6
1258253,6
1287849,6
1008553,6
1095590,6
1125550,6
1301996,6
1142965,6
1173022,6
1013659,6
1071144,6
1064480,6
1197170,6
1219347,6
1131066,6
1173934,6
1325706,6
1033349,6
1101351,6
1240563,6
1292925,6
1041244,6
1243136,6
1019145,6
1107717,6
1296017,6
1140954,6
1075696,6
1132141,6
1087612,6
1147785,6
1043326,6
1002502,6
1204657,6
1298796,6
1265719,6
1322599,6
1307541,6
1171187,6
1122679,6
1001936,6
1224263,6
1220871,6
1000978,6
1287358,6
1271252,6
1100427,6
1277563,6
1265448,6
1130959,6
1030231,6
1065228,6
1298584,6
1116339,6
1216588,6
1095434,6
1156906,6
1015734,6
1149086,6
1230861,6
1238755,6
1215690,6
1156300,6
1325477,6
1071122,6
1295352,6
1054303,6
1165068,6
1082230,6
1292371,6
1119257,6
1295896,6
1267662,6
1068900,6
1110457,6
1208009,6
1190685,6
1097348,6
1051908,6
1268611,6
1133769,6
1099326,6
1014539,6
1255736,6
1137498,6
1155674,6
1139236,6
1217377,6
1220124,6
1024359,6
1196381,6
1000349,6
1209984,6
1248517,6
1276098,6
1214263,6
1055145,6
1211446,6
1259048,6
1116240,6
1083130,6
1295488,6
1272160,6
1111153,6
1024331,6
1286229,6
1038982,6
1236189,6
1312018,6
1253672,6
1148228,6
1255642,6
1148110,6
1141443,6
1182562,6
1175070,6
1103460,6
1018450,6
1163433,6
1105393,6
1159115,6
1184443,6
1053964,6
1163338,6
1325509,6
1222579,6
1063152,6
1089268,6
1157148,6
1138447,6
1083837,6
1107816,6
1285544,6
1058971,6
1298411,6
1273344,6
1261033,6
1052946,6
1192342,6
1287415,6
1286210,6
1284214,6
1093289,6
1325024,6
1047793,6
1000347,6
1274684,6
1078953,6
1039833,6
1116026,6
1281748,6
1174640,6
1282104,6
1162083,6
1065206,6
1144373,6
1323289,6
1038628,6
1185038,6
1103161,6
1192766,6
1292043,6
1189814,6
1186224,6
1186372,6
1230897,6
1270435,6
1186623,6
1219340,6
1031778,6
1080999,6
1093449,6
1175363,6
1185061,6
1048198,6
1255005,6
1179780,6
1270077,6
1141752,6
1116265,6
1311973,6
1172941,6
1249757,6
1249680,6
1245004,6
1073823,6
1069280,6
1232603,6
1093746,6
1020383,6
1286248,6
1236286,6
1106947,6
1076483,6
1291472,6
1311988,6
1113467,6
1281739,6
1055454,6
1105197,6
1165457,6
1063568,6
1107013,6
1282992,6
1248166,6
1158205,6
1027842,6
1253263,6
1284675,6
1066064,6
1238305,6
1303761,6
1103035,6
1235998,6
1106646,6
1042463,6
1083365,6
1313904,6
1256498,6
1239371,6
1166978,6
1124513,6
1147468,6
1064919,6
1265241,6
1190817,6
1115944,6
1048719,6
1084035,6
1142111,6
1289428,6
1048509,6
1073712,6
1067067,6
1222351,6
1248344,6
1022681,6
1143227,6
1220295,6
1211988,6
1010836,6
1079424,6
1096225,6
1252899,6
1218357,6
1014414,6
1053294,6
1286848,6
1178585,6
1324292,6
1227978,6
1204559,6
1262208,6
1191902,6
1033302,6
1295781,6
1306301,6
1052329,6
1253765,6
1251271,6
1225456,6
1183334,6
1302659,6
1062155,6
1169956,6
1029930,6
1127771,6
1318314,6
1184769,6
1204671,6
1122061,6
1117605,6
1164963,6
1113368,6
1109185,6
1223469,6
1203589,6
1299280,6
1025500,6
1157277,6
1287112,6
1241963,6
1027127,6
1272126,6
1120507,6
1034591,6
1234269,6
1294794,6
1124403,6
1059686,6
1084019,6
1235665,6
1322647,6
1272350,6
1023757,6
1247921,6
1240696,6
1179305,6
1247063,6
1039055,6
1293740,6
1266411,6
1007727,6
1203685,6
1187376,6
1205501,6
1299874,6
1186326,6
1158712,6
1042667,6
1167416,6
1140662,6
1032832,6
1028654,6
1181953,6
1222657,6
1075424,6
1014397,6
1318838,6
1159890,6
1181391,6
1291227,6
1287548,6
1325825,6
1257659,6
1009624,6
1306039,6
1208615,6
1194386,6
1216817,6
1053831,6
1247178,6
1016035,6
1024839,6
1078924,6
1266839,6
1319761,6
1077724,6
1124068,6
1062744,6
1286603,6
1030323,6
1192573,6
1113510,6
1308260,6
1222301,6
1074310,6
1060988,6
1070513,6
1206671,6
1101612,6
1098717,6
1133908,6
1308934,6
1250485,6
1062280,6
1250923,6
1131415,6
1298793,6
1248022,6
1119187,6
1115777,6
1168521,6
1150637,6
1008110,6
1197811,6
1007369,6
1299890,6
1090372,6
1221350,6
1066062,6
1173312,6
1221893,6
1243621,6
1105188,6
1122953,6
1240208,6
1172262,6
1250433,6
1217514,6
1178361,6
1244099,6
1210590,6
1309123,6
1015864,6
1267251,6
1146543,6
1259054,6
1155276,6
1052575,6
1035394,6
1231446,6
1146638,6
1274518,6
1271685,6
1130705,6
1279885,6
1114209,6
1109932,6
1022350,6
1136304,6
1083335,6
1286411,6
1103676,6
1104908,6
1273843,6
1245355,6
1112584,6
1160967,6
1266014,6
1282593,6
1010665,6
1221456,6
1164695,6
1040328,6
1066268,6
1312951,6
1080312,6
1166363,6
1146222,6
1275376,6
1160693,6
1217994,6
1250464,6
1257901,6
1076540,6
1223519,6
1176441,6
1232929,6
1183617,6
1037719,6
1323739,6
1180770,6
1071382,6
1274202,6
1061404,6
1017582,6
1054086,6
1089066,6
1290428,6
1259204,6
1212733,6
1319189,6
1043190,6
1194743,6
1011390,6
1179486,6
1119064,6
1123888,6
1120933,6
1197973,6
1261816,6
1014910,6
1201422,6
1019720,6
1193803,6
1141275,6
1068462,6
1165373,6
1311335,6
1280440,6
1299552,6
1037524,6
1046454,6
1069242,6
1241076,6
1108952,6
1084926,6
1051168,6
1128566,6
1086894,6
1046307,6
1275022,6
1011619,6
1094881,6
1107974,6
1010077,6
1217811,6
1323254,6
1123749,6
1214521,6
1211263,6
1199137,6
1109204,6
1068049,6
1169735,6
1143109,6
1025760,6
1078543,6
1024313,6
1225187,6
1325310,6
1312101,6
1320442,6
1235331,6
1296987,6
1240328,6
1283446,6
1149602,6
1217389,6
1094981,6
1007772,6
1312325,6
1079574,6
1083478,6
1107911,6
1324789,6
1287890,6
1105004,6
1152076,6
1093546,6
1176092,6
1214499,6
1163995,6
1146004,6
1275181,6
1069779,6
1252981,6
1248979,6
1162941,6
1094725,6
1027269,6
1204831,6
1112149,6
1013194,6
1190002,6
1220842,6
1001990,6
1053351,6
1306295,6
1306543,6
1238369,6
1088611,6
1276528,6
1206029,6
1226062,6
1019093,6
1205203,6
1015635,6
1242320,6
1304552,6
1065618,6
1041389,6
1062339,6
1057346,6
1139983,6
1250826,6
1063697,6
1135148,6
1106593,6
1051151,6
1295032,6
1021191,6
1180495,6
1217256,6
1180298,6
1159412,6
1295254,6
1275749,6
1306675,6
1311651,6
1132270,6
1303632,6
1090641,6
1218339,6
1285616,6
1172402,6
1075289,6
1206260,6
1286818,6
1198502,6
1297754,6
1262361,6
1305761,6
1307080,6
1192195,6
1290544,6
1176697,6
1142299,6
1206699,6
1083768,6
1302663,6
1075679,6
1143088,6
1239354,6
1250083,6
1203279,6
1240755,6
1068778,6
1244815,6
1302610,6
1111046,6
1229127,6
1036060,6
1116112,6
1282448,6
1324294,6
1086337,6
1036989,6
1215404,6
1182363,6
1272187,6
1102617,6
1006464,6
1247380,6
1192652,6
1117454,6
1075065,6
1040376,6
1042841,6
1041107,6
1249313,6
1001186,6
1081003,6
1036139,6
1140786,6
1179447,6
1020462,6
1062203,6
1291946,6
1011874,6
1262918,6
1304127,6
1008716,6
1022386,6
1128365,6
1065467,6
1137669,6
1233622,6
1261883,6
1006083,6
1002415,6
1321538,6
1098757,6
1145182,6
1198347,6
1022779,6
1115195,6
1292693,6
1098485,6
1123928,6
1311604,6
1088003,6
1165380,6
1178102,6
1008766,6
1316182,6
1039211,6
1110505,6
1302279,6
1250032,6
1312506,6
1284371,6
1253746,6
1237261,6
1181984,6
1315552,6
1153717,6
1035425,6
1024711,6
1242651,6
1239589,6
1148120,6
1035091,6
1168158,6
1118958,6
1312010,6
1104465,6
1228885,6
1199227,6
1307731,6
1299224,6
1176038,6
1227291,6
1316000,6
1241293,6
1187536,6
1318558,6
1251144,6
1152091,6
1015660,6
1194089,6
1075978,6
1302450,6
1318345,6
1145680,6
1115846,6
1036316,6
1325531,6
1025456,6
1302379,6
1019513,6
1105413,6
1270275,6
1109737,6
1176578,6
1084982,6
1052204,6
1301613,6
1277265,6
1164911,6
1112823,6
1005061,6
1317537,6
1027670,6
1001598,6
1181247,6
1081239,6
1030810,6
1002529,6
1026634,6
1089368,6
1099271,6
1003237,6
1198536,6
1288507,6
1301933,6
1207776,6
1090262,6
1085689,6
1167874,6
1190235,6
1000085,6
1032855,6
1311664,6
1107797,6
1293948,6
1285406,6
1297469,6
1032124,6
1117191,6
1268476,6
1117702,6
1268150,6
1088258,6
1230185,6
1278425,6
1129371,6
1298583,6
1009119,6
1222991,6
1240785,6
1223687,6
1266585,6
1182247,6
1310742,6
1002211,6
1248051,6
1290706,6
1142392,6
1143413,6
1013631,6
1297242,6
1066056,6
1222181,6
1149982,6
1066970,6
1275996,6
1172552,6
1323753,6
1318081,6
1256337,6
1072832,6
1097806,6
1189299,6
1082335,6
1288498,6
1016855,6
1004092,6
1103152,6
1302544,6
1268508,6
1189166,6
1031989,6
1061027,6
1077734,6
1151652,6
1015399,6
1136840,6
1090237,6
1284195,6
1022863,6
1298822,6
1229353,6
1025306,6
1144683,6
1306898,6
1296102,6
1000152,6
1129423,6
1247019,6
1265367,6
1126702,6
1083887,6
1313955,6
1293649,6
1096905,6
1296310,6
1218072,6
1119211,6
1230444,6
1027580,6
1104005,6
1011477,6
1223416,6
1178211,6
1087678,6
1218728,6
1020023,6
1199521,6
1164270,6
1213447,6
1200690,6
1099786,6
1211651,6
1193379,6
1178483,6
1038524,6
1131754,6
1104715,6
1174178,6
1230516,6
1295774,6
1136698,6
1026266,6
1255501,6
1324860,6
1033544,6
1142889,6
1162123,6
1245573,6
1060634,6
1223452,6
1256055,6
1162609,6
1312958,6
1199400,6
1281259,6
1322871,6
1262336,6
1218494,6
1200761,6
1281553,6
1074536,6
1302055,6
1036672,6
1241272,6
1216413,6
1317162,6
1304133,6
1235489,6
1011971,6
1283479,6
1196325,6
1012961,6
1049063,6
1219450,6
1224679,6
1015376,6
1059772,6
1034015,6
1306291,6
1027438,6
1137826,6
1133473,6
1136413,6
1221928,6
1038094,6
1218806,6
1013370,6
1027899,6
1054896,6
1047470,6
1142840,6
1139864,6
1226267,6
1274832,6
1296748,6
1196266,6
1234344,6
1310359,6
1046620,6
1035334,6
1022093,6
1317894,6
1242024,6
1000742,6
1205151,6
1082747,6
1035266,6
1246743,6
1112631,6
1062684,6
1075237,6
1207822,6
1114809,6
1053731,6
1198571,6
1165621,6
1235377,6
1155115,6
1173750,6
1014029,6
1132767,6
1266894,6
1173727,6
1189175,6
1292053,6
1032716,6
1210799,6
1231941,6
1004176,6
1065588,6
1172540,6
1096451,6
1278969,6
1005008,6
1133115,6
1200402,6
1279134,6
1082813,6
1174159,6
1154439,6
1225499,6
1218615,6
1294611,6
1104773,6
1137994,6
1029069,6
1102382,6
1279369,6
1059829,6
1142339,6
1012012,6
1025454,6
1091094,6
1031960,6
1241701,6
1058316,6
1230917,6
1284448,6
1094674,6
1238613,6
1060215,6
1103384,6
1142645,6
1254428,6
1118168,6
1082861,6
1123903,6
1003377,6
1283462,6
1301339,6
1219933,6
1014597,6
1029846,6
1210312,6
1318083,6
1025168,6
1035193,6
1163345,6
1094625,6
1051149,6
1232544,6
1142595,6
1214376,6
1107740,6
1214010,6
1105925,6
1132326,6
1138947,6
1165383,6
1130856,6
1071956,6
1197864,6
1282711,6
1316361,6
1174012,6
1088281,6
1156351,6
1013526,6
1193581,6
1177255,6
1136149,6
1073910,6
1114701,6
1140389,6
1321984,6
1242912,6
1197297,6
1264268,6
1062811,6
1325171,6
1073794,6
1104437,6
1158148,6
1232792,6
1152615,6
1307723,6
1125739,6
1220420,6
1210302,6
1207462,6
1134149,6
1226997,6
1120331,6
1081029,6
1238685,6
1156346,6
1283111,6
1028509,6
1117993,6
1155144,6
1110613,6
1305936,6
1163244,6
1195053,6
1141589,6
1140313,6
1238731,6
1062682,6
1164837,6
1015664,6
1158253,6
1304774,6
1079493,6
1192201,6
1018087,6
1250103,6
1082371,6
1000993,6
1313071,6
1178523,6
1121050,6
1287903,6
1251859,6
1097676,6
1089548,6
1287760,6
1324289,6
1012474,6
1270136,6
1186301,6
1063034,6
1161508,6
1166196,6
1094146,6
1070405,6
1165465,6
1096847,6
1096525,6
1153806,6
1030706,6
1297150,6
1207467,6
1045012,6
1267247,6
1187777,6
1103850,6
1012829,6
1042314,6
1156280,6
1224971,6
1210258,6
1241185,6
1070758,6
1102052,6
1057583,6
1189626,6
1130996,6
1133290,6
1206562,6
1217173,6
1026841,6
1053949,6
1009010,6
1044261,6
1271274,6
1184083,6
1222728,6
1293506,6
1113417,6
1309280,6
1178074,6
1021741,6
1038514,6
1202976,6
1317031,6
1311143,6
1078406,6
1147566,6
1088057,6
1307309,6
1027948,6
1166421,6
1311721,6
1205905,6
1177082,6
1072255,6
1070081,6
1189615,6
1162009,6
1112323,6
1114824,6
1268729,6
1201160,6
1212717,6
1221281,6
1149702,6
1144720,6
1203272,6
1257000,6
1186018,6
1153092,6
1222108,6
1243212,6
1224489,6
1203833,6
1007949,6
1003756,6
1287762,6
1003484,6
1129800,6
1093825,6
1307144,6
1317580,6
1275209,6
1061573,6
1015042,6
1061558,6
1196286,6
1023267,6
1106013,6
1315296,6
1159561,6
1178115,6
1106408,6
1064640,6
1059694,6
1291901,6
1309299,6
1296401,6
1045720,6
1220037,6
1206397,6
1163286,6
1222549,6
1308450,6
1026095,6
1243004,6
1255551,6
1184608,6
1026355,6
1129326,6
1314835,6
1082350,6
1231792,6
1047717,6
1155259,6
1292528,6
1036092,6
1203138,6
1236934,6
1074079,6
1001129,6
1007010,6
1182543,6
1231271,6
1173290,6
1105951,6
1224455,6
1059910,6
1291908,6
1322993,6
1023025,6
1026568,6
1143479,6
1309701,6
1233803,6
1119092,6
1098950,6
1230222,6
1202339,6
1233618,6
1112781,6
1161383,6
1090483,6
1063798,6
1170023,6
1315634,6
1040194,6
1168113,6
1273586,6
1306549,6
1281617,6
1003986,6
1166624,6
1118977,6
1109429,6
1274817,6
1063861,6
1166842,6
1178618,6
1152710,6
1266076,6
1123164,6
1237894,6
1149430,6
1103181,6
1308694,6
1319051,6
1013282,6
1270941,6
1186465,6
1187410,6
1214604,6
1298174,6
1097784,6
1032296,6
1129411,6
1297204,6
1218717,6
1126517,6
1100843,6
1199810,6
1005591,6
1098522,6
1208907,6
1212846,6
1172108,6
1059252,6
1160159,6
1108849,6
1265406,6
1153532,6
1003724,6
1084849,6
1056244,6
1129001,6
1094525,6
1260744,6
1074892,6
1293595,6
1011867,6
1027306,6
1325626,6
1239676,6
1292495,6
1051406,6
1244407,6
1187977,6
1235147,6
1076425,6
1252354,6
1216581,6
1275727,6
1164398,6
1129759,6
1215357,6
1269565,6
1308532,6
1310487,6
1320879,6
1060837,6
1012757,6
1047234,6
1036040,6
1302965,6
1184338,6
1046633,6
1264660,6
1174693,6
1239977,6
1105775,6
1318071,6
1150178,6
1310651,6
1066541,6
1006492,6
1224878,6
1054084,6
1168003,6
1158488,6
1150472,6
1077502,6
1185187,6
1303702,6
1163668,6
1018371,6
1191717,6
1056444,6
1074074,6
1116501,6
1033318,6
1236402,6
1121466,6
1067650,6
1186910,6
1066356,6
1106266,6
1028287,6
1000452,6
1226431,6
1306147,6
1041019,6
1210965,6
1033004,6
1205574,6
1267529,6
1052011,6
1220809,6
1027402,6
1250120,6
1086438,6
1152311,6
1235881,6
1135282,6
1277929,6
1323287,6
1319219,6
1156185,6
1256862,6
1235993,6
1121131,6
1146284,6
1098490,6
1142143,6
1019546,6
1059947,6
1243597,6
1168818,6
1006332,6
1197608,6
1088358,6
1245842,6
1030317,6
1119825,6
1072456,6
1294133,6
1173950,6
1216901,6
1016983,6
1026545,6
1036696,6
1044541,6
1039693,6
1289101,6
1268544,6
1043252,6
1123216,6
1006697,6
1261195,6
1095169,6
1318917,6
1172044,6
1228258,6
1124128,6
1148024,6
1075726,6
1266071,6
1256302,6
1181678,6
1081428,6
1116818,6
1231426,6
1003133,6
1302420,6
1024575,6
1206592,6
1171517,6
1041105,6
1136088,6
1268960,6
1205088,6
1319903,6
1324903,6
1138353,6
1253236,6
1113617,6
1111003,6
1004729,6
1232067,6
1172095,6
1256897,6
1019822,6
1017677,6
1020059,6
1203365,6
1241561,6
1268976,6
1109687,6
1099525,6
1190496,6
1018500,6
1057474,6
1022521,6
1056203,6
1156161,6
1248054,6
1292772,6
1040830,6
1296377,6
1256583,6
1036194,6
1187421,6
1021405,6
1132077,6
1234864,6
1059244,6
1014785,6
1248657,6
1140259,6
1067252,6
1262576,6
1006887,6
1148598,6
1263581,6
1109624,6
1101267,6
1172831,6
1148113,6
1275024,6
1310288,6
1224230,6
1281172,6
1234998,6
1277700,6
1155892,6
1077805,6
1095830,6
1036532,6
1141783,6
1197926,6
1229381,6
1015260,6
1145185,6
1319818,6
1269930,6
1215453,6
1317309,6
1305650,6
1127427,6
1058696,6
1272957,6
1288600,6
1169171,6
1298036,6
1001991,6
1074572,6
1104931,6
1201044,6
1250856,6
1213243,6
1175759,6
1115034,6
1001156,6
1157105,6
1209773,6
1140467,6
1037538,6
1178409,6
1325783,6
1110007,6
1041045,6
1099294,6
1157292,6
1109593,6
1066254,6
1156383,6
1151603,6
1161476,6
1082256,6
1302941,6
1111923,6
1199921,6
1267396,6
1299877,6
1240484,6
1142335,6
1072009,6
1305853,6
1080773,6
1187352,6
1111678,6
1093000,6
1299099,6
1307034,6
1002642,6
1011283,6
1121044,6
1044866,6
1215751,6
1124208,6
1298402,6
1140556,6
1219976,6
1105456,6
1050723,6
1303550,6
1186739,6
1259372,6
1084838,6
1005088,6
1097587,6
1075691,6
1008156,6
1279050,6
1250919,6
1241064,6
1093703,6
1076382,6
1107930,6
1100514,6
1120406,6
1205937,6
1133426,6
1298292,6
1160913,6
1247761,6
1057888,6
1234382,6
1190803,6
1048225,6
1166913,6
1146546,6
1287662,6
1055060,6
1025367,6
1308916,6
1171650,6
1275610,6
1308453,6
1217951,6
1279001,6
1316106,6
1233273,6
1297077,6
1125893,6
1056338,6
1318932,6
1066622,6
1022849,6
1091190,6
1141788,6
1134635,6
1280836,6
1056990,6
1047763,6
1088709,6
1148562,6
1161945,6
1043485,6
1026302,6
1259957,6
1179024,6
1137536,6
1225951,6
1294553,6
1074100,6
1075273,6
1115768,6
1089703,6
1152049,6
1031694,6
1065274,6
1255025,6
1129086,6
1177573,6
1315362,6
1318024,6
1022120,6
1189942,6
1324168,6
1219744,6
1186255,6
1222502,6
1262797,6
1133232,6
1111867,6
1212965,6
1122430,6
1178655,6
1103089,6
1314859,6
1137751,6
1001868,6
1277836,6
1192997,6
1281481,6
1182764,6
1004328,6
1146399,6
1166374,6
1293373,6
1145282,6
1241844,6
1137177,6
1116993,6
1190988,6
1213356,6
1101936,6
1121926,6
1104079,6
1056666,6
1107757,6
1213043,6
1195457,6
1028786,6
1270638,6
1043575,6
1281961,6
1104099,6
1184807,6
1193938,6
1267551,6
1157525,6
1238048,6
1153238,6
1323927,6
1072026,6
1017082,6
1169748,6
1320073,6
1057912,6
1258285,6
1124750,6
1081076,6
1162330,6
1239466,6
1238117,6
1128430,6
1065004,6
1258774,6
1166439,6
1071790,6
1226234,6
1241257,6
1055767,6
1113374,6
1319014,6
1190403,6
1192206,6
1241979,6
1135937,6
1044296,6
1283789,6
1207963,6
1018413,6
1229788,6
1269855,6
1209933,6
1246084,6
1239551,6
1155880,6
1239921,6
1054357,6
1191354,6
1159950,6
1284819,6
1309255,6
1199291,6
1019990,6
1042974,6
1316930,6
1110607,6
1231955,6
1101546,6
1148890,6
1168655,6
1238201,6
1304603,6
1237836,6
1030428,6
1187102,6
1132295,6
1097227,6
1293129,6
1081679,6
1313647,6
1070510,6
1222354,6
1019572,6
1126071,6
1028313,6
1317154,6
1072299,6
1315714,6
1034543,6
1021907,6
1126948,6
1011947,6
1316824,6
1205870,6
1298831,6
1305363,6
1150023,6
1101430,6
1314057,6
1259452,6
1074175,6
1101375,6
1043145,6
1058998,6
1309744,6
1170170,6
1109833,6
1115453,6
1069775,6
1324957,6
1080893,6
1280872,6
1201507,6
1150896,6
1044019,6
1227393,6
1215414,6
1132128,6
1050989,6
1137467,6
1125108,6
1281197,6
1011794,6
1057676,6
1228612,6
1201305,6
1100681,6
1139759,6
1174876,6
1322523,6
1197856,6
1077554,6
1237598,6
1147646,6
1124225,6
1080674,6
1237528,6
1305941,6
1084956,6
1263157,6
1027790,6
1068454,6
1191507,6
1016610,6
1306501,6
1175184,6
1187708,6
1102305,6
1025061,6
1037348,6
1038330,6
1147483,6
1113699,6
1125347,6
1170630,6
1245408,6
1240492,6
1194228,6
1059453,6
1064589,6
1084447,6
1313311,6
1189283,6
1112286,6
1253411,6
1267578,6
1138927,6
1312890,6
1151098,6
1259181,6
1149058,6
1071465,6
1074361,6
1149211,6
1134036,6
1126947,6
1036933,6
1073439,6
1004115,6
1052312,6
1034952,6
1259547,6
1188798,6
1264415,6
1026665,6
1007364,6
1157419,6
1254068,6
1164214,6
1185349,6
1286998,6
1157607,6
1021294,6
1251538,6
1031870,6
1157357,6
1006110,6
1166520,6
1299362,6
1030095,6
1155368,6
1120353,6
1120575,6
1233476,6
1297251,6
1099592,6
1067942,6
1249149,6
1091524,6
1088098,6
1140069,6
1085222,6
1216640,6
1134289,6
1135277,6
1244675,6
1078434,6
1003399,6
1168154,6
1189924,6
1299501,6
1236847,6
1053462,6
1208958,6
1288401,6
1122424,6
1209031,6
1295592,6
1253451,6
1318546,6
1202002,6
1286638,6
1135807,6
1139592,6
1005686,6
1056362,6
1103099,6
1008930,6
1289574,6
1293670,6
1263313,6
1178617,6
1169571,6
1134291,6
1203044,6
1145929,6
1101636,6
1139762,6
1112385,6
1088367,6
1315344,6
1149481,6
1235631,6
1061361,6
1169943,6
1021151,6
1242342,6
1140462,6
1254058,6
1006863,6
1269107,6
1274461,6
1262132,6
1280537,6
1241375,6
1145597,6
1052391,6
1185570,6
1197252,6
1125354,6
1071202,6
1083344,6
1262494,6
1204835,6
1240992,6
1299606,6
1238149,6
1132338,6
1277085,6
1253960,6
1157545,6
1013422,6
1192559,6
1088371,6
1252340,6
1161439,6
1112540,6
1210042,6
1257592,6
1277441,6
1105771,6
1138469,6
1024979,6
1255854,6
1173807,6
1136012,6
1185002,6
1071347,6
1312483,6
1138078,6
1222419,6
1305640,6
1271001,6
1234278,6
1054547,6
1117290,6
1143334,6
1285555,6
1152650,6
1157872,6
1040057,6
1030582,6
1086174,6
1088905,6
1188497,6
1111512,6
1069663,6
1130566,6
1285050,6
1277013,6
1292269,6
1169313,6
1307611,6
1266653,6
1175821,6
1220763,6
1212341,6
1082369,6
1093276,6
1184747,6
1022858,6
1021632,6
1231143,6
1110135,6
1274042,6
1010412,6
1248192,6
1202419,6
1248091,6
1293534,6
1208731,6
1272338,6
1151690,6
1290767,6
1054792,6
1320420,6
1157470,6
1061578,6
1290194,6
1237282,6
1086871,6
1268705,6
1009822,6
1276067,6
1296577,6
1234625,6
1142116,6
1232775,6
1061121,6
1067722,6
1258236,6
1230602,6
1302939,6
1217446,6
1159650,6
1240114,6
1281736,6
1093262,6
1057407,6
1186174,6
1069971,6
1113305,6
1107659,6
1175299,6
1042711,6
1128077,6
1047438,6
1098285,6
1209377,6
1044549,6
1167641,6
1002929,6
1130215,6
1146563,6
1221624,6
1307311,6
1214691,6
1068756,6
1249260,6
1130643,6
1146085,6
1235283,6
1069578,6
1323971,6
1020017,6
1107067,6
1170172,6
1247295,6
1296123,6
1166714,6
1244653,6
1039417,6
1158160,6
1281527,6
1089604,6
1253185,6
1320252,6
1116092,6
1289171,6
1305179,6
1034082,6
1126726,6
1296274,6
1156529,6
1302398,6
1035247,6
1012386,6
1233764,6
1187015,6
1082114,6
1261878,6
1139141,6
1243932,6
1272893,6
1166564,6
1111984,6
1069378,6
1226480,6
1040614,6
1059396,6
1287218,6
1038098,6
1252060,6
1320536,6
1016934,6
1162594,6
1151763,6
1058462,6
1176843,6
1140196,6
1015861,6
1088246,6
1072211,6
1068607,6
1130952,6
1227337,6
1306915,6
1148743,6
1017459,6
1277435,6
1241428,6
1286636,6
1198802,6
1020344,6
1266164,6
1301633,6
1034894,6
1112170,6
1273690,6
1173411,6
1133612,6
1276785,6
1313467,6
1269177,6
1202088,6
1141179,6
1074960,6
1156140,6
1063142,6
1285213,6
1155735,6
1201379,6
1171211,6
1281346,6
1296833,6
1155606,6
1313612,6
1213834,6
1205294,6
1047181,6
1192390,6
1102726,6
1089995,6
1123733,6
1230943,6
1170870,6
1319000,6
1156008,6
1022837,6
1281442,6
1200923,6
1320533,6
1190794,6
1108378,6
1111154,6
1124407,6
1314846,6
1058931,6
1072929,6
1186936,6
1033197,6
1046814,6
1065985,6
1310015,6
1311420,6
1018651,6
1289036,6
1145168,6
1256688,6
1027730,6
1041577,6
1164978,6
1119729,6
1098502,6
1069613,6
1254546,6
1026224,6
1064959,6
1024033,6
1234397,6
1050092,6
1247279,6
1039090,6
1222005,6
1136080,6
1011827,6
1233175,6
1268111,6
1249016,6
1150212,6
1024265,6
1116755,6
1009487,6
1110471,6
1124449,6
1297486,6
1253053,6
1200951,6
1074553,6
1303465,6
1171054,6
1279933,6
1063601,6
1196353,6
1055710,6
1240086,6
1196173,6
1300191,6
1273226,6
1270150,6
1146481,6
1193286,6
1014927,6
1251864,6
1043915,6
1080929,6
1153709,6
1097034,6
1248957,6
1320885,6
1146965,6
1272430,6
1264526,6
1199615,6
1216752,6
1113619,6
1259228,6
1271478,6
1160252,6
1107353,6
1198448,6
1034515,6
1132993,6
1205408,6
1323798,6
1321934,6
1167709,6
1126539,6
1180000,6
1225630,6
1220726,6
1110700,6
1213101,6
1282547,6
1003714,6
1109745,6
1261522,6
1309338,6
1132753,6
1312359,6
1109582,6
1187334,6
1075003,6
1181226,6
1244296,6
1216893,6
1251450,6
1094388,6
1134365,6
1278142,6
1309635,6
1033193,6
1262743,6
1146052,6
1293856,6
1187929,6
1289841,6
1305714,6
1243802,6
1002020,6
1217053,6
1242410,6
1179504,6
1207418,6
1309916,6
1214988,6
1233034,6
1059574,6
1084826,6
1304340,6
1014344,6
1144527,6
1006273,6
1028855,6
1207987,6
1130635,6
1004712,6
1190778,6
1250090,6
1082469,6
1241316,6
1272201,6
1046371,6
1036770,6
1131069,6
1042743,6
1047649,6
1060156,6
1102561,6
1280484,6
1212150,6
1190461,6
1237441,6
1268128,6
1018095,6
1189629,6
1097705,6
1084465,6
1053944,6
1249727,6
1071426,6
1120486,6
1115056,6
1025965,6
1120581,6
1055072,6
1312342,6
1156406,6
1061374,6
1172221,6
1183768,6
1110269,6
1291216,6
1265125,6
1222691,6
1159694,6
1081468,6
1186765,6
1167994,6
1236298,6
1073378,6
1274104,6
1044914,6
1014341,6
1185907,6
1264675,6
1312361,6
1002231,6
1212882,6
1252420,6
1241123,6
1083218,6
1321223,6
1145893,6
1272486,6
1226942,6
1031515,6
1000185,6
1148345,6
1027547,6
1003773,6
1161698,6
1170161,6
1114797,6
1160378,6
1255812,6
1321170,6
1259635,6
1055939,6
1019635,6
1138892,6
1287161,6
1257309,6
1281729,6
1158659,6
1147853,6
1175349,6
1031326,6
1130694,6
1263968,6
1201478,6
1018878,6
1088404,6
1061415,6
1122783,6
1013602,6
1171490,6
1150473,6
1068409,6
1010369,6
1264679,6
1176060,6
1143373,6
1086247,6
1124122,6
1265740,6
1037580,6
1120558,6
1217603,6
1241798,6
1078539,6
1299073,6
1231990,6
1144826,6
1045558,6
1188472,6
1247599,6
1263200,6
1138827,6
1003640,6
1023417,6
1292757,6
1117719,6
1079052,6
1320727,6
1284606,6
1180048,6
1200534,6
1248976,6
1318770,6
1213354,6
1258510,6
1141645,6
1229457,6
1032187,6
1085017,6
1289481,6
1099709,6
1114933,6
1033594,6
1020878,6
1079675,6
1320448,6
1317340,6
1255544,6
1311016,6
1148526,6
1139206,6
1133377,6
1005732,6
1008521,6
1232582,6
1309857,6
1145515,6
1072314,6
1026347,6
1137729,6
1062519,6
1060142,6
1049380,6
1219705,6
1015934,6
1044575,6
1088310,6
1292519,6
1163173,6
1230316,6
1041142,6
1212325,6
1236164,6
1251587,6
1047339,6
1205682,6
1145138,6
1237757,6
1187302,6
1044710,6
1278278,6
1204356,6
1037913,6
1166333,6
1124698,6
1123401,6
1318087,6
1270009,6
1201699,6
1040123,6
1036776,6
1269477,6
1088704,6
1262915,6
1196487,6
1130002,6
1224603,6
1185332,6
1325579,6
1190869,6
1182444,6
1073973,6
1255579,6
1195798,6
1037110,6
1267767,6
1008940,6
1132549,6
1235002,6
1139685,6
1114788,6
1096838,6
1008749,6
1061465,6
1184506,6
1127803,6
1133690,6
1243227,6
1214973,6
1027516,6
1043489,6
1155283,6
1167825,6
1067550,6
1186810,6
1279247,6
1226366,6
1296200,6
1033508,6
1284654,6
1017991,6
1093039,6
1178097,6
1310797,6
1051077,6
1184084,6
1034971,6
1098232,6
1040142,6
1191530,6
1256621,6
1201977,6
1275697,6
1092489,6
1185967,6
1248965,6
1101455,6
1313485,6
1046564,6
1177100,6
1108137,6
1206479,6
1270211,6
1235148,6
1200796,6
1113887,6
1259399,6
1101404,6
1109153,6
1106686,6
1040161,6
1015018,6
1115537,6
1137316,6
1062424,6
1028796,6
1260438,6
1069096,6
1153791,6
1141248,6
1261868,6
1103708,6
1318210,6
1046457,6
1194462,6
1231599,6
1230739,6
1237704,6
1052193,6
1203249,6
1159904,6
1002218,6
1064683,6
1018493,6
1126616,6
1030453,6
1242617,6
1027394,6
1060593,6
1232104,6
1204385,6
1193755,6
1105680,6
1218870,6
1095150,6
1153219,6
1169314,6
1106198,6
1127621,6
1194814,6
1213701,6
1191852,6
1232694,6
1318276,6
1083304,6
1142297,6
1170321,6
1088633,6
1186070,6
1137245,6
1052891,6
1079268,6
1314096,6
1252008,6
1022432,6
1117514,6
1094647,6
1190236,6
1152959,6
1314164,6
1122285,6
1085547,6
1297127,6
1219600,6
1003393,6
1230708,6
1282185,6
1028053,6
1313237,6
1189141,6
1194987,6
1261999,6
1139426,6
1191907,6
1094289,6
1262148,6
1142570,6
1193332,6
1288579,6
1034409,6
1132005,6
1257272,6
1160004,6
1065796,6
1005880,6
1234670,6
1115021,6
1070040,6
1154455,6
1084667,6
1040170,6
1316643,6
1325499,6
1215036,6
1237406,6
1208748,6
1323308,6
1271975,6
1134009,6
1151416,6
1027824,6
1144198,6
1103631,6
1010720,6
1088866,6
1220003,6
1092457,6
1256103,6
1184641,6
1274483,6
1106384,6
1282301,6
1281600,6
1225999,6
1030887,6
1171321,6
1257815,6
1043246,6
1066019,6
1178927,6
1110129,6
1265730,6
1263420,6
1239553,6
1137455,6
1145971,6
1224923,6
1324636,6
1023563,6
1133548,6
1153684,6
1142641,6
1236786,6
1223575,6
1106801,6
1039632,6
1084283,6
1097874,6
1122291,6
1006663,6
1266297,6
1026233,6
1142932,6
1157069,6
1192151,6
1159355,6
1149343,6
1191715,6
1069769,6
1194210,6
1042993,6
1309837,6
1164587,6
1271969,6
1242955,6
1025884,6
1299218,6
1032161,6
1158635,6
1037819,6
1313294,6
1095486,6
1015263,6
1006743,6
1063319,6
1051874,6
1200190,6
1258271,6
1095766,6
1159492,6
1080482,6
1025485,6
1314572,6
1081125,6
1032441,6
1111901,6
1052882,6
1225828,6
1297676,6
1070177,6
1063987,6
1243761,6
1002378,6
1074708,6
1240148,6
1107761,6
1232955,6
1299136,6
1064280,6
1018349,6
1040751,6
1039456,6
1153704,6
1293844,6
1279783,6
1000548,6
1017212,6
1246302,6
1267408,6
1027716,6
1051533,6
1276944,6
1293462,6
1256794,6
1172578,6
1200144,6
1001073,6
1021581,6
1108951,6
1325321,6
1005828,6
1116110,6
1201750,6
1036818,6
1206383,6
1222037,6
1285224,6
1011186,6
1100108,6
1063138,6
1167767,6
1066890,6
1201733,6
1087384,6
1035270,6
1083362,6
1314483,6
1193188,6
1160051,6
1093973,6
1020073,6
1101609,6
1021555,6
1081314,6
1130588,6
1224568,6
1274231,6
1134653,6
1172610,6
1120175,6
1312517,6
1174326,6
1185252,6
1012668,6
1238085,6
1149747,6
1099548,6
1287464,6
1045901,6
1144755,6
1299401,6
1145806,6
1147547,6
1155778,6
1277511,6
1165166,6
1070032,6
1324879,6
1170493,6
1220458,6
1244636,6
1064154,6
1236154,6
1002248,6
1243176,6
1269784,6
1174110,6
1148075,6
1061756,6
1149931,6
1214005,6
1255846,6
1105173,6
1277961,6
1045487,6
1272699,6
1314850,6
1277481,6
1278965,6
1126197,6
1178681,6
1010511,6
1272287,6
1137787,6
1211308,6
1091997,6
1072403,6
1166438,6
1157585,6
1270918,6
1192184,6
1066449,6
1007034,6
1258773,6
1026705,6
1227010,6
1187674,6
1127579,6
1284428,6
1209974,6
1246443,6
1155011,6
1298471,6
1136033,6
1133557,6
1035020,6
1251267,6
1292630,6
1299079,6
1038877,6
1021636,6
1247465,6
1285337,6
1278691,6
1014165,6
1071349,6
1148875,6
1190788,6
1002695,6
1213384,6
1123162,6
1267673,6
1250646,6
1112144,6
1079578,6
1011259,6
1100756,6
1281863,6
1040426,6
1213310,6
1302622,6
1165838,6
1076302,6
1310755,6
1272554,6
1106931,6
1216212,6
1140960,6
1184335,6
1172466,6
1203032,6
1035427,6
1269674,6
1300861,6
1224726,6
1281274,6
1154996,6
1285019,6
1290912,6
1153649,6
1269527,6
1239759,6
1098403,6
1033416,6
1275475,6
1293472,6
1185689,6
1148629,6
1174315,6
1067507,6
1253873,6
1003473,6
1003382,6
1032747,6
1052223,6
1243677,6
1211307,6
1094291,6
1001152,6
1223101,6
1195355,6
1211462,6
1282811,6
1290314,6
1163812,6
1137386,6
1291941,6
1295042,6
1123864,6
1014850,6
1316170,6
1177319,6
1206552,6
1073919,6
1021996,6
1185053,6
1265058,6
1035857,6
1188411,6
1042237,6
1183697,6
1226798,6
1258748,6
1061148,6
1090806,6
1028967,6
1309951,6
1318477,6
1216865,6
1302628,6
1011071,6
1007924,6
1018300,6
1042072,6
1145826,6
1238030,6
1022497,6
1266701,6
1152414,6
1240824,6
1094321,6
1091618,6
1055499,6
1096348,6
1203288,6
1148614,6
1307042,6
1131954,6
1077267,6
1126090,6
1156261,6
1059098,6
1116003,6
1239029,6
1223303,6
1138481,6
1112307,6
1182673,6
1188178,6
1118836,6
1019026,6
1159910,6
1316289,6
1085138,6
1176204,6
1091912,6
1276293,6
1158340,6
1249142,6
1194958,6
1271432,6
1187167,6
1181572,6
1259777,6
1018152,6
1160338,6
1200684,6
1212415,6
1282112,6
1021876,6
1269125,6
1070688,6
1217751,6
1104415,6
1218574,6
1048566,6
1292984,6
1321951,6
1086714,6
1071668,6
1219369,6
1244938,6
1031028,6
1295165,6
1309257,6
1185653,6
1312706,6
1005097,6
1304869,6
1110500,6
1234869,6
1035564,6
1147128,6
1069014,6
1141761,6
1049439,6
1216372,6
1199140,6
1262828,6
1235273,6
1228153,6
1025428,6
1257837,6
1122800,6
1301086,6
1104647,6
1232632,6
1235685,6
1112137,6
1290359,6
1022512,6
1097780,6
1161166,6
1210085,6
1016063,6
1091522,6
1136945,6
1141386,6
1133313,6
1238624,6
1076956,6
1079629,6
1269616,6
1207409,6
1052846,6
1233850,6
1236012,6
1211775,6
1220997,6
1019939,6
1129717,6
1109505,6
1062239,6
1141891,6
1231548,6
1027530,6
1212300,6
1279413,6
1128450,6
1212467,6
1148257,6
1275196,6
1012176,6
1281725,6
1052655,6
1050791,6
1223152,6
1205727,6
1221963,6
1197225,6
1006179,6
1132940,6
1259705,6
1173564,6
1053377,6
1194212,6
1256677,6
1120136,6
1243775,6
1078900,6
1166186,6
1175205,6
1032077,6
1016746,6
1290065,6
1297228,6
1007508,6
1122214,6
1142512,6
1115376,6
1205098,6
1055668,6
1159323,6
1320329,6
1008987,6
1086657,6
1151525,6
1090398,6
1131335,6
1143610,6
1050450,6
1208807,6
1285651,6
1191362,6
1056802,6
1278821,6
1038461,6
1289119,6
1287367,6
1046735,6
1212609,6
1222512,6
1279515,6
1097453,6
1318620,6
1228724,6
1053894,6
1273839,6
1227832,6
1038365,6
1236578,6
1181583,6
1128037,6
1189934,6
1210040,6
1253433,6
1160587,6
1317330,6
1175225,6
1231852,6
1261182,6
1098592,6
1227863,6
1027296,6
1047055,6
1008462,6
1308123,6
1194254,6
1238636,6
1287492,6
1241457,6
1108293,6
1166009,6
1294710,6
1138630,6
1200400,6
1136574,6
1316045,6
1157219,6
1186883,6
1167847,6
1128609,6
1270327,6
1028220,6
1040803,6
1249777,6
1010046,6
1268442,6
1178694,6
1014870,6
1191146,6
1318013,6
1322048,6
1023806,6
1292039,6
1149725,6
1029608,6
1263542,6
1179954,6
1118528,6
1171028,6
1193431,6
1216196,6
1199129,6
1149712,6
1029092,6
1204259,6
1115822,6
1191743,6
1013233,6
1273897,6
1257884,6
1308444,6
1114789,6
1141721,6
1067791,6
1038095,6
1099738,6
1137600,6
1147992,6
1265014,6
1051212,6
1237621,6
1170280,6
1278592,6
1180976,6
1022600,6
1249942,6
1230601,6
1144383,6
1161409,6
1183736,6
1142592,6
1184779,6
1323245,6
1262247,6
1229108,6
1311039,6
1112516,6
1311180,6
1083676,6
1170503,6
1242402,6
1094338,6
1191779,6
1267761,6
1195441,6
1206240,6
1145742,6
1024157,6
1115751,6
1285210,6
1166497,6
1066677,6
1241430,6
1224649,6
1183409,6
1277484,6
1222784,6
1218038,6
1144615,6
1112339,6
1191798,6
1156041,6
1257970,6
1000496,6
1072675,6
1290690,6
1135594,6
1038468,6
1031268,6
1196197,6
1012298,6
1133791,6
1173723,6
1019055,6
1288421,6
1100276,6
1109914,6
1057727,6
1272220,6
1076965,6
1235884,6
1244012,6
1242291,6
1276003,6
1286660,6
1323622,6
1242922,6
1287236,6
1161044,6
1263795,6
1237594,6
1231890,6
1029947,6
1256518,6
1136585,6
1299847,6
1018786,6
1205573,6
1253031,6
1269970,6
1046907,6
1099204,6
1024733,6
1214051,6
1149153,6
1262860,6
1184061,6
1142436,6
1306626,6
1046382,6
1263696,6
1087167,6
1166457,6
1092288,6
1286320,6
1185257,6
1285650,6
1279980,6
1070668,6
1182716,6
1295587,6
1071101,6
1084044,6
1264705,6
1318977,6
1095076,6
1311345,6
1163555,6
1164563,6
1242288,6
1158744,6
1231607,6
1193654,6
1023554,6
1325230,6
1133242,6
1152440,6
1299177,6
1049649,6
1323483,6
1144856,6
1138231,6
1147770,6
1210115,6
1202754,6
1086070,6
1238926,6
1292117,6
1163009,6
1142854,6
1133397,6
1210756,6
1303485,6
1223378,6
1038409,6
1263567,6
1222113,6
1250375,6
1069842,6
1018108,6
1192754,6
1059259,6
1028653,6
1046727,6
1159166,6
1300990,6
1309414,6
1174279,6
1125509,6
1232675,6
1144841,6
1043759,6
1155794,6
1323547,6
1151519,6
1033111,6
1195800,6
1177877,6
1049334,6
1070103,6
1227098,6
1092270,6
1078719,6
1212426,6
1206960,6
1087621,6
1218691,6
1231750,6
1014363,6
1021369,6
1169853,6
1067433,6
1073756,6
1005548,6
1033902,6
1184421,6
1108338,6
1151742,6
1201890,6
1093403,6
1099141,6
1119858,6
1058595,6
1210148,6
1158087,6
1040820,6
1155965,6
1086525,6
1049321,6
1241755,6
1111189,6
1207077,6
1301190,6
1101175,6
1298343,6
1227799,6
1314049,6
1125440,6
1255006,6
1051880,6
1266265,6
1029739,6
1073568,6
1108397,6
1161993,6
1267311,6
1244839,6
1142867,6
1308886,6
1032795,6
1249171,6
1198711,6
1209452,6
1136202,6
1308193,6
1229016,6
1188971,6
1282802,6
1017160,6
1174615,6
1022645,6
1172988,6
1228092,6
1056606,6
1201292,6
1324668,6
1096341,6
1140385,6
1302349,6
1201351,6
1130690,6
1308602,6
1321787,6
1097361,6
1311437,6
1064326,6
1045328,6
1091692,6
1152853,6
1284084,6
1186253,6
1261325,6
1010167,6
1058537,6
1253247,6
1303215,6
1000933,6
1031915,6
1032695,6
1219907,6
1055208,6
1006923,6
1001970,6
1001346,6
1022962,6
1117112,6
1255205,6
1150168,6
1138457,6
1175318,6
1225904,6
1243960,6
1201818,6
1312689,6
1265386,6
1056179,6
1228388,6
1199413,6
1047495,6
1310552,6
1216992,6
1147495,6
1231368,6
1201576,6
1000290,6
1002701,6
1078172,6
1287967,6
1206738,6
1283440,6
1105104,6
1271223,6
1088531,6
1165221,6
1276631,6
1020587,6
1008864,6
1257456,6
1142137,6
1227666,6
1316390,6
1015900,6
1001439,6
1209836,6
1159364,6
1244861,6
1122616,6
1221771,6
1004754,6
1264018,6
1009999,6
1222477,6
1154081,6
1179585,6
1152139,6
1036124,6
1096674,6
1112865,6
1323671,6
1224636,6
1205491,6
1110842,6
1276864,6
1259626,6
1101691,6
1241460,6
1042603,6
1107477,6
1255930,6
1098415,6
1188204,6
1119876,6
1274442,6
1013104,6
1041615,6
1166189,6
1096576,6
1168310,6
1243426,6
1285631,6
1160698,6
1233917,6
1200425,6
1019181,6
1037995,6
1160025,6
1092448,6
1003140,6
1057751,6
1293350,6
1091091,6
1195283,6
1039666,6
1202066,6
1285807,6
1270086,6
1263147,6
1062327,6
1138576,6
1085739,6
1071291,6
1110491,6
1261606,6
1056705,6
1321896,6
1156230,6
1133631,6
1030253,6
1127820,6
1290031,6
1226060,6
1082855,6
1097265,6
1193295,6
1193492,6
1105285,6
1008323,6
1320913,6
1287659,6
1246700,6
1324372,6
1005312,6
1318742,6
1045728,6
1274619,6
1124057,6
1153742,6
1273656,6
1320679,6
1146583,6
1016439,6
1151316,6
1005213,6
1207567,6
1308299,6
1317068,6
1275021,6
1227265,6
1125218,6
1009413,6
1214772,6
1055294,6
1091602,6
1127147,6
1060058,6
1250573,6
1206819,6
1067154,6
1013483,6
1107388,6
1026471,6
1081361,6
1142222,6
1049140,6
1122586,6
1105875,6
1262780,6
1008499,6
1220840,6
1205359,6
1181773,6
1184896,6
1271919,6
1133884,6
1206450,6
1310894,6
1266867,6
1018742,6
1143785,6
1166205,6
1172649,6
1317093,6
1218577,6
1236854,6
1109282,6
1071166,6
1231236,6
1234623,6
1311944,6
1225750,6
1148756,6
1301658,6
1255121,6
1055361,6
1278785,6
1172746,6
1267542,6
1027133,6
1266108,6
1078688,6
1034910,6
1246893,6
1178258,6
1063253,6
1314237,6
1256058,6
1265368,6
1074801,6
1310575,6
1078487,6
1244585,6
1234688,6
1039121,6
1136678,6
1101757,6
1207482,6
1271326,6
1307542,6
1048957,6
1055779,6
1187401,6
1108851,6
1052350,6
1076639,6
1029346,6
1271129,6
1303067,6
1051879,6
1162354,6
1142796,6
1190881,6
1320999,6
1302883,6
1090495,6
1197505,6
1166290,6
1120139,6
1301727,6
1167834,6
1037488,6
1096966,6
1141377,6
1000623,6
1112528,6
1072507,6
1062579,6
1300943,6
1138568,6
1213770,6
1073703,6
1259585,6
1200581,6
1004363,6
1169581,6
1315586,6
1308054,6
1320922,6
1153206,6
1051784,6
1249216,6
1314484,6
1128910,6
1152570,6
1302122,6
1162661,6
1021571,6
1175762,6
1095303,6
1157526,6
1179649,6
1196748,6
1320029,6
1303335,6
1072384,6
1229495,6
1067277,6
1301430,6
1023933,6
1008274,6
1063354,6
1286515,6
1289197,6
1237074,6
1095617,6
1160954,6
1017577,6
1281247,6
1020745,6
1310714,6
1270740,6
1311884,6
1319101,6
1050698,6
1035088,6
1027429,6
1089288,6
1230144,6
1027917,6
1272798,6
1106675,6
1035757,6
1178476,6
1294458,6
1292164,6
1089054,6
1042133,6
1317327,6
1163810,6
1238332,6
1123426,6
1274421,6
1079022,6
1239042,6
1274466,6
1101343,6
1236129,6
1115076,6
1099866,6
1114843,6
1142396,6
1317462,6
1124054,6
1281359,6
1044898,6
1163153,6
1081275,6
1139398,6
1278391,6
1324620,6
1156964,6
1030802,6
1297931,6
1109855,6
1058246,6
1273747,6
1072455,6
1279563,6
1028719,6
1314738,6
1310607,6
1016901,6
1039289,6
1023624,6
1151815,6
1131739,6
1078492,6
1205080,6
1189021,6
1288997,6
1296307,6
1103280,6
1302293,6
1060321,6
1163608,6
1249333,6
1293318,6
1103396,6
1020832,6
1283215,6
1122026,6
1272890,6
1236875,6
1296399,6
1127425,6
1145105,6
1100970,6
1252702,6
1043268,6
1024180,6
1227058,6
1083748,6
1043926,6
1009512,6
1034069,6
1032185,6
1195710,6
1154615,6
1211656,6
1042837,6
1180418,6
1185743,6
1128571,6
1209288,6
1297484,6
1288144,6
1047982,6
1323886,6
1252507,6
1304070,6
1048755,6
1241563,6
1181317,6
1025768,6
1268722,6
1152523,6
1125833,6
1141674,6
1109462,6
1040930,6
1279406,6
1277614,6
1117725,6
1323362,6
1200931,6
1187488,6
1230942,6
1243217,6
1159110,6
1085932,6
1167741,6
1257665,6
1029599,6
1218453,6
1298230,6
1251238,6
1194139,6
1281499,6
1061204,6
1182431,6
1208688,6
1010848,6
1045291,6
1126856,6
1285755,6
1272262,6
1192757,6
1119407,6
1208527,6
1046315,6
1250851,6
1195808,6
1271875,6
1063207,6
1152726,6
1090329,6
1115552,6
1012885,6
1186193,6
1321749,6
1067060,6
1262894,6
1212620,6
1040061,6
1078927,6
1140544,6
1248722,6
1149026,6
1265782,6
1261237,6
1229182,6
1272681,6
1199649,6
1179646,6
1015195,6
1049013,6
1160381,6
1268139,6
1116980,6
1297224,6
1207891,6
1066872,6
1237592,6
1184687,6
1271905,6
1007322,6
1007940,6
1110472,6
1271271,6
1036331,6
1166811,6
1235305,6
1034219,6
1149295,6
1169154,6
1108561,6
1288835,6
1212040,6
1292169,6
1003959,6
1202515,6
1295034,6
1147220,6
1038443,6
1275625,6
1136310,6
1026064,6
1026522,6
1072686,6
1194877,6
1303025,6
1097649,6
1305032,6
1033128,6
1245929,6
1050934,6
1233419,6
1276331,6
1037754,6
1275251,6
1248239,6
1003634,6
1319537,6
1234939,6
1217953,6
1090881,6
1052661,6
1192774,6
1318034,6
1317376,6
1260090,6
1223263,6
1139361,6
1196373,6
1197440,6
1245922,6
1104475,6
1324464,6
1324613,6
1193611,6
1277294,6
1011863,6
1087723,6
1321038,6
1055757,6
1060438,6
1280555,6
1308726,6
1299736,6
1128511,6
1116676,6
1311870,6
1259924,6
1064008,6
1039009,6
1163983,6
1118212,6
1115718,6
1303012,6
1145262,6
1004799,6
1210977,6
1306571,6
1156214,6
1061030,6
1289180,6
1039835,6
1244415,6
1251872,6
1049319,6
1044875,6
1099779,6
1195222,6
1162743,6
1010000,6
1273519,6
1098151,6
1258659,6
1324276,6
1006241,6
1007706,6
1289639,6
1010075,6
1260142,6
1235174,6
1167425,6
1256038,6
1119314,6
1085277,6
1084971,6
1288668,6
1092248,6
1113175,6
1080187,6
1106428,6
1242558,6
1029153,6
1153670,6
1129654,6
1256249,6
1115243,6
1119882,6
1214600,6
1159928,6
1106080,6
1259480,6
1178855,6
1052273,6
1105593,6
1285982,6
1152679,6
1248946,6
1153876,6
1104394,6
1162375,6
1012894,6
1272093,6
1281337,6
1205714,6
1036556,6
1015041,6
1120784,6
1228244,6
1182748,6
1070937,6
1013344,6
1021879,6
1018899,6
1126364,6
1290235,6
1177937,6
1041695,6
1158198,6
1137044,6
1138660,6
1251584,6
1015182,6
1214959,6
1301364,6
1054225,6
1227938,6
1202379,6
1042810,6
1277378,6
1040715,6
1098059,6
1290486,6
1266838,6
1298867,6
1051517,6
1051174,6
1198531,6
1040684,6
1172668,6
1218633,6
1226569,6
1262899,6
1282754,6
1152880,6
1062506,6
1165684,6
1165303,6
1301408,6
1259086,6
1079258,6
1181107,6
1042595,6
1090552,6
1038093,6
1324606,6
1201288,6
1146385,6
1319798,6
1217388,6
1013358,6
1196013,6
1225655,6
1256323,6
1074774,6
1324896,6
1265965,6
1145415,6
1040070,6
1183287,6
1031590,6
1192179,6
1238403,6
1245450,6
1040782,6
1161072,6
1246122,6
1226190,6
1048828,6
1008587,6
1165737,6
1272588,6
1016585,6
1080331,6
1222409,6
1127897,6
1153690,6
1222518,6
1302741,6
1186183,6
1244814,6
1217070,6
1320449,6
1295611,6
1022759,6
1096945,6
1266386,6
1178521,6
1242618,6
1314101,6
1111849,6
1203343,6
1120161,6
1129909,6
1099442,6
1175631,6
1022551,6
1258152,6
1088065,6
1210774,6
1235811,6
1030283,6
1260356,6
1279795,6
1091575,6
1009632,6
1040808,6
1203403,6
1299965,6
1177997,6
1281968,6
1325370,6
1025285,6
1180793,6
1038482,6
1290948,6
1038433,6
1257202,6
1103653,6
1278159,6
1296163,6
1017501,6
1194611,6
1043718,6
1169190,6
1181362,6
1124099,6
1031010,6
1073470,6
1199508,6
1251202,6
1014014,6
1322852,6
1321933,6
1086803,6
1110262,6
1255710,6
1047563,6
1072011,6
1173533,6
1214568,6
1229672,6
1148810,6
1246338,6
1053316,6
1221003,6
1295818,6
1211005,6
1070240,6
1095912,6
1176808,6
1104408,6
1177242,6
1045627,6
1047033,6
1195633,6
1315611,6
1220360,6
1222550,6
1093859,6
1316333,6
1000794,6
1008916,6
1087873,6
1150366,6
1190830,6
1197117,6
1049618,6
1000961,6
1176123,6
1182457,6
1070860,6
1137102,6
1238365,6
1297620,6
1112435,6
1221969,6
1289677,6
1065395,6
1173643,6
1322166,6
1052460,6
1000390,6
1227994,6
1202950,6
1084710,6
1267902,6
1040704,6
1119719,6
1099302,6
1121291,6
1298073,6
1047040,6
1041691,6
1153450,6
1292132,6
1210035,6
1046648,6
1290644,6
1249027,6
1160461,6
1262851,6
1077942,6
1157819,6
1211003,6
1208408,6
1249523,6
1241354,6
1045349,6
1009687,6
1306390,6
1124829,6
1188450,6
1191162,6
1254344,6
1297859,6
1236147,6
1301648,6
1082962,6
1260825,6
1325165,6
1031504,6
1113378,6
1151800,6
1324091,6
1256974,6
1232207,6
1041958,6
1130370,6
1005848,6
1171074,6
1246954,6
1162034,6
1234992,6
1084475,6
1069046,6
1216794,6
1254278,6
1267321,6
1317205,6
1052938,6
1125144,6
1290014,6
1248330,6
1127009,6
1240002,6
1299168,6
1277055,6
1273442,6
1302244,6
1203275,6
1195174,6
1222946,6
1271824,6
1006160,6
1221437,6
1180904,6
1024416,6
1193373,6
1006606,6
1172908,6
1193336,6
1321789,6
1154026,6
1188687,6
1308258,6
1048568,6
1314881,6
1319030,6
1164122,6
1075033,6
1052201,6
1187367,6
1324637,6
1143078,6
1162476,6
1120834,6
1205731,6
1124473,6
1244742,6
1052854,6
1045208,6
1140473,6
1256505,6
1239822,6
1171934,6
1238766,6
1061061,6
1223410,6
1223564,6
1009839,6
1022611,6
1113710,6
1325639,6
1155194,6
1205918,6
1076310,6
1136804,6
1052798,6
1118251,6
1110964,6
1278040,6
1314440,6
1173024,6
1087891,6
1181862,6
1181496,6
1325117,6
1266231,6
1319066,6
1216155,6
1070822,6
1226178,6
1010950,6
1213141,6
1074481,6
1120589,6
1205641,6
1008745,6
1209578,6
1229171,6
1192052,6
1087342,6
1325232,6
1104785,6
1032791,6
1216946,6
1112818,6
1101613,6
1126493,6
1005279,6
1169612,6
1297929,6
1252035,6
1226019,6
1256626,6
1297647,6
1280124,6
1198192,6
1155366,6
1173674,6
1030997,6
1068039,6
1009560,6
1013372,6
1259618,6
1003062,6
1166046,6
1156613,6
1112968,6
1280246,6
1249372,6
1159857,6
1171626,6
1306091,6
1197124,6
1062984,6
1057209,6
1184750,6
1153043,6
1037572,6
1093867,6
1204731,6
1285933,6
1278318,6
1293896,6
1086255,6
1195348,6
1157674,6
1218837,6
1052840,6
1165203,6
1247445,6
1248174,6
1020705,6
1117630,6
1136830,6
1224402,6
1145793,6
1281542,6
1274230,6
1254740,6
1222377,6
1244245,6
1282309,6
1267840,6
1022252,6
1222928,6
1179803,6
1140284,6
1167645,6
1260340,6
1222230,6
1150651,6
1188154,6
1094300,6
1308915,6
1103625,6
1287278,6
1108423,6
1269551,6
1172217,6
1281607,6
1121890,6
1225746,6
1155543,6
1021273,6
1105068,6
1100850,6
1014834,6
1080825,6
1060204,6
1115116,6
1221998,6
1311574,6
1211763,6
1180584,6
1119803,6
1251216,6
1217139,6
1023847,6
1212624,6
1106083,6
1272848,6
1149621,6
1325185,6
1118960,6
1242817,6
1107451,6
1277223,6
1010920,6
1143987,6
1076714,6
1154510,6
1204094,6
1169580,6
1302053,6
1269713,6
1171051,6
1058165,6
1136386,6
1311149,6
1006984,6
1226230,6
1217674,6
1039490,6
1015653,6
1227442,6
1221094,6
1301195,6
1306067,6
1206091,6
1247638,6
1103508,6
1088016,6
1155565,6
1096810,6
1243442,6
1008073,6
1173206,6
1231765,6
1271245,6
1292618,6
1102042,6
1243279,6
1294182,6
1150631,6
1059978,6
1123947,6
1090939,6
1120493,6
1315233,6
1189690,6
1260683,6
1158292,6
1028319,6
1262249,6
1269532,6
1296319,6
1111582,6
1319471,6
1297362,6
1014020,6
1161522,6
1098841,6
1025470,6
1145679,6
1103361,6
1026863,6
1017942,6
1068016,6
1172892,6
1159879,6
1127465,6
1192841,6
1111425,6
1185910,6
1093178,6
1142399,6
1265917,6
1148093,6
1289950,6
1088419,6
1237564,6
1322664,6
1019607,6
1129907,6
1204896,6
1078964,6
1305880,6
1054943,6
1159142,6
1021775,6
1199265,6
1280268,6
1103411,6
1315429,6
1111806,6
1274782,6
1274388,6
1310569,6
1219466,6
1305407,6
1218418,6
1032995,6
1217353,6
1249414,6
1131251,6
1120969,6
1278369,6
1315084,6
1179616,6
1100257,6
1259063,6
1290571,6
1210539,6
1056270,6
1116497,6
1167412,6
1005877,6
1195334,6
1179145,6
1134989,6
1191205,6
1097092,6
1288220,6
1016005,6
1085029,6
1291584,6
1313635,6
1004193,6
1044189,6
1029713,6
1212627,6
1210404,6
1308004,6
1292844,6
1308403,6
1218727,6
1290615,6
1265692,6
1133659,6
1061512,6
1323847,6
1040327,6
1073198,6
1251441,6
1252689,6
1260448,6
1170231,6
1101301,6
1082466,6
1065503,6
1300673,6
1313338,6
1219739,6
1140297,6
1115475,6
1217625,6
1178190,6
1202571,6
1285899,6
1150391,6
1111631,6
1000466,6
1191261,6
1213751,6
1247729,6
1101548,6
1103668,6
1122474,6
1164507,6
1016234,6
1031353,6
1201596,6
1276964,6
1051365,6
1045304,6
1249086,6
1189223,6
1066453,6
1239193,6
1111862,6
1129787,6
1224980,6
1204651,6
1161902,6
1178203,6
1188846,6
1208566,6
1228935,6
1046760,6
1113032,6
1185580,6
1030337,6
1141931,6
1198688,6
1134076,6
1060818,6
1106927,6
1285830,6
1180830,6
1081954,6
1159965,6
1206615,6
1209649,6
1238540,6
1035013,6
1155754,6
1236300,6
1225365,6
1066362,6
1191748,6
1056539,6
1286141,6
1293536,6
1056497,6
1255290,6
1283665,6
1145091,6
1166310,6
1314028,6
1102054,6
1193609,6
1268859,6
1122432,6
1099934,6
1196338,6
1305293,6
1253554,6
1076512,6
1320670,6
1232295,6
1067804,6
1156118,6
1290045,6
1103600,6
1088022,6
1193099,6
1014209,6
1085262,6
1115784,6
1306859,6
1062235,6
1248220,6
1230843,6
1138567,6
1289909,6
1207893,6
1139754,6
1041663,6
1028935,6
1129435,6
1061874,6
1072489,6
1064081,6
1049177,6
1059986,6
1164342,6
1146794,6
1075814,6
1314980,6
1215205,6
1018439,6
1304124,6
1222997,6
1122621,6
1118993,6
1130716,6
1279874,6
1280712,6
1173017,6
1197840,6
1043220,6
1016877,6
1287697,6
1160546,6
1255695,6
1163610,6
1270206,6
1207543,6
1077590,6
1041322,6
1196830,6
1149157,6
1304216,6
1109190,6
1295367,6
1140171,6
1113267,6
1248125,6
1193576,6
1124078,6
1150664,6
1298537,6
1259672,6
1288087,6
1018673,6
1109834,6
1103288,6
1192213,6
1099185,6
1112065,6
1131594,6
1324731,6
1202855,6
1273358,6
1066811,6
1065324,6
1054261,6
1173618,6
1232859,6
1300023,6
1111580,6
1199461,6
1079851,6
1227313,6
1321376,6
1028358,6
1154602,6
1245293,6
1316330,6
1125396,6
1248020,6
1016065,6
1025140,6
1189620,6
1163439,6
1180919,6
1016216,6
1171038,6
1073599,6
1024003,6
1209646,6
1013608,6
1256171,6
1265619,6
1227184,6
1229576,6
1308957,6
1303055,6
1085604,6
1072405,6
1074859,6
1001030,6
1039945,6
1091403,6
1303059,6
1019668,6
1190260,6
1017063,6
1153990,6
1316469,6
1317458,6
1250949,6
1121525,6
1123887,6
1115999,6
1057320,6
1068903,6
1277654,6
1034071,6
1189300,6
1266394,6
1060974,6
1284017,6
1319993,6
1074719,6
1086467,6
1007715,6
1211701,6
1221858,6
1048322,6
1143812,6
1189797,6
1236448,6
1002181,6
1136433,6
1284107,6
1266796,6
1052536,6
1278882,6
1134643,6
1017695,6
1108725,6
1021618,6
1223717,6
1024141,6
1186882,6
1060532,6
1301653,6
1120951,6
1135045,6
1277783,6
1017453,6
1106354,6
1131803,6
1204038,6
1029001,6
1152719,6
1156080,6
1252975,6
1015307,6
1076318,6
1044366,6
1022080,6
1079435,6
1223920,6
1305432,6
1324949,6
1310699,6
1291282,6
1007736,6
1187875,6
1098999,6
1211415,6
1122495,6
1282618,6
1307426,6
1301141,6
1286417,6
1071812,6
1026070,6
1184329,6
1259128,6
1121844,6
1293482,6
1247352,6
1144568,6
1136505,6
1059593,6
1004449,6
1279019,6
1124830,6
1023231,6
1054614,6
1278239,6
1104247,6
1276862,6
1046242,6
1060271,6
1281434,6
1288746,6
1303901,6
1264277,6
1263427,6
1047530,6
1226730,6
1212025,6
1149321,6
1252693,6
1225934,6
1027986,6
1220377,6
1156441,6
1250325,6
1260708,6
1025082,6
1066664,6
1106641,6
1154588,6
1311341,6
1312217,6
1067995,6
1251421,6
1170235,6
1167514,6
1043063,6
1179982,6
1192259,6
1259733,6
1173681,6
1321326,6
1260359,6
1038920,6
1054666,6
1009283,6
1093453,6
1217652,6
1214614,6
1060510,6
1218439,6
1036699,6
1241698,6
1123120,6
1093720,6
1268522,6
1323758,6
1104774,6
1064020,6
1193986,6
1080967,6
1014081,6
1214881,6
1032816,6
1120917,6
1208213,6
1226793,6
1236131,6
1233464,6
1164277,6
1016280,6
1066597,6
1317295,6
1170952,6
1216698,6
1014642,6
1121580,6
1161590,6
1018578,6
1288766,6
1182390,6
1137478,6
1202960,6
1020339,6
1241223,6
1153361,6
1124568,6
1268784,6
1291157,6
1008795,6
1292432,6
1215483,6
1047139,6
1248418,6
1277880,6
1279080,6
1150922,6
1144137,6
1064863,6
1239288,6
1151648,6
1117322,6
1274539,6
1025600,6
1219534,6
1230927,6
1275453,6
1081209,6
1087169,6
1268941,6
1107502,6
1220516,6
1010425,6
1130835,6
1238181,6
1255473,6
1276128,6
1215899,6
1043832,6
1118666,6
1087331,6
1201608,6
1186956,6
1184147,6
1209801,6
1281282,6
1144428,6
1278549,6
1176828,6
1299967,6
1128659,6
1279619,6
1167401,6
1151371,6
1317433,6
1259442,6
1082291,6
1314842,6
1039221,6
1061001,6
1297848,6
1286474,6
1277158,6
1156417,6
1279626,6
1280404,6
1005698,6
1316365,6
1095290,6
1039808,6
1214464,6
1197709,6
1016806,6
1063860,6
1057252,6
1127657,6
1142762,6
1308995,6
1047664,6
1204514,6
1198637,6
1048759,6
1310274,6
1082017,6
1323001,6
1145780,6
1143201,6
1301292,6
1056031,6
1287326,6
1024861,6
1172845,6
1164722,6
1243179,6
1057880,6
1313666,6
1128339,6
1070419,6
1289143,6
1290499,6
1283916,6
1005668,6
1047434,6
1201352,6
1015697,6
1132865,6
1032536,6
1139503,6
1273224,6
1171788,6
1271053,6
1003444,6
1243115,6
1294408,6
1170210,6
1291027,6
1028633,6
1031908,6
1279702,6
1262214,6
1141408,6
1092931,6
1072122,6
1150201,6
1022539,6
1091593,6
1278701,6
1161988,6
1210634,6
1156269,6
1298048,6
1223751,6
1162200,6
1318993,6
1168404,6
1252379,6
1267915,6
1026185,6
1048862,6
1265981,6
1037934,6
1254157,6
1064511,6
1250870,6
1069339,6
1279088,6
1202603,6
1201676,6
1002197,6
1009621,6
1231018,6
1083259,6
1133643,6
1123106,6
1157189,6
1291754,6
1300170,6
1098610,6
1062461,6
1249335,6
1156245,6
1200345,6
1112127,6
1083250,6
1217437,6
1287165,6
1123859,6
1138074,6
1076696,6
1267173,6
1275972,6
1310076,6
1240627,6
1070818,6
1287189,6
1312480,6
1233731,6
1057731,6
1205812,6
1018177,6
1168755,6
1079151,6
1063779,6
1107222,6
1294339,6
1114354,6
1175945,6
1273036,6
1298523,6
1088158,6
1105883,6
1001036,6
1249763,6
1197923,6
1228122,6
1110486,6
1130751,6
1252754,6
1310089,6
1093968,6
1225437,6
1117642,6
1206462,6
1102148,6
1140059,6
1303319,6
1200594,6
1077723,6
1082911,6
1011420,6
1015354,6
1255968,6
1176384,6
1151568,6
1243326,6
1312894,6
1140635,6
1180534,6
1094474,6
1070436,6
1126791,6
1146474,6
1168753,6
1274244,6
1244259,6
1070442,6
1185095,6
1307170,6
1178789,6
1262128,6
1008853,6
1075195,6
1290803,6
1231371,6
1085003,6
1058850,6
1063247,6
1102372,6
1047799,6
1137132,6
1156053,6
1285926,6
1217608,6
1250890,6
1267961,6
1026569,6
1131918,6
1104622,6
1071852,6
1095155,6
1109367,6
1255327,6
1282041,6
1213077,6
1190290,6
1161378,6
1147433,6
1093432,6
1319253,6
1055014,6
1113376,6
1321629,6
1096137,6
1072592,6
1077821,6
1318920,6
1081495,6
1236431,6
1009365,6
1233697,6
1048137,6
1149926,6
1132238,6
1193155,6
1063986,6
1208366,6
1024635,6
1314080,6
1133887,6
1193206,6
1012126,6
1178918,6
1174143,6
1293612,6
1002972,6
1292095,6
1140918,6
1173442,6
1270672,6
1152590,6
1286259,6
1013115,6
1017466,6
1044123,6
1319394,6
1071778,6
1188605,6
1203978,6
1313113,6
1239170,6
1010864,6
1007321,6
1082711,6
1014728,6
1057111,6
1311390,6
1140932,6
1058993,6
1283567,6
1256538,6
1259127,6
1231216,6
1084800,6
1207577,6
1050392,6
1324978,6
1172520,6
1044254,6
1128613,6
1078511,6
1059366,6
1037945,6
1163380,6
1280656,6
1072148,6
1224045,6
1048622,6
1232291,6
1040709,6
1041489,6
1118801,6
1203890,6
1147553,6
1000474,6
1272408,6
1031304,6
1057017,6
1052554,6
1100294,6
1282892,6
1228108,6
1177823,6
1105570,6
1088159,6
1273027,6
1120880,6
1288385,6
1243196,6
1284362,6
1143807,6
1316988,6
1210868,6
1188704,6
1043875,6
1028451,6
1142096,6
1166137,6
1073122,6
1243345,6
1272831,6
1226427,6
1019235,6
1064400,6
1076461,6
1144391,6
1057596,6
1155482,6
1189612,6
1219457,6
1289489,6
1200660,6
1272520,6
1097588,6
1061879,6
1283644,6
1315844,6
1044704,6
1315940,6
1105744,6
1033135,6
1029323,6
1175257,6
1163416,6
1019113,6
1281388,6
1075972,6
1019877,6
1004218,6
1230631,6
1008592,6
1058387,6
1309795,6
1043434,6
1231193,6
1250398,6
1307102,6
1254261,6
1317085,6
1186551,6
1060633,6
1102843,6
1275301,6
1178014,6
1239834,6
1322145,6
1223337,6
1238447,6
1011140,6
1150924,6
1239882,6
1214445,6
1313661,6
1040129,6
1071384,6
1013954,6
1146959,6
1218974,6
1178545,6
1303054,6
1007453,6
1020327,6
1097805,6
1182715,6
1206467,6
1019575,6
1064575,6
1245124,6
1010654,6
1021979,6
1252922,6
1155849,6
1307585,6
1290689,6
1103613,6
1324664,6
1231079,6
1115607,6
1028702,6
1304451,6
1102651,6
1121764,6
1012481,6
1006029,6
1225939,6
1065438,6
1279468,6
1294313,6
1015558,6
1112312,6
1284939,6
1084761,6
1158940,6
1105332,6
1133327,6
1120150,6
1148748,6
1244632,6
1190186,6
1074369,6
1236567,6
1193978,6
1033801,6
1049664,6
1006775,6
1308022,6
1251652,6
1204606,6
1289582,6
1147342,6
1062178,6
1320980,6
1259490,6
1106453,6
1142536,6
1016362,6
1322958,6
1297674,6
1043698,6
1022929,6
1147800,6
1230902,6
1286644,6
1059188,6
1319009,6
1322773,6
1091773,6
1309022,6
1305725,6
1170758,6
1221566,6
1253835,6
1061478,6
1308056,6
1243351,6
1272625,6
1263964,6
1131943,6
1013206,6
1271775,6
1088346,6
1226795,6
1191708,6
1287545,6
1164107,6
1302569,6
1292862,6
1211579,6
1194347,6
1210708,6
1073630,6
1006339,6
1243649,6
1236226,6
1265342,6
1083815,6
1219873,6
1238669,6
1015006,6
1106770,6
1139608,6
1209604,6
1008106,6
1239215,6
1245043,6
1040337,6
1081074,6
1033690,6
1110535,6
1234818,6
1268258,6
1033764,6
1227043,6
1324549,6
1152693,6
1210649,6
1079308,6
1264843,6
1193751,6
1284139,6
1046465,6
1318880,6
1000592,6
1181859,6
1273485,6
1316497,6
1178995,6
1125355,6
1296468,6
1089015,6
1224639,6
1046796,6
1162499,6
1060357,6
1082537,6
1306962,6
1021723,6
1267691,6
1209210,6
1101465,6
1237766,6
1299472,6
1319312,6
1167409,6
1013917,6
1119450,6
1055940,6
1105562,6
1184919,6
1249829,6
1033007,6
1216952,6
1310728,6
1275025,6
1056471,6
1014997,6
1295652,6
1180487,6
1157223,6
1118894,6
1239260,6
1049354,6
1086880,6
1289775,6
1070359,6
1034302,6
1215574,6
1244327,6
1077671,6
1209193,6
1283459,6
1036326,6
1004813,6
1254822,6
1263481,6
1317164,6
1170701,6
1317124,6
1115485,6
1311003,6
1046535,6
1039363,6
1273789,6
1208207,6
1023879,6
1102745,6
1009226,6
1154282,6
1155179,6
1009851,6
1029440,6
1191938,6
1321765,6
1034934,6
1283030,6
1270398,6
1319723,6
1053270,6
1270134,6
1086219,6
1212598,6
1289926,6
1258266,6
1285040,6
1262714,6
1160723,6
1149555,6
1206572,6
1299740,6
1254516,6
1045795,6
1090588,6
1242129,6
1149642,6
1178950,6
1033717,6
1300153,6
1124095,6
1300805,6
1176131,6
1066306,6
1085153,6
1273391,6
1297357,6
1289079,6
1124287,6
1204197,6
1020860,6
1171330,6
1283280,6
1120743,6
1020876,6
1124431,6
1111738,6
1037818,6
1250110,6
1248261,6
1039602,6
1276232,6
1006394,6
1026536,6
1178273,6
1132679,6
1229996,6
1267377,6
1200004,6
1115441,6
1060167,6
1005319,6
1096128,6
1137532,6
1009567,6
1013281,6
1084794,6
1318528,6
1235544,6
1149541,6
1062331,6
1123605,6
1174029,6
1129685,6
1240574,6
1103382,6
1054305,6
1296845,6
1069502,6
1124783,6
1121591,6
1308538,6
1224135,6
1183667,6
1131235,6
1253277,6
1180350,6
1032523,6
1315979,6
1132229,6
1037946,6
1091649,6
1059876,6
1291036,6
1107907,6
1025039,6
1152873,6
1105207,6
1307263,6
1224329,6
1313058,6
1069382,6
1136459,6
1117629,6
1239986,6
1149998,6
1133058,6
1029886,6
1193309,6
1031083,6
1219226,6
1255886,6
1313841,6
1165310,6
1296454,6
1139797,6
1311319,6
1033217,6
1154886,6
1061977,6
1051401,6
1234661,6
1308103,6
1196532,6
1054841,6
1300771,6
1106528,6
1135809,6
1239957,6
1111977,6
1047108,6
1047583,6
1125483,6
1125675,6
1205488,6
1111319,6
1092639,6
1172481,6
1010313,6
1319492,6
1150462,6
1174866,6
1282988,6
1310819,6
1286388,6
1068544,6
1278632,6
1131395,6
1094569,6
1249830,6
1094142,6
1005930,6
1068945,6
1161992,6
1322875,6
1297561,6
1055988,6
1299994,6
1170398,6
1080347,6
1183465,6
1310477,6
1020035,6
1068554,6
1064194,6
1211493,6
1128746,6
1101719,6
1296589,6
1268388,6
1181524,6
1036031,6
1150972,6
1072646,6
1225270,6
1209451,6
1221331,6
1294074,6
1128815,6
1048678,6
1150190,6
1223847,6
1287171,6
1240264,6
1001644,6
1081352,6
1037408,6
1108928,6
1066521,6
1214053,6
1167569,6
1325373,6
1293110,6
1136614,6
1289814,6
1008997,6
1014039,6
1215719,6
1049276,6
1026194,6
1217257,6
1279108,6
1232175,6
1277763,6
1117557,6
1215334,6
1046528,6
1291515,6
1209076,6
1052468,6
1023810,6
1259415,6
1316198,6
1306207,6
1273603,6
1021437,6
1284930,6
1006062,6
1214569,6
1181100,6
1152477,6
1170079,6
1062952,6
1113140,6
1238224,6
1067279,6
1044337,6
1078368,6
1194728,6
1287518,6
1152478,6
1176067,6
1074798,6
1208781,6
1204245,6
1239263,6
1204560,6
1211112,6
1107538,6
1185601,6
1203746,6
1235454,6
1165627,6
1094710,6
1257900,6
1074305,6
1181560,6
1272330,6
1025072,6
1198139,6
1019658,6
1128389,6
1213018,6
1139609,6
1283390,6
1016047,6
1066708,6
1007291,6
1032831,6
1227741,6
1169554,6
1235112,6
1017381,6
1002615,6
1203635,6
1206133,6
1252173,6
1021374,6
1193194,6
1168695,6
1268424,6
1119479,6
1164424,6
1301288,6
1162236,6
1269543,6
1053672,6
1015095,6
1001918,6
1134072,6
1131118,6
1010900,6
1192380,6
1031315,6
1232018,6
1222096,6
1297310,6
1047634,6
1098347,6
1052139,6
1082883,6
1064986,6
1217658,6
1143976,6
1320589,6
1009713,6
1012095,6
1149258,6
1148329,6
1126371,6
1146941,6
1139559,6
1159358,6
1251010,6
1206282,6
1287668,6
1064040,6
1016512,6
1204472,6
1010107,6
1057298,6
1221698,6
1156547,6
1323405,6
1304706,6
1235971,6
1246809,6
1240144,6
1007075,6
1086275,6
1319813,6
1269018,6
1110672,6
1116050,6
1001763,6
1076409,6
1085149,6
1080280,6
1209583,6
1314084,6
1079398,6
1316389,6
1310761,6
1097058,6
1024996,6
1130945,6
1185893,6
1085533,6
1091204,6
1005380,6
1155080,6
1209924,6
1098190,6
1082077,6
1210657,6
1016207,6
1305868,6
1215762,6
1146259,6
1256729,6
1076109,6
1318435,6
1260317,6
1264866,6
1216488,6
1084644,6
1154966,6
1099842,6
1053596,6
1312655,6
1096938,6
1115947,6
1110708,6
1210194,6
1119543,6
1306733,6
1251896,6
1213149,6
1071383,6
1029905,6
1266583,6
1130523,6
1265776,6
1106605,6
1115543,6
1209409,6
1307919,6
1002079,6
1291937,6
1190094,6
1325712,6
1153939,6
1270334,6
1132357,6
1020217,6
1195451,6
1119720,6
1166849,6
1278780,6
1196126,6
1312987,6
1311465,6
1013106,6
1201303,6
1182168,6
1188982,6
1309692,6
1203221,6
1165988,6
1262708,6
1024672,6
1022865,6
1223487,6
1010342,6
1184792,6
1046837,6
1322965,6
1030416,6
1187072,6
1141844,6
1202871,6
1043258,6
1180805,6
1045041,6
1181580,6
1072029,6
1099701,6
1282211,6
1192063,6
1053412,6
1149797,6
1080159,6
1197953,6
1208405,6
1017988,6
1061483,6
1080142,6
1009749,6
1175951,6
1206919,6
1182943,6
1289619,6
1090426,6
1046392,6
1021014,6
1067705,6
1300359,6
1093909,6
1060684,6
1315637,6
1064268,6
1269120,6
1113160,6
1024794,6
1062267,6
1049960,6
1003493,6
1161280,6
1271413,6
1204717,6
1291021,6
1055891,6
1095563,6
1276953,6
1064166,6
1322390,6
1068580,6
1258930,6
1082941,6
1168425,6
1151284,6
1276798,6
1151572,6
1253879,6
1120872,6
1310241,6
1268319,6
1306588,6
1144397,6
1083143,6
1203937,6
1239804,6
1198305,6
1250889,6
1085882,6
1100327,6
1104109,6
1186159,6
1093091,6
1280779,6
1284103,6
1273545,6
1281107,6
1072826,6
1292030,6
1219027,6
1007037,6
1122288,6
1060977,6
1216210,6
1242885,6
1271931,6
1224647,6
1136106,6
1068386,6
1000281,6
1095660,6
1313599,6
1157025,6
1121668,6
1257348,6
1267089,6
1227841,6
1086161,6
1246329,6
1324427,6
1156566,6
1120465,6
1023553,6
1046342,6
1305838,6
1319374,6
1320431,6
1025891,6
1292928,6
1201724,6
1135857,6
1268525,6
1279891,6
1239304,6
1035971,6
1231698,6
1081426,6
1216316,6
1114639,6
1090289,6
1015509,6
1210007,6
1143496,6
1138758,6
1004107,6
1241183,6
1098350,6
1133050,6
1133903,6
1124790,6
1265060,6
1242333,6
1013706,6
1036082,6
1234290,6
1294818,6
1159282,6
1128046,6
1149744,6
1205247,6
1025810,6
1304042,6
1281575,6
1245334,6
1256001,6
1018735,6
1057615,6
1274337,6
1238520,6
1167712,6
1023343,6
1173861,6
1119612,6
1104237,6
1194232,6
1253333,6
1298628,6
1262294,6
1227510,6
1052879,6
1035519,6
1195243,6
1206535,6
1277130,6
1143012,6
1190862,6
1239461,6
1007269,6
1060233,6
1137453,6
1060768,6
1020442,6
1224024,6
1209342,6
1045660,6
1316576,6
1095369,6
1006300,6
1083742,6
1194798,6
1220646,6
1014775,6
1129820,6
1250796,6
1316337,6
1125553,6
1200996,6
1050773,6
1269817,6
1266647,6
1116971,6
1294127,6
1147206,6
1043835,6
1320181,6
1033036,6
1101530,6
1274211,6
1285235,6
1285872,6
1244353,6
1270388,6
1020054,6
1238362,6
1300221,6
1267383,6
1152115,6
1244190,6
1057112,6
1115460,6
1234495,6
1193679,6
1252241,6
1068332,6
1268337,6
1130976,6
1008087,6
1117261,6
1160542,6
1181235,6
1304208,6
1154097,6
1086676,6
1270871,6
1142563,6
1292887,6
1015846,6
1127755,6
1211984,6
1005281,6
1278971,6
1072116,6
1315313,6
1233400,6
1095666,6
1184846,6
1152030,6
1277698,6
1046747,6
1083841,6
1245392,6
1256787,6
1306595,6
1223601,6
1286929,6
1119870,6
1171996,6
1077060,6
1322432,6
1163537,6
1279732,6
1319177,6
1216709,6
1256002,6
1063315,6
1144192,6
1061506,6
1080156,6
1091655,6
1070954,6
1135372,6
1057374,6
1158749,6
1290785,6
1028575,6
1067785,6
1050406,6
1191734,6
1246218,6
1242061,6
1234871,6
1311996,6
1108529,6
1064701,6
1164684,6
1305459,6
1221943,6
1105092,6
1165293,6
1095873,6
1184678,6
1039676,6
1249738,6
1317809,6
1101508,6
1145383,6
1299013,6
1159456,6
1127838,6
1232188,6
1056161,6
1239971,6
1198035,6
1243977,6
1039622,6
1101979,6
1107230,6
1057264,6
1121572,6
1165155,6
1190081,6
1263951,6
1024325,6
1159134,6
1261941,6
1284020,6
1009436,6
1038881,6
1257038,6
1226488,6
1237862,6
1004178,6
1186006,6
1288621,6
1267554,6
1033292,6
1191467,6
1236606,6
1141578,6
1156250,6
1243748,6
1310618,6
1132899,6
1260834,6
1178900,6
1166418,6
1001453,6
1078336,6
1092083,6
1167356,6
1219782,6
1104575,6
1272288,6
1191064,6
1162287,6
1087334,6
1324510,6
1057464,6
1292277,6
1003320,6
1203201,6
1178761,6
1298841,6
1169877,6
1303079,6
1122851,6
1117118,6
1004094,6
1033844,6
1283063,6
1309469,6
1029053,6
1080944,6
1218240,6
1230932,6
1036725,6
1203859,6
1119130,6
1029326,6
1106781,6
1107463,6
1236479,6
1234101,6
1209962,6
1000670,6
1304932,6
1142714,6
1152377,6
1228841,6
1125915,6
1053121,6
1079912,6
1241572,6
1285756,6
1199243,6
1123756,6
1244662,6
1302940,6
1185848,6
1077156,6
1233848,6
1132669,6
1224751,6
1266735,6
1216221,6
1128512,6
1303913,6
1229875,6
1013188,6
1000869,6
1233455,6
1175732,6
1161646,6
1231361,6
1088017,6
1297272,6
1306658,6
1123518,6
1120667,6
1187437,6
1009945,6
1252676,6
1232760,6
1140212,6
1289303,6
1080025,6
1116134,6
1054619,6
1120738,6
1033958,6
1153025,6
1182541,6
1315283,6
1092473,6
1162254,6
1224610,6
1199519,6
1246071,6
1194687,6
1155961,6
1176676,6
1197112,6
1046597,6
1185322,6
1007378,6
1047086,6
1081446,6
1311826,6
1004429,6
1187391,6
1047915,6
1121521,6
1054198,6
1241753,6
1252355,6
1032271,6
1264591,6
1254439,6
1283517,6
1003622,6
1104378,6
1245902,6
1012050,6
1050068,6
1308832,6
1205687,6
1316376,6
1116216,6
1058357,6
1204221,6
1022689,6
1289743,6
1268361,6
1073449,6
1163154,6
1016752,6
1163447,6
1320651,6
1100146,6
1230502,6
1171811,6
1104095,6
1219131,6
1322686,6
1102019,6
1204548,6
1245697,6
1181265,6
1187681,6
1159026,6
1029612,6
1051831,6
1163372,6
1298885,6
1059580,6
1085741,6
1295500,6
1118526,6
1112721,6
1039923,6
1224819,6
1076731,6
1252995,6
1291976,6
1159396,6
1000267,6
1093632,6
1140470,6
1055557,6
1211297,6
1061786,6
1055537,6
1142928,6
1244447,6
1120894,6
1123195,6
1287225,6
1164387,6
1239128,6
1086127,6
1035942,6
1286176,6
1318913,6
1184208,6
1098644,6
1156497,6
1240799,6
1284419,6
1173823,6
1144131,6
1193956,6
1002544,6
1266067,6
1270254,6
1219031,6
1303049,6
1292275,6
1070532,6
1224611,6
1192002,6
1266236,6
1323634,6
1019208,6
1132727,6
1036580,6
1176668,6
1069355,6
1225781,6
1266412,6
1059503,6
1170456,6
1005538,6
1126198,6
1077107,6
1094238,6
1313930,6
1317930,6
1262914,6
1139080,6
1282402,6
1073848,6
1237303,6
1045435,6
1229002,6
1101458,6
1050809,6
1200294,6
1283926,6
1115084,6
1090156,6
1038024,6
1095220,6
1292460,6
1089026,6
1092378,6
1312235,6
1130928,6
1249614,6
1188137,6
1145178,6
1229739,6
1240395,6
1215294,6
1134181,6
1194893,6
1204283,6
1186351,6
1185357,6
1228087,6
1010365,6
1162796,6
1118921,6
1185368,6
1316335,6
1207018,6
1154095,6
1021563,6
1090431,6
1025507,6
1283901,6
1227962,6
1000791,6
1073514,6
1126497,6
1018603,6
1256044,6
1226184,6
1292981,6
1075576,6
1163979,6
1305223,6
1045450,6
1192432,6
1023003,6
1266765,6
1078838,6
1232434,6
1206050,6
1107007,6
1058107,6
1324013,6
1163235,6
1144666,6
1204202,6
1144006,6
1091393,6
1189321,6
1085799,6
1216306,6
1270286,6
1117937,6
1215558,6
1315054,6
1182705,6
1267280,6
1080813,6
1289961,6
1278919,6
1122317,6
1129177,6
1006234,6
1096188,6
1098763,6
1031531,6
1142281,6
1147193,6
1045884,6
1290050,6
1157300,6
1101448,6
1027350,6
1217232,6
1203847,6
1033440,6
1192076,6
1020520,6
1105015,6
1007784,6
1226439,6
1114050,6
1259313,6
1111407,6
1164312,6
1012226,6
1179802,6
1097534,6
1323385,6
1107411,6
1129530,6
1154718,6
1008917,6
1082486,6
1293469,6
1291297,6
1097499,6
1308800,6
1109226,6
1117807,6
1245680,6
1171063,6
1071442,6
1077977,6
1274982,6
1089871,6
1105702,6
1110579,6
1010400,6
1247059,6
1114439,6
1163957,6
1040663,6
1229088,6
1162128,6
1295328,6
1038420,6
1250024,6
1071232,6
1169968,6
1308439,6
1138739,6
1173212,6
1146459,6
1106924,6
1139469,6
1074570,6
1020839,6
1231268,6
1242480,6
1319702,6
1323488,6
1325529,6
1287920,6
1053920,6
1286414,6
1137204,6
1317430,6
1304415,6
1199319,6
1008238,6
1045716,6
1000990,6
1312565,6
1121749,6
1147582,6
1294335,6
1174086,6
1198419,6
1020111,6
1046374,6
1118860,6
1264427,6
1080526,6
1283639,6
1280917,6
1028535,6
1098679,6
1073755,6
1237446,6
1259495,6
1048206,6
1273359,6
1177845,6
1148303,6
1168162,6
1142505,6
1243400,6
1318206,6
1235775,6
1277339,6
1055612,6
1286841,6
1227046,6
1164472,6
1173102,6
1012333,6
1234539,6
1229825,6
1162466,6
1269365,6
1074142,6
1309440,6
1310629,6
1073364,6
1023654,6
1249091,6
1031308,6
1174318,6
1056887,6
1261286,6
1266683,6
1184579,6
1150598,6
1085280,6
1247288,6
1176039,6
1069187,6
1010780,6
1073797,6
1220615,6
1303574,6
1318618,6
1214081,6
1245771,6
1049330,6
1113147,6
1117371,6
1232431,6
1240538,6
1268692,6
1243673,6
1262179,6
1299706,6
1141647,6
1186627,6
1022833,6
1257881,6
1096668,6
1043203,6
1237467,6
1241981,6
1085693,6
1178434,6
1084735,6
1134178,6
1235791,6
1160935,6
1284057,6
1311678,6
1153663,6
1055713,6
1278075,6
1185889,6
1064130,6
1017770,6
1318198,6
1310256,6
1117052,6
1036861,6
1249232,6
1120957,6
1287602,6
1241915,6
1268910,6
1148502,6
1140536,6
1287716,6
1140514,6
1043488,6
1286032,6
1154323,6
1087528,6
1256064,6
1002356,6
1055398,6
1274846,6
1163016,6
1206550,6
1143998,6
1161515,6
1122597,6
1310868,6
1142827,6
1148957,6
1312896,6
1192852,6
1234781,6
1094412,6
1288753,6
1258402,6
1053932,6
1144629,6
1107546,6
1110745,6
1229752,6
1214759,6
1125546,6
1170515,6
1133042,6
1168047,6
1199484,6
1087410,6
1206922,6
1127896,6
1232460,6
1022435,6
1304038,6
1268179,6
1289872,6
1168713,6
1123083,6
1076100,6
1040510,6
1146861,6
1087147,6
1004982,6
1223388,6
1042214,6
1070219,6
1277601,6
1035259,6
1315447,6
1172839,6
1067718,6
1195437,6
1111007,6
1072470,6
1291429,6
1013943,6
1243651,6
1156436,6
1160704,6
1213025,6
1223127,6
1208540,6
1150796,6
1070559,6
1067724,6
1301024,6
1053386,6
1215805,6
1142347,6
1216054,6
1166693,6
1220115,6
1180844,6
1221777,6
1202885,6
1321256,6
1253822,6
1057817,6
1023393,6
1200287,6
1136794,6
1043933,6
1003239,6
1134882,6
1117504,6
1273768,6
1100742,6
1182944,6
1157303,6
1142726,6
1004806,6
1192112,6
1240288,6
1010208,6
1308003,6
1247760,6
1043723,6
1010708,6
1283908,6
1152788,6
1200484,6
1099683,6
1061838,6
1036617,6
1297684,6
1078410,6
1080597,6
1254432,6
1310072,6
1282156,6
1159813,6
1025400,6
1190486,6
1177548,6
1239738,6
1183285,6
1153652,6
1302768,6
1058229,6
1079761,6
1273218,6
1150861,6
1218746,6
1224742,6
1108825,6
1192436,6
1234075,6
1293231,6
1317668,6
1135291,6
1152714,6
1009655,6
1140307,6
1178336,6
1129487,6
1057504,6
1187899,6
1276886,6
1056629,6
1000949,6
1111008,6
1054089,6
1276119,6
1271676,6
1104771,6
1005874,6
1164729,6
1067862,6
1207917,6
1253678,6
1137778,6
1289519,6
1068966,6
1251378,6
1026250,6
1229352,6
1121410,6
1008815,6
1249696,6
1297165,6
1060230,6
1290698,6
1088238,6
1086168,6
1042613,6
1084351,6
1133845,6
1296323,6
1030844,6
1141738,6
1268080,6
1294850,6
1103189,6
1100666,6
1030874,6
1277641,6
1310708,6
1232322,6
1278985,6
1305799,6
1100106,6
1075060,6
1317701,6
1027548,6
1217888,6
1119267,6
1041859,6
1082695,6
1248927,6
1270696,6
1153229,6
1006580,6
1135674,6
1192537,6
1068890,6
1321113,6
1163371,6
1054784,6
1046867,6
1255913,6
1077283,6
1155852,6
1302703,6
1264664,6
1185533,6
1129390,6
1302773,6
1297488,6
1231312,6
1071425,6
1259486,6
1057401,6
1091272,6
1054287,6
1132438,6
1274503,6
1200143,6
1161338,6
1290020,6
1015794,6
1314561,6
1310993,6
1082525,6
1189752,6
1323097,6
1212481,6
1055523,6
1069866,6
1092501,6
1026170,6
1135777,6
1246477,6
1164303,6
1284146,6
1042476,6
1086915,6
1321624,6
1281491,6
1288750,6
1179758,6
1257195,6
1143932,6
1195372,6
1273836,6
1165574,6
1305158,6
1173599,6
1098733,6
1176626,6
1101463,6
1319649,6
1222787,6
1255311,6
1004175,6
1321553,6
1325337,6
1168135,6
1011473,6
1070402,6
1220921,6
1254639,6
1145907,6
1192068,6
1168990,6
1086350,6
1155907,6
1301726,6
1109916,6
1207627,6
1307359,6
1259049,6
1178051,6
1202621,6
1166796,6
1129398,6
1116698,6
1072514,6
1050460,6
1106454,6
1169120,6
1298231,6
1018423,6
1071948,6
1261864,6
1074513,6
1014576,6
1263486,6
1294917,6
1205259,6
1008039,6
1064532,6
1213650,6
1033161,6
1257299,6
1026733,6
1252626,6
1135790,6
1085671,6
1141263,6
1022193,6
1005413,6
1136893,6
1291105,6
1140716,6
1073175,6
1083906,6
1200353,6
1096999,6
1003983,6
1300401,6
1298935,6
1119413,6
1196729,6
1286869,6
1017334,6
1241133,6
1046522,6
1082403,6
1280310,6
1228719,6
1027572,6
1310175,6
1113860,6
1192694,6
1280498,6
1290741,6
1295489,6
1094723,6
1221349,6
1045779,6
1245052,6
1297760,6
1017293,6
1098908,6
1062082,6
1284814,6
1108124,6
1048344,6
1028948,6
1078470,6
1127344,6
1033723,6
1223028,6
1152249,6
1254851,6
1104755,6
1061520,6
1185017,6
1274219,6
1135994,6
1263684,6
1058284,6
1042592,6
1154692,6
1148442,6
1098525,6
1182995,6
1234930,6
1059869,6
1101674,6
1095404,6
1114188,6
1051416,6
1165093,6
1172914,6
1188926,6
1016564,6
1077784,6
1185433,6
1204542,6
1290791,6
1312136,6
1060183,6
1259346,6
1237473,6
1093385,6
1053480,6
1081052,6
1034420,6
1086170,6
1313401,6
1000799,6
1009925,6
1206255,6
1160652,6
1193589,6
1168912,6
1276378,6
1144361,6
1158294,6
1040569,6
1193703,6
1090574,6
1192806,6
1135641,6
1099844,6
1236334,6
1214214,6
1324005,6
1180212,6
1047576,6
1097488,6
1099354,6
1027481,6
1035167,6
1104299,6
1064006,6
1305094,6
1252926,6
1137093,6
1275052,6
1207886,6
1255081,6
1259679,6
1128113,6
1052426,6
1122099,6
1309694,6
1019495,6
1212155,6
1012466,6
1173072,6
1216610,6
1240871,6
1250510,6
1009224,6
1104568,6
1089528,6
1234689,6
1218472,6
1243310,6
1256859,6
1293066,6
1074097,6
1114715,6
1295915,6
1134631,6
1014567,6
1240853,6
1174611,6
1309776,6
1061314,6
1183732,6
1211959,6
1055326,6
1148407,6
1234058,6
1258961,6
1058821,6
1188375,6
1074363,6
1161483,6
1134738,6
1208508,6
1031710,6
1279164,6
1078124,6
1231924,6
1222668,6
1083295,6
1325050,6
1044039,6
1310831,6
1179825,6
1100475,6
1002525,6
1117894,6
1162472,6
1185062,6
1094454,6
1015031,6
1228641,6
1007914,6
1180193,6
1087736,6
1218330,6
1082352,6
1288323,6
1107606,6
1289007,6
1123452,6
1172798,6
1040455,6
1314188,6
1259070,6
1049035,6
1036827,6
1308621,6
1059818,6
1143506,6
1040658,6
1052537,6
1179516,6
1117939,6
1009430,6
1246579,6
1070256,6
1205725,6
1228936,6
1239307,6
1136602,6
1171184,6
1019251,6
1317077,6
1049529,6
1075987,6
1324507,6
1313835,6
1009423,6
1314875,6
1168109,6
1275825,6
1041811,6
1087978,6
1248496,6
1239949,6
1154014,6
1186823,6
1088487,6
1082002,6
1209285,6
1118604,6
1299221,6
1219175,6
1134664,6
1269155,6
1267611,6
1192365,6
1053383,6
1071527,6
1218753,6
1182356,6
1129059,6
1008353,6
1136884,6
1317542,6
1032843,6
1207815,6
1086074,6
1048147,6
1270772,6
1304045,6
1264408,6
1317995,6
1085596,6
1283532,6
1081693,6
1279097,6
1118018,6
1233190,6
1126632,6
1098281,6
1136201,6
1126428,6
1149695,6
1033785,6
1098804,6
1162630,6
1124045,6
1225676,6
1143380,6
1187056,6
1146060,6
1220969,6
1282199,6
1190800,6
1220473,6
1277702,6
1062366,6
1303114,6
1295123,6
1003943,6
1158687,6
1125869,6
1026663,6
1278268,6
1161892,6
1133684,6
1076264,6
1035038,6
1227571,6
1069003,6
1303887,6
1135732,6
1127195,6
1064376,6
1264280,6
1176886,6
1264341,6
1279454,6
1189089,6
1066136,6
1220340,6
1209926,6
1212998,6
1232370,6
1155008,6
1215556,6
1100823,6
1000211,6
1025641,6
1122514,6
1264937,6
1087420,6
1054987,6
1236626,6
1029271,6
1090665,6
1047955,6
1023102,6
1214067,6
1274610,6
1018472,6
1130123,6
1178607,6
1197614,6
1275060,6
1257653,6
1087288,6
1186382,6
1002496,6
1063263,6
1135539,6
1085746,6
1009444,6
1085592,6
1251062,6
1140221,6
1010846,6
1265701,6
1155295,6
1267591,6
1069310,6
1323905,6
1275777,6
1038112,6
1174223,6
1181654,6
1032960,6
1154423,6
1248733,6
1026677,6
1011268,6
1020036,6
1279887,6
1044632,6
1030329,6
1006739,6
1293230,6
1136778,6
1030514,6
1021717,6
1303898,6
1277081,6
1268432,6
1152549,6
1053253,6
1314364,6
1040769,6
1120708,6
1046309,6
1050300,6
1230083,6
1142528,6
1211517,6
1114255,6
1205105,6
1283624,6
1044084,6
1025530,6
1091695,6
1229664,6
1281501,6
1099323,6
1065131,6
1222678,6
1245371,6
1284065,6
1067165,6
1313993,6
1316958,6
1244434,6
1061120,6
1252777,6
1253543,6
1077686,6
1165900,6
1045469,6
1122365,6
1240436,6
1208025,6
1157852,6
1035469,6
1132825,6
1024828,6
1192383,6
1307451,6
1264098,6
1077265,6
1227529,6
1242499,6
1133922,6
1239151,6
1109735,6
1005819,6
1163020,6
1239118,6
1044837,6
1278525,6
1141106,6
1256903,6
1269694,6
1254923,6
1245623,6
1089728,6
1001169,6
1156109,6
1246640,6
1187250,6
1210930,6
1168884,6
1117426,6
1116350,6
1234884,6
1173007,6
1160560,6
1067639,6
1057182,6
1185189,6
1322720,6
1193614,6
1240441,6
1217134,6
1208444,6
1127428,6
1002310,6
1048531,6
1058100,6
1044932,6
1297260,6
1027533,6
1191564,6
1251780,6
1022048,6
1320183,6
1223505,6
1039468,6
1028078,6
1055264,6
1102055,6
1311145,6
1304082,6
1179818,6
1111882,6
1201276,6
1191864,6
1074358,6
1230626,6
1113340,6
1039352,6
1131445,6
1010523,6
1203089,6
1213088,6
1116260,6
1094034,6
1036748,6
1031119,6
1223275,6
1005069,6
1228016,6
1158958,6
1152145,6
1006579,6
1072774,6
1031110,6
1209953,6
1044449,6
1304106,6
1286378,6
1122481,6
1222488,6
1108248,6
1262137,6
1054984,6
1142070,6
1035000,6
1303004,6
1246090,6
1312745,6
1075671,6
1025664,6
1043857,6
1244757,6
1229969,6
1261269,6
1072278,6
1020683,6
1029143,6
1050913,6
1056733,6
1111289,6
1221322,6
1283934,6
1047618,6
1325465,6
1105473,6
1305786,6
1064343,6
1284085,6
1300387,6
1219252,6
1319236,6
1195659,6
1209796,6
1205729,6
1175824,6
1068175,6
1198767,6
1224023,6
1305236,6
1036387,6
1275214,6
1171129,6
1133010,6
1117881,6
1173397,6
1271031,6
1081395,6
1185970,6
1023345,6
1151588,6
1299532,6
1145053,6
1126286,6
1177301,6
1181617,6
1151628,6
1039906,6
1205329,6
1144037,6
1145485,6
1310060,6
1233490,6
1083354,6
1177615,6
1033734,6
1051490,6
1047566,6
1128785,6
1033944,6
1256581,6
1090882,6
1217827,6
1202899,6
1282853,6
1084723,6
1098740,6
1221869,6
1309088,6
1164213,6
1044213,6
1260324,6
1262795,6
1188782,6
1088879,6
1041182,6
1001983,6
1052666,6
1006161,6
1164002,6
1135621,6
1164458,6
1240024,6
1084579,6
1057881,6
1294330,6
1067058,6
1016899,6
1235094,6
1029802,6
1004758,6
1318394,6
1063884,6
1127483,6
1078454,6
1140496,6
1000362,6
1320905,6
1278939,6
1228166,6
1250833,6
1165932,6
1188780,6
1161421,6
1106583,6
1274179,6
1013991,6
1303270,6
1067691,6
1262484,6
1220670,6
1037974,6
1064719,6
1200274,6
1229479,6
1190818,6
1107895,6
1084187,6
1170818,6
1014227,6
1105301,6
1116659,6
1268967,6
1247981,6
1060732,6
1139242,6
1025721,6
1050390,6
1075882,6
1153889,6
1270478,6
1056214,6
1089653,6
1266316,6
1093236,6
1030470,6
1118467,6
1085382,6
1035683,6
1147085,6
1322036,6
1129280,6
1123507,6
1266192,6
1015608,6
1215028,6
1052706,6
1232736,6
1258373,6
1104057,6
1184075,6
1089666,6
1112076,6
1187626,6
1130960,6
1147556,6
1318955,6
1260849,6
1244962,6
1110156,6
1313355,6
1041103,6
1168227,6
1065976,6
1127649,6
1137392,6
1081210,6
1038134,6
1185223,6
1134659,6
1230835,6
1280706,6
1129638,6
1113991,6
1311108,6
1248921,6
1201244,6
1029926,6
1019023,6
1257575,6
1261474,6
1172105,6
1176497,6
1175542,6
1301574,6
1279435,6
1092561,6
1187296,6
1021838,6
1299213,6
1000685,6
1028019,6
1247705,6
1006674,6
1100808,6
1225352,6
1047788,6
1192978,6
1056801,6
1184014,6
1195247,6
1237648,6
1114904,6
1255791,6
1053216,6
1264687,6
1223967,6
1151995,6
1042954,6
1035060,6
1094584,6
1096551,6
1301559,6
1075468,6
1220583,6
1221872,6
1273760,6
1043727,6
1071013,6
1120044,6
1041408,6
1288913,6
1025913,6
1310814,6
1173439,6
1157009,6
1309718,6
1154112,6
1156942,6
1278374,6
1089918,6
1080551,6
1289237,6
1124152,6
1044201,6
1086685,6
1218953,6
1147151,6
1149686,6
1132389,6
1043399,6
1214709,6
1251318,6
1081107,6
1235256,6
1088897,6
1136746,6
1162067,6
1012602,6
1262355,6
1298256,6
1057497,6
1146735,6
1237912,6
1076927,6
1304097,6
1263839,6
1069328,6
1144430,6
1304335,6
1147965,6
1044857,6
1120499,6
1297598,6
1172919,6
1274896,6
1158071,6
1132479,6
1056300,6
1075401,6
1186879,6
1044238,6
1044665,6
1056511,6
1239817,6
1101230,6
1143730,6
1246130,6
1168604,6
1261073,6
1005362,6
1301764,6
1191134,6
1008413,6
1152279,6
1297232,6
1076775,6
1250721,6
1181251,6
1018637,6
1307578,6
1054820,6
1031198,6
1316668,6
1296550,6
1067412,6
1103696,6
1031465,6
1025441,6
1204033,6
1206771,6
1112924,6
1008775,6
1287763,6
1158780,6
1097359,6
1155823,6
1022906,6
1061740,6
1005365,6
1084055,6
1144179,6
1207380,6
1020326,6
1183898,6
1007211,6
1140755,6
1162866,6
1068403,6
1299318,6
1161413,6
1275029,6
1133411,6
1290512,6
1210123,6
1154901,6
1211167,6
1174097,6
1056678,6
1170389,6
1168233,6
1017456,6
1122717,6
1319878,6
1091964,6
1116615,6
1241007,6
1142467,6
1100387,6
1006866,6
1036281,6
1118327,6
1037434,6
1101587,6
1121237,6
1304258,6
1002690,6
1301113,6
1062651,6
1294039,6
1247818,6
1064928,6
1248844,6
1071322,6
1164750,6
1238054,6
1145478,6
1044564,6
1139222,6
1259893,6
1119516,6
1032954,6
1023555,6
1122670,6
1003868,6
1146081,6
1213357,6
1115542,6
1152987,6
1122845,6
1228829,6
1234801,6
1266103,6
1269206,6
1325757,6
1309848,6
1271719,6
1093673,6
1302333,6
1233919,6
1188719,6
1149588,6
1035321,6
1183466,6
1246744,6
1076604,6
1092718,6
1265186,6
1171454,6
1166312,6
1021381,6
1035094,6
1168400,6
1032346,6
1154837,6
1201451,6
1152782,6
1142351,6
1111751,6
1085125,6
1206577,6
1258652,6
1289160,6
1050030,6
1126449,6
1049559,6
1071575,6
1260859,6
1117895,6
1199097,6
1296611,6
1026752,6
1142202,6
1272073,6
1021642,6
1315022,6
1134328,6
1179391,6
1284207,6
1171228,6
1279463,6
1222616,6
1002620,6
1079109,6
1073125,6
1133055,6
1169805,6
1174397,6
1159739,6
1146641,6
1089296,6
1008359,6
1234606,6
1134770,6
1294659,6
1142719,6
1248981,6
1295386,6
1163306,6
1172089,6
1058598,6
1000363,6
1013934,6
1018973,6
1303769,6
1148872,6
1247328,6
1035622,6
1184959,6
1096221,6
1000789,6
1084020,6
1134342,6
1312019,6
1177367,6
1050644,6
1125609,6
1109409,6
1103622,6
1038547,6
1131480,6
1254205,6
1318669,6
1003667,6
1156589,6
1138590,6
1010906,6
1130819,6
1266930,6
1159555,6
1012074,6
1235049,6
1128873,6
1109774,6
1106411,6
1052728,6
1099231,6
1281037,6
1260040,6
1239343,6
1217574,6
1127643,6
1030223,6
1084153,6
1124138,6
1304539,6
1204106,6
1273335,6
1278915,6
1162689,6
1171006,6
1147750,6
1319862,6
1137274,6
1232103,6
1074300,6
1275175,6
1322416,6
1073009,6
1136942,6
1224452,6
1026796,6
1172767,6
1319369,6
1171918,6
1205910,6
1268499,6
1176429,6
1085336,6
1106466,6
1218836,6
1205367,6
1104641,6
1137083,6
1258622,6
1081698,6
1021266,6
1263465,6
1158355,6
1241914,6
1074106,6
1321545,6
1192368,6
1057744,6
1061613,6
1066961,6
1145202,6
1308654,6
1111833,6
1018234,6
1240615,6
1129260,6
1119517,6
1066524,6
1010131,6
1155043,6
1321916,6
1089813,6
1044988,6
1183322,6
1043564,6
1130937,6
1178333,6
1217333,6
1076721,6
1181154,6
1256577,6
1305610,6
1039021,6
1000023,6
1195288,6
1276025,6
1272076,6
1049470,6
1067498,6
1029501,6
1219831,6
1008369,6
1090090,6
1134457,6
1055062,6
1068836,6
1060651,6
1023902,6
1008960,6
1177382,6
1040273,6
1294621,6
1308860,6
1016779,6
1168509,6
1019025,6
1128833,6
1315694,6
1240319,6
1110851,6
1007943,6
1318174,6
1069293,6
1113549,6
1070957,6
1181865,6
1309877,6
1294440,6
1039245,6
1182330,6
1189182,6
1237617,6
1257833,6
1050177,6
1102243,6
1005946,6
1191847,6
1189447,6
1000521,6
1093101,6
1078906,6
1130658,6
1072895,6
1096008,6
1046299,6
1096153,6
1201580,6
1318525,6
1193499,6
1030960,6
1138894,6
1204285,6
1193872,6
1036600,6
1091258,6
1309800,6
1243596,6
1204563,6
1012214,6
1289375,6
1037053,6
1008830,6
1042788,6
1267362,6
1307114,6
1148612,6
1086148,6
1239876,6
1252837,6
1282229,6
1182621,6
1066564,6
1221021,6
1131933,6
1068807,6
1070205,6
1156850,6
1071146,6
1313146,6
1168474,6
1241664,6
1257981,6
1115584,6
1241389,6
1248978,6
1109852,6
1221517,6
1247285,6
1302592,6
1290880,6
1057778,6
1118788,6
1278519,6
1199910,6
1127231,6
1316761,6
1181755,6
1163765,6
1270506,6
1012569,6
1167667,6
1083894,6
1092636,6
1051026,6
1257149,6
1091763,6
1249055,6
1203914,6
1064624,6
1234286,6
1264652,6
1013245,6
1007813,6
1279168,6
1064875,6
1044233,6
1117472,6
1059565,6
1142896,6
1036036,6
1004849,6
1253427,6
1231654,6
1021772,6
1187439,6
1072719,6
1291443,6
1310447,6
1152527,6
1286517,6
1243880,6
1244418,6
1180626,6
1167462,6
1204779,6
1286461,6
1079431,6
1083382,6
1180184,6
1066943,6
1233313,6
1212084,6
1045312,6
1045028,6
1051579,6
1277906,6
1308246,6
1115965,6
1064274,6
1254048,6
1060972,6
1091970,6
1280282,6
1308758,6
1188572,6
1242477,6
1144816,6
1139100,6
1196121,6
1067499,6
1256920,6
1100550,6
1321888,6
1128840,6
1130654,6
1123321,6
1161503,6
1310496,6
1145835,6
1325334,6
1084989,6
1109992,6
1246578,6
1080242,6
1092412,6
1286973,6
1067881,6
1251982,6
1095753,6
1168688,6
1050755,6
1145804,6
1209744,6
1257216,6
1076698,6
1248134,6
1177349,6
1107562,6
1007967,6
1084049,6
1185630,6
1235451,6
1068352,6
1115851,6
1063968,6
1015248,6
1307147,6
1304227,6
1097836,6
1221310,6
1115760,6
1007068,6
1211065,6
1225441,6
1196750,6
1204965,6
1062518,6
1072735,6
1066854,6
1255213,6
1103515,6
1128882,6
1225668,6
1313477,6
1137124,6
1026487,6
1158920,6
1084660,6
1017765,6
1009840,6
1028469,6
1224413,6
1117938,6
1121032,6
1125563,6
1120203,6
1143643,6
1068524,6
1186012,6
1135407,6
1043156,6
1005204,6
1271815,6
1311022,6
1269856,6
1128425,6
1214997,6
1290846,6
1292627,6
1320056,6
1126398,6
1190669,6
1127744,6
1129524,6
1100096,6
1318374,6
1210998,6
1278675,6
1034011,6
1256586,6
1230866,6
1022262,6
1161598,6
1269695,6
1069262,6
1292691,6
1175366,6
1186834,6
1015466,6
1309076,6
1224985,6
1184545,6
1114770,6
1246055,6
1234765,6
1149711,6
1269119,6
1045186,6
1109279,6
1216258,6
1145156,6
1283323,6
1124133,6
1220118,6
1022332,6
1179278,6
1166095,6
1141993,6
1224545,6
1305726,6
1113429,6
1138438,6
1318924,6
1143882,6
1219714,6
1128908,6
1082600,6
1014792,6
1176142,6
1041367,6
1125826,6
1245826,6
1281679,6
1239253,6
1283429,6
1215736,6
1105882,6
1288811,6
1214754,6
1110572,6
1262891,6
1124482,6
1184605,6
1037542,6
1187485,6
1192869,6
1206632,6
1287162,6
1180030,6
1172949,6
1030238,6
1107143,6
1125836,6
1307554,6
1208256,6
1055734,6
1202668,6
1025398,6
1278873,6
1029851,6
1313054,6
1083724,6
1009983,6
1015765,6
1200725,6
1249258,6
1044775,6
1287927,6
1233380,6
1310790,6
1062688,6
1178512,6
1078039,6
1294780,6
1306704,6
1208890,6
1179344,6
1137504,6
1178436,6
1074446,6
1102677,6
1226682,6
1056333,6
1129105,6
1074780,6
1160008,6
1079888,6
1209699,6
1007465,6
1285321,6
1233689,6
1049029,6
1202995,6
1185304,6
1184857,6
1069222,6
1168360,6
1141335,6
1149868,6
1137918,6
1306081,6
1303220,6
1121440,6
1179844,6
1093701,6
1296333,6
1264461,6
1246312,6
1169044,6
1223026,6
1149810,6
1023790,6
1316952,6
1111533,6
1299206,6
1042675,6
1297360,6
1232332,6
1139896,6
1296278,6
1285990,6
1320042,6
1040147,6
1184121,6
1178448,6
1242962,6
1178001,6
1054451,6
1116307,6
1260063,6
1201516,6
1278752,6
1053752,6
1232905,6
1176352,6
1192307,6
1213325,6
1156183,6
1010472,6
1233902,6
1008812,6
1061189,6
1108130,6
1038488,6
1007424,6
1035890,6
1303369,6
1242979,6
1181211,6
1167959,6
1035631,6
1195219,6
1210263,6
1143708,6
1032200,6
1120939,6
1223409,6
1225469,6
1047927,6
1244886,6
1096215,6
1009284,6
1259543,6
1221756,6
1110425,6
1073296,6
1225912,6
1269124,6
1032462,6
1265075,6
1292403,6
1015895,6
1100768,6
1007711,6
1220030,6
1068451,6
1048598,6
1228353,6
1127607,6
1022291,6
1033387,6
1253194,6
1311415,6
1310809,6
1128592,6
1149946,6
1065518,6
1149934,6
1196351,6
1065421,6
1094194,6
1163109,6
1214055,6
1014693,6
1090568,6
1048764,6
1152465,6
1222411,6
1315291,6
1230630,6
1101069,6
1126540,6
1043999,6
1310110,6
1317053,6
1171617,6
1240163,6
1174099,6
1208989,6
1275961,6
1228170,6
1077800,6
1193424,6
1280028,6
1214632,6
1318226,6
1020504,6
1003028,6
1296823,6
1234497,6
1124266,6
1300883,6
1143268,6
1109654,6
1071331,6
1220349,6
1167000,6
1065674,6
1042386,6
1268382,6
1110292,6
1216951,6
1027642,6
1081349,6
1075566,6
1054109,6
1028954,6
1065365,6
1189736,6
1180012,6
1208006,6
1266451,6
1304151,6
1324253,6
1116542,6
1261484,6
1273445,6
1169104,6
1097531,6
1237807,6
1101735,6
1087616,6
1073503,6
1242316,6
1085252,6
1199911,6
1263522,6
1030385,6
1138484,6
1223857,6
1152917,6
1304309,6
1137174,6
1112363,6
1316478,6
1112854,6
1205284,6
1261415,6
1279488,6
1018283,6
1260664,6
1142140,6
1194486,6
1161353,6
1055630,6
1021605,6
1302469,6
1157620,6
1125577,6
1032293,6
1268883,6
1156519,6
1000806,6
1173099,6
1253093,6
1232220,6
1168937,6
1236225,6
1187420,6
1309282,6
1314924,6
1316277,6
1275826,6
1028659,6
1012942,6
1115190,6
1149561,6
1302917,6
1183778,6
1023150,6
1171444,6
1169397,6
1058365,6
1181062,6
1155658,6
1214139,6
1024343,6
1124982,6
1146297,6
1016474,6
1074745,6
1153015,6
1051014,6
1302928,6
1186875,6
1195826,6
1172212,6
1218736,6
1063883,6
1002819,6
1179775,6
1136075,6
1019729,6
1132046,6
1143186,6
1065862,6
1248646,6
1264522,6
1044114,6
1320501,6
1295893,6
1115366,6
1281791,6
1141743,6
1052682,6
1306784,6
1068858,6
1323643,6
1253815,6
1072893,6
1057519,6
1296980,6
1059903,6
1063160,6
1305050,6
1220412,6
1053910,6
1151096,6
1163174,6
1056499,6
1131522,6
1219833,6
1050941,6
1268838,6
1268374,6
1006838,6
1103404,6
1313491,6
1202030,6
1168600,6
1117558,6
1027012,6
1155029,6
1213260,6
1249207,6
1010199,6
1122084,6
1045260,6
1091034,6
1230521,6
1222198,6
1144864,6
1285786,6
1257530,6
1079439,6
1047061,6
1019790,6
1062902,6
1059184,6
1188849,6
1218814,6
1217884,6
1253189,6
1235583,6
1161146,6
1183360,6
1248013,6
1283711,6
1051860,6
1139097,6
1251612,6
1266525,6
1135044,6
1241145,6
1126463,6
1242500,6
1312210,6
1266049,6
1060104,6
1046603,6
1207800,6
1185719,6
1172794,6
1288471,6
1114798,6
1023569,6
1224841,6
1106792,6
1082586,6
1207570,6
1131212,6
1269152,6
1201472,6
1189613,6
1203505,6
1091410,6
1247097,6
1203564,6
1214678,6
1184346,6
1182317,6
1262187,6
1021557,6
1070875,6
1139058,6
1256976,6
1041436,6
1290383,6
1120895,6
1264355,6
1275592,6
1284145,6
1083467,6
1132334,6
1025848,6
1234611,6
1131134,6
1177947,6
1183458,6
1228305,6
1099929,6
1039163,6
1180119,6
1113858,6
1000867,6
1134382,6
1120548,6
1253775,6
1005350,6
1205343,6
1311205,6
1195580,6
1112806,6
1154209,6
1189539,6
1026559,6
1325057,6
1222597,6
1124563,6
1129069,6
1121120,6
1231144,6
1078052,6
1063839,6
1055221,6
1296064,6
1200582,6
1013595,6
1168943,6
1190850,6
1317968,6
1322587,6
1283614,6
1180116,6
1290525,6
1111640,6
1079180,6
1010469,6
1042339,6
1211391,6
1052403,6
1007209,6
1097798,6
1214831,6
1138330,6
1188708,6
1111303,6
1002864,6
1068017,6
1171433,6
1201200,6
1042760,6
1145080,6
1314884,6
1151188,6
1248956,6
1029294,6
1159749,6
1149138,6
1325388,6
1102558,6
1138666,6
1290776,6
1309659,6
1300898,6
1119150,6
1210476,6
1026166,6
1138061,6
1198566,6
1005116,6
1295279,6
1035977,6
1158848,6
1182373,6
1045216,6
1018919,6
1070211,6
1178876,6
1225029,6
1133045,6
1213353,6
1300947,6
1047448,6
1282446,6
1057562,6
1091768,6
1311138,6
1173075,6
1320303,6
1007268,6
1251275,6
1306870,6
1318495,6
1070790,6
1137463,6
1190201,6
1268962,6
1062406,6
1199876,6
1144387,6
1195170,6
1233167,6
1285476,6
1321189,6
1120680,6
1151420,6
1148922,6
1325279,6
1004962,6
1107286,6
1001442,6
1079219,6
1209499,6
1182506,6
1196443,6
1200365,6
1282388,6
1001537,6
1077239,6
1140251,6
1190723,6
1061738,6
1067224,6
1320701,6
1325322,6
1244604,6
1271538,6
1133130,6
1175510,6
1272549,6
1137365,6
1274875,6
1235442,6
1053751,6
1000878,6
1137147,6
1048729,6
1053182,6
1221740,6
1169771,6
1290954,6
1317175,6
1170132,6
1322504,6
1318014,6
1203037,6
1037427,6
1172513,6
1044258,6
1058946,6
1110012,6
1206768,6
1217525,6
1030936,6
1292704,6
1107148,6
1317717,6
1083785,6
1008341,6
1313905,6
1305791,6
1091107,6
1172478,6
1225394,6
1133819,6
1018411,6
1304990,6
1004430,6
1190055,6
1089164,6
1174037,6
1010109,6
1155945,6
1227591,6
1124331,6
1139739,6
1229382,6
1204513,6
1228707,6
1322144,6
1167492,6
1052620,6
1009033,6
1251620,6
1193128,6
1010388,6
1080687,6
1108736,6
1178679,6
1131463,6
1183548,6
1322722,6
1097969,6
1004564,6
1320182,6
1284058,6
1259653,6
1060222,6
1141739,6
1162027,6
1284768,6
1065667,6
1011597,6
1223879,6
1138187,6
1174420,6
1128480,6
1264755,6
1075880,6
1065607,6
1252875,6
1081405,6
1247088,6
1269303,6
1312260,6
1289029,6
1284453,6
1141756,6
1031241,6
1251562,6
1069783,6
1116883,6
1134910,6
1182550,6
1224977,6
1030143,6
1273241,6
1238628,6
1245542,6
1234926,6
1195272,6
1010490,6
1043178,6
1050410,6
1100121,6
1011680,6
1029355,6
1022993,6
1075124,6
1110138,6
1039327,6
1219745,6
1227819,6
1245969,6
1266066,6
1322696,6
1199191,6
1050710,6
1057376,6
1079313,6
1267555,6
1157628,6
1159369,6
1118055,6
1231589,6
1215843,6
1245163,6
1008552,6
1036537,6
1052236,6
1205565,6
1031883,6
1098942,6
1088988,6
1087828,6
1058039,6
1205213,6
1250601,6
1299982,6
1071664,6
1206670,6
1115707,6
1243890,6
1037613,6
1114590,6
1244444,6
1145864,6
1013611,6
1249485,6
1148978,6
1314666,6
1045152,6
1223351,6
1150931,6
1023210,6
1149024,6
1193764,6
1215702,6
1230575,6
1227794,6
1203942,6
1044804,6
1235481,6
1293938,6
1251554,6
1172686,6
1175857,6
1155663,6
1094886,6
1281660,6
1263718,6
1233684,6
1201549,6
1202285,6
1259326,6
1110786,6
1272685,6
1056201,6
1109006,6
1184815,6
1283015,6
1133347,6
1041512,6
1038722,6
1100422,6
1013578,6
1137798,6
1319480,6
1073754,6
1094877,6
1253527,6
1134656,6
1193522,6
1315983,6
1048364,6
1267533,6
1252679,6
1086179,6
1214866,6
1253839,6
1096418,6
1311423,6
1058758,6
1041822,6
1311372,6
1189098,6
1079803,6
1100848,6
1305707,6
1274809,6
1117772,6
1305522,6
1182153,6
1259804,6
1195592,6
1059327,6
1064108,6
1245167,6
1242101,6
1311641,6
1058638,6
1140110,6
1083132,6
1160346,6
1097922,6
1080460,6
1287131,6
1157420,6
1184823,6
1224324,6
1269847,6
1120061,6
1078678,6
1170444,6
1260851,6
1106945,6
1310212,6
1077266,6
1090277,6
1116295,6
1214932,6
1084257,6
1035498,6
1226035,6
1055587,6
1026126,6
1146652,6
1103511,6
1064438,6
1215157,6
1036542,6
1059221,6
1123312,6
1162483,6
1190382,6
1088010,6
1255898,6
1051054,6
1232013,6
1229565,6
1156567,6
1206514,6
1313698,6
1189531,6
1112660,6
1142772,6
1056092,6
1150899,6
1276732,6
1311567,6
1040566,6
1121677,6
1197258,6
1186234,6
1155993,6
1274900,6
1158725,6
1019396,6
1197450,6
1006602,6
1040272,6
1262684,6
1073852,6
1039241,6
1036998,6
1310983,6
1011210,6
1208116,6
1168004,6
1151262,6
1316765,6
1309420,6
1281219,6
1067445,6
1269950,6
1226960,6
1281168,6
1213596,6
1045785,6
1208379,6
1053439,6
1289364,6
1247234,6
1101593,6
1124020,6
1158144,6
1107345,6
1020033,6
1244318,6
1165752,6
1325539,6
1029561,6
1056998,6
1037908,6
1060490,6
1192051,6
1140783,6
1301571,6
1117232,6
1144292,6
1057149,6
1141835,6
1174989,6
1319205,6
1046789,6
1267182,6
1211541,6
1143499,6
1143172,6
1187620,6
1270805,6
1196915,6
1002868,6
1016276,6
1090910,6
1076490,6
1209261,6
1139412,6
1015670,6
1226500,6
1054807,6
1254535,6
1214816,6
1209614,6
1000182,6
1029871,6
1291364,6
1099153,6
1231502,6
1115361,6
1085634,6
1201213,6
1171805,6
1096281,6
1005772,6
1030529,6
1256495,6
1320653,6
1281777,6
1069466,6
1276702,6
1179577,6
1117436,6
1194262,6
1083306,6
1095158,6
1095740,6
1121151,6
1313277,6
1045652,6
1179786,6
1139880,6
1158754,6
1247206,6
1076020,6
1179147,6
1261152,6
1294303,6
1267573,6
1002927,6
1059415,6
1245949,6
1091680,6
1131657,6
1156979,6
1294220,6
1318467,6
1269030,6
1034636,6
1105941,6
1273024,6
1120599,6
1006526,6
1142841,6
1030055,6
1201570,6
1316055,6
1213477,6
1097772,6
1021429,6
1159889,6
1210942,6
1220391,6
1204349,6
1186718,6
1216012,6
1199210,6
1049160,6
1212594,6
1170774,6
1311948,6
1176003,6
1066034,6
1281720,6
1022433,6
1233502,6
1172716,6
1189546,6
1277718,6
1093847,6
1224556,6
1276894,6
1042473,6
1025628,6
1179929,6
1035690,6
1213543,6
1114851,6
1171553,6
1039537,6
1184977,6
1176605,6
1022404,6
1217459,6
1026029,6
1045890,6
1002918,6
1032035,6
1016008,6
1013845,6
1173420,6
1284906,6
1199838,6
1158903,6
1025114,6
1150889,6
1189411,6
1221288,6
1220457,6
1320721,6
1061470,6
1318460,6
1160507,6
1022319,6
1223408,6
1167216,6
1144650,6
1198292,6
1244203,6
1128390,6
1017149,6
1322255,6
1178648,6
1081811,6
1142264,6
1069602,6
1163693,6
1266591,6
1050437,6
1030607,6
1237819,6
1016715,6
1128106,6
1282016,6
1306749,6
1074549,6
1166837,6
1205006,6
1127687,6
1014699,6
1268984,6
1073414,6
1208515,6
1017314,6
1322282,6
1291277,6
1249448,6
1275876,6
1112364,6
1129384,6
1081460,6
1234217,6
1188055,6
1081193,6
1302784,6
1070396,6
1211031,6
1244231,6
1006831,6
1172950,6
1093889,6
1044092,6
1180834,6
1237838,6
1023863,6
1246520,6
1160576,6
1181370,6
1264740,6
1238982,6
1055003,6
1283044,6
1009916,6
1220058,6
1207655,6
1147567,6
1165647,6
1135428,6
1056279,6
1021044,6
1088727,6
1267620,6
1164908,6
1249361,6
1036303,6
1012896,6
1150138,6
1248415,6
1262322,6
1173725,6
1018764,6
1057204,6
1206537,6
1010647,6
1018858,6
1029697,6
1125371,6
1082487,6
1201946,6
1180997,6
1101192,6
1069068,6
1109313,6
1305529,6
1114604,6
1164151,6
1204474,6
1101916,6
1000942,6
1188468,6
1272029,6
1104804,6
1177857,6
1099504,6
1267248,6
1120283,6
1271230,6
1230734,6
1112608,6
1221287,6
1133666,6
1050403,6
1230583,6
1038448,6
1032667,6
1041465,6
1325577,6
1275549,6
1063291,6
1306804,6
1044806,6
1307260,6
1062447,6
1005242,6
1135984,6
1001238,6
1102712,6
1255716,6
1180017,6
1317993,6
1279125,6
1191516,6
1292041,6
1259012,6
1227844,6
1299983,6
1282974,6
1264836,6
1072177,6
1071963,6
1211726,6
1269074,6
1064245,6
1117509,6
1125941,6
1069249,6
1230275,6
1026122,6
1266596,6
1180035,6
1148037,6
1276114,6
1033838,6
1181724,6
1055228,6
1121982,6
1317874,6
1174829,6
1045902,6
1278645,6
1017034,6
1221663,6
1021202,6
1118866,6
1092508,6
1196821,6
1178840,6
1027215,6
1201191,6
1190638,6
1238995,6
1295914,6
1183327,6
1209692,6
1180710,6
1272945,6
1108571,6
1006825,6
1230267,6
1180546,6
1130785,6
1267370,6
1055110,6
1293201,6
1045751,6
1281265,6
1085630,6
1017277,6
1040071,6
1198107,6
1093806,6
1285571,6
1034118,6
1151027,6
1167586,6
1215323,6
1139846,6
1218325,6
1217445,6
1140637,6
1251515,6
1273460,6
1005385,6
1044048,6
1212636,6
1094608,6
1039731,6
1286861,6
1131033,6
1295283,6
1155172,6
1299845,6
1306342,6
1184485,6
1140631,6
1078611,6
1139171,6
1304811,6
1074673,6
1098378,6
1092312,6
1203861,6
1171442,6
1030446,6
1159014,6
1162708,6
1308877,6
1175641,6
1224620,6
1148150,6
1007251,6
1208378,6
1177748,6
1001833,6
1114306,6
1268989,6
1307056,6
1262629,6
1131969,6
1209943,6
1314662,6
1323479,6
1130242,6
1260188,6
1034006,6
1032252,6
1294042,6
1092024,6
1170532,6
1186059,6
1257196,6
1000336,6
1002759,6
1089225,6
1162449,6
1136082,6
1171583,6
1124360,6
1058916,6
1268802,6
1265041,6
1283785,6
1163279,6
1166507,6
1261812,6
1171115,6
1124871,6
1250857,6
1121751,6
1083857,6
1223048,6
1035541,6
1294697,6
1214856,6
1293408,6
1112371,6
1137024,6
1058201,6
1003942,6
1168860,6
1325121,6
1026482,6
1128601,6
1193974,6
1028561,6
1145501,6
1018053,6
1158761,6
1321899,6
1158536,6
1292985,6
1292561,6
1116334,6
1245942,6
1301449,6
1029750,6
1009809,6
1086826,6
1304676,6
1187590,6
1086786,6
1218622,6
1103321,6
1089100,6
1053648,6
1278058,6
1103758,6
1283669,6
1120320,6
1005178,6
1278427,6
1304920,6
1256502,6
1122040,6
1268678,6
1250668,6
1072413,6
1034962,6
1294870,6
1062915,6
1233511,6
1140464,6
1001569,6
1073270,6
1108564,6
1314117,6
1150224,6
1325252,6
1111558,6
1063825,6
1194498,6
1306934,6
1025090,6
1066441,6
1153698,6
1012319,6
1170457,6
1285426,6
1193187,6
1296289,6
1193957,6
1205041,6
1205568,6
1290545,6
1038178,6
1221842,6
1119717,6
1080890,6
1122916,6
1261656,6
1125025,6
1202370,6
1220651,6
1139645,6
1194763,6
1152687,6
1258741,6
1165181,6
1227651,6
1050262,6
1270694,6
1165271,6
1296828,6
1178702,6
1290233,6
1012456,6
1221121,6
1069593,6
1251874,6
1149472,6
1252259,6
1179681,6
1044062,6
1207670,6
1120687,6
1214133,6
1176822,6
1186991,6
1236393,6
1026871,6
1274825,6
1091500,6
1197372,6
1223544,6
1320339,6
1004738,6
1293042,6
1264294,6
1228872,6
1008204,6
1308808,6
1189774,6
1147016,6
1310323,6
1026469,6
1061472,6
1316601,6
1291321,6
1294048,6
1222621,6
1266007,6
1106459,6
1235390,6
1316919,6
1210753,6
1067155,6
1223842,6
1170295,6
1005423,6
1153664,6
1284630,6
1266253,6
1317471,6
1001855,6
1085918,6
1029492,6
1264902,6
1300074,6
1207455,6
1212621,6
1090077,6
1299096,6
1062136,6
1314129,6
1002570,6
1275057,6
1086661,6
1130320,6
1024260,6
1052535,6
1293975,6
1317972,6
1153767,6
1164611,6
1124769,6
1292514,6
1039200,6
1131812,6
1324181,6
1216301,6
1011426,6
1238661,6
1245744,6
1006396,6
1199679,6
1283322,6
1131336,6
1008548,6
1024326,6
1036558,6
1112122,6
1210837,6
1010852,6
1283271,6
1089378,6
1080227,6
1220162,6
1309854,6
1223673,6
1197463,6
1208622,6
1050681,6
1019158,6
1271505,6
1171061,6
1147056,6
1055723,6
1024132,6
1210264,6
1148260,6
1191690,6
1110356,6
1007156,6
1209332,6
1114663,6
1164511,6
1034289,6
1314848,6
1209184,6
1102879,6
1066538,6
1194688,6
1276381,6
1133416,6
1243198,6
1115664,6
1144642,6
1204972,6
1192503,6
1133407,6
1088683,6
1259045,6
1174749,6
1301598,6
1126985,6
1125083,6
1090399,6
1166642,6
1061155,6
1031462,6
1228674,6
1019628,6
1128589,6
1186222,6
1013900,6
1185492,6
1243979,6
1182485,6
1304720,6
1194440,6
1173142,6
1236805,6
1308106,6
1315183,6
1311672,6
1198915,6
1104829,6
1228095,6
1165235,6
1142219,6
1019413,6
1302112,6
1271009,6
1232387,6
1317121,6
1318236,6
1145567,6
1092811,6
1153425,6
1223276,6
1093471,6
1026381,6
1062892,6
1022595,6
1067396,6
1086307,6
1003503,6
1110598,6
1226876,6
1014888,6
1121669,6
1096595,6
1048982,6
1298400,6
1305226,6
1008690,6
1042179,6
1173066,6
1109382,6
1183398,6
1054505,6
1058802,6
1040611,6
1250085,6
1164528,6
1228346,6
1300706,6
1152260,6
1107733,6
1234219,6
1289532,6
1014621,6
1249998,6
1157126,6
1139196,6
1219762,6
1081199,6
1140816,6
1320369,6
1193100,6
1130418,6
1083474,6
1144493,6
1253993,6
1126872,6
1146313,6
1254317,6
1137103,6
1060782,6
1307571,6
1095593,6
1202426,6
1267165,6
1186749,6
1191784,6
1053296,6
1232161,6
1165370,6
1121097,6
1102764,6
1247714,6
1237433,6
1154089,6
1217512,6
1275360,6
1264707,6
1214098,6
1005028,6
1304155,6
1062205,6
1240346,6
1317569,6
1123069,6
1114035,6
1154822,6
1244683,6
1316475,6
1055150,6
1157989,6
1116886,6
1177161,6
1127620,6
1178454,6
1252738,6
1088707,6
1147284,6
1106259,6
1043089,6
1237750,6
1318257,6
1301794,6
1149739,6
1054704,6
1017981,6
1193327,6
1114937,6
1086643,6
1007574,6
1134506,6
1264405,6
1234806,6
1233412,6
1047620,6
1182555,6
1157301,6
1032650,6
1301444,6
1151954,6
1175381,6
1085814,6
1034866,6
1310266,6
1036466,6
1079378,6
1218729,6
1156701,6
1059958,6
1125672,6
1132132,6
1221619,6
1011838,6
1024447,6
1107584,6
1051905,6
1261129,6
1189380,6
1109875,6
1061626,6
1162358,6
1009605,6
1081000,6
1274946,6
1212220,6
1247117,6
1256204,6
1063298,6
1150673,6
1226954,6
1013006,6
1093361,6
1301197,6
1087808,6
1057986,6
1187988,6
1031352,6
1251926,6
1295103,6
1188220,6
1157777,6
1078894,6
1280065,6
1174346,6
1141889,6
1246608,6
1116857,6
1165892,6
1269975,6
1303851,6
1131370,6
1292588,6
1324330,6
1087463,6
1041174,6
1296649,6
1097407,6
1195932,6
1054899,6
1134335,6
1043781,6
1053895,6
1005855,6
1023473,6
1126326,6
1174416,6
1315924,6
1315444,6
1202488,6
1153122,6
1082241,6
1065697,6
1140627,6
1213051,6
1110807,6
1277609,6
1117254,6
1034411,6
1238432,6
1080980,6
1062080,6
1306068,6
1288156,6
1292659,6
1258486,6
1285574,6
1103470,6
1187303,6
1232690,6
1135853,6
1127756,6
1223784,6
1165200,6
1219894,6
1118584,6
1235153,6
1165183,6
1005300,6
1160430,6
1158364,6
1025459,6
1113696,6
1193225,6
1110062,6
1134721,6
1140593,6
1082203,6
1150290,6
1015775,6
1302657,6
1069670,6
1151034,6
1292281,6
1282743,6
1185335,6
1234062,6
1145069,6
1323973,6
1072718,6
1175560,6
1125665,6
1127516,6
1067787,6
1181639,6
1242362,6
1046973,6
1152610,6
1259272,6
1117578,6
1101670,6
1306829,6
1087563,6
1277734,6
1235233,6
1103242,6
1056559,6
1011306,6
1282616,6
1052145,6
1089969,6
1262848,6
1053742,6
1218011,6
1269556,6
1149664,6
1197075,6
1167639,6
1300283,6
1241499,6
1266223,6
1009665,6
1146029,6
1133744,6
1216219,6
1304587,6
1192356,6
1147660,6
1282557,6
1148106,6
1252815,6
1216984,6
1087123,6
1198391,6
1171771,6
1247922,6
1166057,6
1295887,6
1219514,6
1050699,6
1135450,6
1036863,6
1131823,6
1122824,6
1295096,6
1289011,6
1261649,6
1144286,6
1319829,6
1101358,6
1219155,6
1298508,6
1212858,6
1004169,6
1147970,6
1099967,6
1126305,6
1014365,6
1105966,6
1007644,6
1021770,6
1129202,6
1192850,6
1072274,6
1201879,6
1126019,6
1212834,6
1272176,6
1213394,6
1237837,6
1171643,6
1236323,6
1293225,6
1114822,6
1091485,6
1236053,6
1290232,6
1254643,6
1063175,6
1064486,6
1154531,6
1240469,6
1295250,6
1255041,6
1221357,6
1272148,6
1185655,6
1113262,6
1003733,6
1247569,6
1240471,6
1209547,6
1304484,6
1272314,6
1123367,6
1265593,6
1314889,6
1278606,6
1241810,6
1211157,6
1050826,6
1050222,6
1165989,6
1089643,6
1102496,6
1237519,6
1255671,6
1145064,6
1185270,6
1021263,6
1160968,6
1238068,6
1020345,6
1301257,6
1014360,6
1223389,6
1275344,6
1095971,6
1175147,6
1042483,6
1163831,6
1303794,6
1024644,6
1126770,6
1074432,6
1301681,6
1123170,6
1018118,6
1260296,6
1071840,6
1106190,6
1271953,6
1183337,6
1049560,6
1110837,6
1106983,6
1110022,6
1049382,6
1079862,6
1162963,6
1018944,6
1279342,6
1300338,6
1060691,6
1164814,6
1005089,6
1117251,6
1182464,6
1130812,6
1150070,6
1085721,6
1276474,6
1176377,6
1088390,6
1041656,6
1005948,6
1240528,6
1163402,6
1308659,6
1270571,6
1123318,6
1268176,6
1209630,6
1099638,6
1161619,6
1124548,6
1065704,6
1235117,6
1197958,6
1223429,6
1026177,6
1220172,6
1215783,6
1132949,6
1027912,6
1065241,6
1005884,6
1281353,6
1216355,6
1263342,6
1179634,6
1024947,6
1038355,6
1066397,6
1259718,6
1110556,6
1202600,6
1243911,6
1027314,6
1283338,6
1324703,6
1197312,6
1306911,6
1262087,6
1187012,6
1007623,6
1045864,6
1037957,6
1228216,6
1112629,6
1044779,6
1261996,6
1186262,6
1137472,6
1142322,6
1008725,6
1204928,6
1222467,6
1295426,6
1027179,6
1087876,6
1059791,6
1170361,6
1289388,6
1236981,6
1127085,6
1118352,6
1163755,6
1112659,6
1051966,6
1253158,6
1142921,6
1311238,6
1057645,6
1300591,6
1250009,6
1189789,6
1029644,6
1022398,6
1156362,6
1083844,6
1268218,6
1198917,6
1246620,6
1098794,6
1321408,6
1273642,6
1255528,6
1172640,6
1004017,6
1121457,6
1323032,6
1031886,6
1055247,6
1090219,6
1016454,6
1244863,6
1077712,6
1253454,6
1196265,6
1229741,6
1196021,6
1320545,6
1312353,6
1242023,6
1166932,6
1050369,6
1022590,6
1128751,6
1108047,6
1076060,6
1088771,6
1317962,6
1136452,6
1272337,6
1315950,6
1271406,6
1151175,6
1306299,6
1254749,6
1323535,6
1201666,6
1127115,6
1257513,6
1211110,6
1275047,6
1092757,6
1013433,6
1140250,6
1217479,6
1254734,6
1176861,6
1297746,6
1279703,6
1220092,6
1221234,6
1034671,6
1234456,6
1138891,6
1192679,6
1121753,6
1209835,6
1079717,6
1063126,6
1317225,6
1054730,6
1000017,6
1172720,6
1072364,6
1047555,6
1242393,6
1095738,6
1157794,6
1102390,6
1148459,6
1289942,6
1056889,6
1043157,6
1107971,6
1135678,6
1302099,6
1303282,6
1001682,6
1099297,6
1026946,6
1239988,6
1302049,6
1185472,6
1299714,6
1196745,6
1113065,6
1051542,6
1017592,6
1020482,6
1166237,6
1267405,6
1085680,6
1297405,6
1096171,6
1047260,6
1321771,6
1212785,6
1243486,6
1120703,6
1153406,6
1232052,6
1246625,6
1092693,6
1049632,6
1084427,6
1310860,6
1308136,6
1117915,6
1167379,6
1085544,6
1254303,6
1312554,6
1292847,6
1095868,6
1030138,6
1258298,6
1276150,6
1210716,6
1269739,6
1027101,6
1092377,6
1079241,6
1267056,6
1018589,6
1320891,6
1149215,6
1084870,6
1012723,6
1213858,6
1060455,6
1158275,6
1270392,6
1086955,6
1074871,6
1177802,6
1191113,6
1051252,6
1220879,6
1128291,6
1264830,6
1224857,6
1196968,6
1198365,6
1170832,6
1302459,6
1262273,6
1163352,6
1252561,6
1002963,6
1202719,6
1234810,6
1057747,6
1215141,6
1176756,6
1234428,6
1004745,6
1120897,6
1157772,6
1055416,6
1147841,6
1120579,6
1245410,6
1203976,6
1038516,6
1005983,6
1312493,6
1034525,6
1181629,6
1147012,6
1079507,6
1096501,6
1108399,6
1069522,6
1026741,6
1073254,6
1274193,6
1151116,6
1125735,6
1317877,6
1104041,6
1281243,6
1091008,6
1261696,6
1313553,6
1119672,6
1206800,6
1146788,6
1146934,6
1031374,6
1076825,6
1155887,6
1163103,6
1130366,6
1273058,6
1183564,6
1052075,6
1299943,6
1008938,6
1006754,6
1242082,6
1110190,6
1143082,6
1064219,6
1003095,6
1319623,6
1154997,6
1192207,6
1077716,6
1171164,6
1267819,6
1197843,6
1189892,6
1115904,6
1186746,6
1190072,6
1303376,6
1231736,6
1203788,6
1229791,6
1283578,6
1310304,6
1089773,6
1029701,6
1141995,6
1043846,6
1210816,6
1085248,6
1277385,6
1225680,6
1183027,6
1009933,6
1278346,6
1266566,6
1314742,6
1094064,6
1179672,6
1067569,6
1067659,6
1198602,6
1257423,6
1079869,6
1229693,6
1071238,6
1034928,6
1316876,6
1055394,6
1289608,6
1131172,6
1162029,6
1089324,6
1040726,6
1323761,6
1091078,6
1092333,6
1295354,6
1070566,6
1080265,6
1004805,6
1126085,6
1026158,6
1284344,6
1274322,6
1161946,6
1093844,6
1266370,6
1158315,6
1227228,6
1205424,6
1285466,6
1214705,6
1151439,6
1276137,6
1198420,6
1099843,6
1257785,6
1082796,6
1292716,6
1069337,6
1102204,6
1061310,6
1232610,6
1251614,6
1140042,6
1199195,6
1257832,6
1020414,6
1199979,6
1120427,6
1199868,6
1223511,6
1224702,6
1203566,6
1083885,6
1153945,6
1128867,6
1279553,6
1013179,6
1322387,6
1316392,6
1285083,6
1316111,6
1008317,6
1153718,6
1299963,6
1128327,6
1143546,6
1070667,6
1262755,6
1000400,6
1099562,6
1151567,6
1129184,6
1245905,6
1077362,6
1054997,6
1242106,6
1319012,6
1090486,6
1253054,6
1310774,6
1255390,6
1100302,6
1054314,6
1179903,6
1151540,6
1121849,6
1027563,6
1131818,6
1035278,6
1237554,6
1160062,6
1317364,6
1211317,6
1243185,6
1106658,6
1071579,6
1241569,6
1229045,6
1151736,6
1227378,6
1062890,6
1004362,6
1146952,6
1050746,6
1270483,6
1232852,6
1125471,6
1135255,6
1110999,6
1316257,6
1302869,6
1027155,6
1130205,6
1003620,6
1170903,6
1033588,6
1013507,6
1217073,6
1006744,6
1228977,6
1131292,6
1215135,6
1135837,6
1115343,6
1094990,6
1177824,6
1045316,6
1016749,6
1234408,6
1013031,6
1212646,6
1292453,6
1288524,6
1097876,6
1133802,6
1070008,6
1073675,6
1194693,6
1315728,6
1243262,6
1222580,6
1095174,6
1150885,6
1177300,6
1258586,6
1060221,6
1280481,6
1079513,6
1141488,6
1184161,6
1236987,6
1089133,6
1028624,6
1116289,6
1111075,6
1102004,6
1019896,6
1145536,6
1271062,6
1283164,6
1228161,6
1213739,6
1115563,6
1109856,6
1037386,6
1244629,6
1102645,6
1180998,6
1315379,6
1194443,6
1288622,6
1276023,6
1227684,6
1303681,6
1018313,6
1108009,6
1290241,6
1046061,6
1122628,6
1140842,6
1314059,6
1069788,6
1197814,6
1181626,6
1231751,6
1188884,6
1123313,6
1122850,6
1157760,6
1303499,6
1055850,6
1160210,6
1166406,6
1245438,6
1253787,6
1057846,6
1196158,6
1189900,6
1177881,6
1242911,6
1021656,6
1275526,6
1029721,6
1239032,6
1189967,6
1207847,6
1171188,6
1302635,6
1017537,6
1308526,6
1015043,6
1325705,6
1240744,6
1277463,6
1190749,6
1287489,6
1267598,6
1053642,6
1145320,6
1020343,6
1078443,6
1229688,6
1123556,6
1314022,6
1164810,6
1068762,6
1003698,6
1180180,6
1113520,6
1082025,6
1156158,6
1192709,6
1036950,6
1122929,6
1095320,6
1240751,6
1081095,6
1308184,6
1255654,6
1131660,6
1134451,6
1103669,6
1068278,6
1211329,6
1280637,6
1032186,6
1204603,6
1235701,6
1309666,6
1044721,6
1254452,6
1252045,6
1069833,6
1033262,6
1206772,6
1289157,6
1204227,6
1228390,6
1307780,6
1047930,6
1232132,6
1066125,6
1258347,6
1011814,6
1212898,6
1295927,6
1139429,6
1124102,6
1081103,6
1266354,6
1287561,6
1198969,6
1061448,6
1138446,6
1284335,6
1322194,6
1210479,6
1082167,6
1173255,6
1250235,6
1211262,6
1315643,6
1225914,6
1119012,6
1028434,6
1211384,6
1109174,6
1023434,6
1159103,6
1321415,6
1148662,6
1044915,6
1106940,6
1074004,6
1213453,6
1196186,6
1172987,6
1322346,6
1312866,6
1297119,6
1074485,6
1266275,6
1313289,6
1272024,6
1277730,6
1079642,6
1201013,6
1304453,6
1183660,6
1165288,6
1142413,6
1009095,6
1149088,6
1142917,6
1212638,6
1039164,6
1113306,6
1199509,6
1051699,6
1220588,6
1083248,6
1049407,6
1146693,6
1254356,6
1147351,6
1097383,6
1259740,6
1205690,6
1034947,6
1132249,6
1218247,6
1251180,6
1233345,6
1277549,6
1274897,6
1260285,6
1274233,6
1066009,6
1300586,6
1302575,6
1176669,6
1069985,6
1319331,6
1301369,6
1162869,6
1158688,6
1152422,6
1274445,6
1016036,6
1097245,6
1306237,6
1231439,6
1049781,6
1074366,6
1194285,6
1063218,6
1050050,6
1013454,6
1162557,6
1152974,6
1003201,6
1022933,6
1033845,6
1233560,6
1067379,6
1225269,6
1089379,6
1069194,6
1184415,6
1047215,6
1187402,6
1089504,6
1101305,6
1030701,6
1087934,6
1106070,6
1067664,6
1314227,6
1081544,6
1229633,6
1036788,6
1089330,6
1050163,6
1019699,6
1319011,6
1268776,6
1143634,6
1038527,6
1072374,6
1316948,6
1215694,6
1050720,6
1209010,6
1179533,6
1170116,6
1142603,6
1165982,6
1244332,6
1103804,6
1203659,6
1177110,6
1023322,6
1181089,6
1303233,6
1191552,6
1219979,6
1045750,6
1203003,6
1185078,6
1022086,6
1037692,6
1053518,6
1196496,6
1178669,6
1054768,6
1253737,6
1081444,6
1318357,6
1241132,6
1316083,6
1262827,6
1017111,6
1075103,6
1280602,6
1115859,6
1220542,6
1102247,6
1206527,6
1228328,6
1120978,6
1314289,6
1065219,6
1201713,6
1279340,6
1131654,6
1145158,6
1133145,6
1296187,6
1265091,6
1126954,6
1024280,6
1185528,6
1197172,6
1206624,6
1238183,6
1090259,6
1036872,6
1192698,6
1007320,6
1310840,6
1320419,6
1094948,6
1097430,6
1019542,6
1098442,6
1228620,6
1281640,6
1132974,6
1023636,6
1128026,6
1083262,6
1261315,6
1311354,6
1165317,6
1089168,6
1031111,6
1204852,6
1008368,6
1029265,6
1218621,6
1145706,6
1154498,6
1047163,6
1286508,6
1098082,6
1177303,6
1214438,6
1233931,6
1152228,6
1310277,6
1150160,6
1271808,6
1118398,6
1077927,6
1291508,6
1198279,6
1321405,6
1229659,6
1250562,6
1124944,6
1128549,6
1187900,6
1209157,6
1039920,6
1113479,6
1092306,6
1297552,6
1120033,6
1300474,6
1313831,6
1135713,6
1310263,6
1318647,6
1032707,6
1039915,6
1213131,6
1004695,6
1142791,6
1296690,6
1150554,6
1067775,6
1298087,6
1167281,6
1075948,6
1249125,6
1030758,6
1193947,6
1321911,6
1245222,6
1261537,6
1131113,6
1004934,6
1305744,6
1197234,6
1181396,6
1040694,6
1100911,6
1228128,6
1080790,6
1174671,6
1198281,6
1170799,6
1259235,6
1079575,6
1126005,6
1274071,6
1117755,6
1239655,6
1269429,6
1224279,6
1099292,6
1090113,6
1269973,6
1036230,6
1078675,6
1107686,6
1238066,6
1205670,6
1141094,6
1235477,6
1216227,6
1105124,6
1208315,6
1243671,6
1130874,6
1244955,6
1264827,6
1064593,6
1156732,6
1308190,6
1290639,6
1071854,6
1093745,6
1276524,6
1094907,6
1092469,6
1242825,6
1273050,6
1248705,6
1074630,6
1218576,6
1137596,6
1231026,6
1304806,6
1273746,6
1128285,6
1234064,6
1030620,6
1042056,6
1264406,6
1323324,6
1008961,6
1087134,6
1320159,6
1284722,6
1291453,6
1297401,6
1112895,6
1013931,6
1280558,6
1040330,6
1012768,6
1109210,6
1102203,6
1129505,6
1133399,6
1141491,6
1088207,6
1317947,6
1244006,6
1293000,6
1141805,6
1209127,6
1062133,6
1237610,6
1046262,6
1025354,6
1313847,6
1067978,6
1026999,6
1295715,6
1024026,6
1116380,6
1271172,6
1131372,6
1299594,6
1186918,6
1147632,6
1150227,6
1041337,6
1232020,6
1006542,6
1233331,6
1031968,6
1216599,6
1100473,6
1241736,6
1316387,6
1293060,6
1307218,6
1055579,6
1127307,6
1010592,6
1210735,6
1278636,6
1162663,6
1264132,6
1219563,6
1028831,6
1228706,6
1298804,6
1192877,6
1204056,6
1294801,6
1303753,6
1323887,6
1309568,6
1324325,6
1301054,6
1178734,6
1083380,6
1050963,6
1154974,6
1308970,6
1235762,6
1302986,6
1103717,6
1141521,6
1030468,6
1204868,6
1069115,6
1167297,6
1064631,6
1309293,6
1011348,6
1117207,6
1310330,6
1135055,6
1151497,6
1106732,6
1261013,6
1238337,6
1005137,6
1002445,6
1188303,6
1153021,6
1060744,6
1153770,6
1232174,6
1281585,6
1117423,6
1130015,6
1284509,6
1278431,6
1153163,6
1140095,6
1099118,6
1290115,6
1266250,6
1143761,6
1309417,6
1250099,6
1240358,6
1182986,6
1297141,6
1294430,6
1276931,6
1207672,6
1197100,6
1031956,6
1226674,6
1258977,6
1210767,6
1003916,6
1074229,6
1190316,6
1213778,6
1318538,6
1182244,6
1026523,6
1048907,6
1087482,6
1290136,6
1033751,6
1324647,6
1113191,6
1225560,6
1140760,6
1049609,6
1194712,6
1025703,6
1151881,6
1067431,6
1310354,6
1100015,6
1267746,6
1312256,6
1253464,6
1168373,6
1187374,6
1120679,6
1222058,6
1221947,6
1052102,6
1012344,6
1009166,6
1084176,6
1024551,6
1319416,6
1145108,6
1001029,6
1220657,6
1167744,6
1285012,6
1231459,6
1274439,6
1130757,6
1114842,6
1156636,6
1278548,6
1139224,6
1121194,6
1087092,6
1249288,6
1256229,6
1308908,6
1305137,6
1200593,6
1209921,6
1008537,6
1006473,6
1184970,6
1277056,6
1002917,6
1321988,6
1204296,6
1109758,6
1193449,6
1071684,6
1246399,6
1030732,6
1022415,6
1163984,6
1062548,6
1260309,6
1151415,6
1030278,6
1079655,6
1231068,6
1316927,6
1087753,6
1302756,6
1170875,6
1078538,6
1034323,6
1108142,6
1063949,6
1273249,6
1052546,6
1295242,6
1114020,6
1156298,6
1072600,6
1191290,6
1316084,6
1254847,6
1010539,6
1048740,6
1096712,6
1125450,6
1201843,6
1147974,6
1243907,6
1193579,6
1060383,6
1060281,6
1128195,6
1019857,6
1321480,6
1124772,6
1093616,6
1095992,6
1160262,6
1027336,6
1273698,6
1137479,6
1123915,6
1192408,6
1034551,6
1097394,6
1274742,6
1086061,6
1069563,6
1123385,6
1182987,6
1161307,6
1116039,6
1267358,6
1182151,6
1025461,6
1269223,6
1192055,6
1263066,6
1226207,6
1120329,6
1026770,6
1166858,6
1016093,6
1226516,6
1296412,6
1135555,6
1242806,6
1010697,6
1095582,6
1211547,6
1032593,6
1322900,6
1309580,6
1062880,6
1032096,6
1223834,6
1142246,6
1152315,6
1100261,6
1023299,6
1002450,6
1076314,6
1175319,6
1021942,6
1066715,6
1077248,6
1306055,6
1117366,6
1051920,6
1045202,6
1072301,6
1066022,6
1225767,6
1214581,6
1195865,6
1180371,6
1209444,6
1114266,6
1021644,6
1323040,6
1183675,6
1301739,6
1104743,6
1057534,6
1305412,6
1156135,6
1315227,6
1043546,6
1072273,6
1089605,6
1272674,6
1109811,6
1228260,6
1321023,6
1185793,6
1252554,6
1271951,6
1227728,6
1134864,6
1290068,6
1152218,6
1319232,6
1013209,6
1083932,6
1072123,6
1016556,6
1305494,6
1119613,6
1047316,6
1120577,6
1046850,6
1155039,6
1015903,6
1030422,6
1178414,6
1051828,6
1001961,6
1123860,6
1069475,6
1201307,6
1008991,6
1080264,6
1230491,6
1123664,6
1246717,6
1154189,6
1253422,6
1123642,6
1184090,6
1129255,6
1095569,6
1179600,6
1026384,6
1132832,6
1309777,6
1121258,6
1305754,6
1162795,6
1104163,6
1316980,6
1193150,6
1133084,6
1109618,6
1059996,6
1163082,6
1230657,6
1302546,6
1217639,6
1017207,6
1261664,6
1081015,6
1215930,6
1180871,6
1203531,6
1154424,6
1185358,6
1066620,6
1194024,6
1320113,6
1073547,6
1251223,6
1308409,6
1213360,6
1256837,6
1005179,6
1165721,6
1261059,6
1282823,6
1225893,6
1100872,6
1277843,6
1307330,6
1013237,6
1122878,6
1065644,6
1159531,6
1005729,6
1026392,6
1136475,6
1025766,6
1100677,6
1075175,6
1018992,6
1088541,6
1076689,6
1015266,6
1242899,6
1009850,6
1224030,6
1214642,6
1215263,6
1199992,6
1259344,6
1211436,6
1027218,6
1176673,6
1241556,6
1162235,6
1116530,6
1184547,6
1205419,6
1145093,6
1254105,6
1123279,6
1173529,6
1032093,6
1001828,6
1225222,6
1023216,6
1099771,6
1099607,6
1180761,6
1304438,6
1058050,6
1308892,6
1187246,6
1007095,6
1143197,6
1147925,6
1009854,6
1091867,6
1045067,6
1032485,6
1152334,6
1192557,6
1098813,6
1217252,6
1248233,6
1317255,6
1273009,6
1088856,6
1223233,6
1123793,6
1129552,6
1124174,6
1038368,6
1286352,6
1291823,6
1224418,6
1147439,6
1079817,6
1018599,6
1252086,6
1061101,6
1285171,6
1092208,6
1321646,6
1289491,6
1289458,6
1202133,6
1321216,6
1202862,6
1067399,6
1194726,6
1121691,6
1141585,6
1237197,6
1126393,6
1017148,6
1105034,6
1305892,6
1160110,6
1025117,6
1183265,6
1113647,6
1016599,6
1278207,6
1096787,6
1076539,6
1207484,6
1136171,6
1226944,6
1006137,6
1009164,6
1322069,6
1317853,6
1073240,6
1293072,6
1303616,6
1185800,6
1075592,6
1157644,6
1110601,6
1027241,6
1016592,6
1051961,6
1261644,6
1038256,6
1157250,6
1027364,6
1081171,6
1255347,6
1257329,6
1320588,6
1198388,6
1028525,6
1199052,6
1321884,6
1195295,6
1106703,6
1189879,6
1128215,6
1064119,6
1084157,6
1320875,6
1251032,6
1271651,6
1081377,6
1263755,6
1033939,6
1110657,6
1186086,6
1155500,6
1116596,6
1208250,6
1098937,6
1146092,6
1293876,6
1200271,6
1144577,6
1061900,6
1080600,6
1325045,6
1000391,6
1182794,6
1219159,6
1193403,6
1127667,6
1021195,6
1318672,6
1148568,6
1135086,6
1241886,6
1024320,6
1316161,6
1287390,6
1103313,6
1225846,6
1315641,6
1303932,6
1276787,6
1072373,6
1100038,6
1059853,6
1282790,6
1306640,6
1063166,6
1165902,6
1147075,6
1053470,6
1150069,6
1039918,6
1115126,6
1199154,6
1090920,6
1320450,6
1285312,6
1261718,6
1023826,6
1288315,6
1215274,6
1139537,6
1000576,6
1292016,6
1119171,6
1293775,6
1073831,6
1043433,6
1155714,6
1315185,6
1096431,6
1098037,6
1002150,6
1058217,6
1174470,6
1016573,6
1093048,6
1142119,6
1235981,6
1175805,6
1117908,6
1053745,6
1045382,6
1179130,6
1295584,6
1047573,6
1270070,6
1053162,6
1016453,6
1065845,6
1157435,6
1167798,6
1284277,6
1204330,6
1313264,6
1132255,6
1053003,6
1134427,6
1008030,6
1322369,6
1090834,6
1286081,6
1325813,6
1203876,6
1021426,6
1175193,6
1310425,6
1037708,6
1266505,6
1145382,6
1153765,6
1135685,6
1318199,6
1182904,6
1252475,6
1130006,6
1144477,6
1005953,6
1276627,6
1289989,6
1090763,6
1299597,6
1136512,6
1237064,6
1172953,6
1258176,6
1193507,6
1171613,6
1099576,6
1045164,6
1242747,6
1099947,6
1177089,6
1105452,6
1151433,6
1168537,6
1207721,6
1318288,6
1005728,6
1005900,6
1110670,6
1036667,6
1024142,6
1100188,6
1311790,6
1087585,6
1278467,6
1018264,6
1148634,6
1284156,6
1045811,6
1050269,6
1320693,6
1198842,6
1196498,6
1294126,6
1287756,6
1153674,6
1049267,6
1262106,6
1228225,6
1068110,6
1096290,6
1231046,6
1265550,6
1302304,6
1198857,6
1102958,6
1057381,6
1233759,6
1123461,6
1274944,6
1271070,6
1095018,6
1279745,6
1322692,6
1145586,6
1034351,6
1092366,6
1143855,6
1290809,6
1120726,6
1258704,6
1283009,6
1089110,6
1108203,6
1120193,6
1124214,6
1204655,6
1289853,6
1135328,6
1111427,6
1250798,6
1065452,6
1311336,6
1113381,6
1240261,6
1087598,6
1181564,6
1019634,6
1250367,6
1068128,6
1027766,6
1029637,6
1191537,6
1310207,6
1259196,6
1301140,6
1294682,6
1181999,6
1032131,6
1304667,6
1070335,6
1260554,6
1050852,6
1131923,6
1163559,6
1155836,6
1033813,6
1153459,6
1238805,6
1054608,6
1025857,6
1027937,6
1029043,6
1041728,6
1321544,6
1295855,6
1225077,6
1256584,6
1248887,6
1210800,6
1318367,6
1182966,6
1082819,6
1127022,6
1132941,6
1105462,6
1066278,6
1146747,6
1054509,6
1132446,6
1215734,6
1211828,6
1087948,6
1233355,6
1074594,6
1176919,6
1205346,6
1152744,6
1159307,6
1249594,6
1148626,6
1187591,6
1024387,6
1322714,6
1204085,6
1321204,6
1173905,6
1188280,6
1279701,6
1288633,6
1056697,6
1180307,6
1224527,6
1301483,6
1007463,6
1056849,6
1004634,6
1193546,6
1292564,6
1305541,6
1210619,6
1241029,6
1110434,6
1232377,6
1040719,6
1219317,6
1254584,6
1315186,6
1016336,6
1177626,6
1310542,6
1299225,6
1280486,6
1059398,6
1313290,6
1123546,6
1132015,6
1191021,6
1211969,6
1305135,6
1055565,6
1157676,6
1007381,6
1275553,6
1145346,6
1307726,6
1028201,6
1089423,6
1090769,6
1161827,6
1177078,6
1144296,6
1164581,6
1038072,6
1174126,6
1071493,6
1060963,6
1191379,6
1116419,6
1122308,6
1038534,6
1204483,6
1116988,6
1230385,6
1177754,6
1138577,6
1195834,6
1081910,6
1102741,6
1218520,6
1059962,6
1169714,6
1304104,6
1223863,6
1089516,6
1022763,6
1001219,6
1185050,6
1087853,6
1274285,6
1062524,6
1323410,6
1093921,6
1141628,6
1093496,6
1179390,6
1073430,6
1259540,6
1016314,6
1269783,6
1280968,6
1018854,6
1044728,6
1308615,6
1213937,6
1304895,6
1109944,6
1210602,6
1120528,6
1288902,6
1139555,6
1258904,6
1207568,6
1220772,6
1245270,6
1244652,6
1076192,6
1003972,6
1135418,6
1090009,6
1034299,6
1077889,6
1106439,6
1039598,6
1264357,6
1096667,6
1036095,6
1198111,6
1157497,6
1105179,6
1210514,6
1073737,6
1283986,6
1320416,6
1109926,6
1128672,6
1148225,6
1063377,6
1321764,6
1159393,6
1123935,6
1173840,6
1226342,6
1021470,6
1083587,6
1324884,6
1137330,6
1152742,6
1176738,6
1023266,6
1271587,6
1230747,6
1223362,6
1003507,6
1100447,6
1174596,6
1206304,6
1034454,6
1068768,6
1152096,6
1129322,6
1312549,6
1137937,6
1030077,6
1010288,6
1064997,6
1019395,6
1166024,6
1127736,6
1007267,6
1191451,6
1241013,6
1180172,6
1100670,6
1301437,6
1277383,6
1033938,6
1000231,6
1125203,6
1197920,6
1199062,6
1141076,6
1231858,6
1206565,6
1294642,6
1020529,6
1275221,6
1047209,6
1081885,6
1020202,6
1072332,6
1213128,6
1064630,6
1205899,6
1286707,6
1267390,6
1222381,6
1079363,6
1051555,6
1283316,6
1223066,6
1070952,6
1004866,6
1290951,6
1316850,6
1055686,6
1290904,6
1237382,6
1257074,6
1223182,6
1314026,6
1144084,6
1016857,6
1158842,6
1244841,6
1126635,6
1190573,6
1311438,6
1140502,6
1272420,6
1066963,6
1043745,6
1286719,6
1157348,6
1209040,6
1048601,6
1029038,6
1197085,6
1032106,6
1174808,6
1286477,6
1261028,6
1185821,6
1006400,6
1201491,6
1022739,6
1175305,6
1289500,6
1066731,6
1119562,6
1040287,6
1283205,6
1250057,6
1315999,6
1074482,6
1324389,6
1243848,6
1032654,6
1230048,6
1186636,6
1323378,6
1316505,6
1236179,6
1260529,6
1129417,6
1180234,6
1300720,6
1192256,6
1108963,6
1165345,6
1037596,6
1325390,6
1051158,6
1188118,6
1143173,6
1152335,6
1255896,6
1279191,6
1058124,6
1166165,6
1197875,6
1050751,6
1323154,6
1070663,6
1260637,6
1312112,6
1184904,6
1165996,6
1283430,6
1193724,6
1054922,6
1147554,6
1268126,6
1305474,6
1003515,6
1141550,6
1228672,6
1142235,6
1108094,6
1295725,6
1034619,6
1093789,6
1012450,6
1045764,6
1144035,6
1314226,6
1277292,6
1102377,6
1124985,6
1299331,6
1085274,6
1001679,6
1003570,6
1129135,6
1022502,6
1011041,6
1186630,6
1210038,6
1276400,6
1301297,6
1105381,6
1062168,6
1119856,6
1033411,6
1239287,6
1090319,6
1074834,6
1230017,6
1026018,6
1016619,6
1040081,6
1177259,6
1293376,6
1061678,6
1185623,6
1054839,6
1268810,6
1295420,6
1132843,6
1317702,6
1187829,6
1186537,6
1094436,6
1258184,6
1135498,6
1319039,6
1138329,6
1262978,6
1119637,6
1057052,6
1325215,6
1296757,6
1099154,6
1131843,6
1069895,6
1054528,6
1307065,6
1211794,6
1307551,6
1124282,6
1287404,6
1319518,6
1065993,6
1061441,6
1015963,6
1113879,6
1126060,6
1280377,6
1228771,6
1295106,6
1019740,6
1189019,6
1085625,6
1299702,6
1003887,6
1199071,6
1019410,6
1260251,6
1042532,6
1042466,6
1035463,6
1108605,6
1132701,6
1070585,6
1161987,6
1162804,6
1279839,6
1188587,6
1295233,6
1045869,6
1284491,6
1120244,6
1006905,6
1271110,6
1037456,6
1117651,6
1068088,6
1037718,6
1194606,6
1218833,6
1174390,6
1299649,6
1190250,6
1231679,6
1037643,6
1216179,6
1130004,6
1265544,6
1170437,6
1270826,6
1122882,6
1017151,6
1105841,6
1011846,6
1025355,6
1121722,6
1189714,6
1249708,6
1254990,6
1170534,6
1097549,6
1261485,6
1260634,6
1192308,6
1302383,6
1184989,6
1004131,6
1247441,6
1288217,6
1187457,6
1239870,6
1081241,6
1105656,6
1094189,6
1263245,6
1252205,6
1212083,6
1084258,6
1075168,6
1155398,6
1305560,6
1206598,6
1191046,6
1272385,6
1254393,6
1007104,6
1172730,6
1187838,6
1068951,6
1164255,6
1256483,6
1317233,6
1250406,6
1189034,6
1057745,6
1234337,6
1123885,6
1121215,6
1159076,6
1325071,6
1189540,6
1243783,6
1030358,6
1002358,6
1118443,6
1049896,6
1006475,6
1125027,6
1276830,6
1118276,6
1043430,6
1135563,6
1309218,6
1076281,6
1186452,6
1085128,6
1253255,6
1322610,6
1209233,6
1181727,6
1186589,6
1255880,6
1283234,6
1189684,6
1167177,6
1069886,6
1286040,6
1137262,6
1105917,6
1066533,6
1089646,6
1315323,6
1279159,6
1131870,6
1024452,6
1032708,6
1104810,6
1076389,6
1177228,6
1274962,6
1259917,6
1190108,6
1276039,6
1069168,6
1210495,6
1185191,6
1087892,6
1198534,6
1197013,6
1047282,6
1091761,6
1251461,6
1149246,6
1050120,6
1008154,6
1236968,6
1160144,6
1165277,6
1045240,6
1240369,6
1010731,6
1264287,6
1166238,6
1188988,6
1305257,6
1266799,6
1274299,6
1124468,6
1005571,6
1193054,6
1095641,6
1245637,6
1278891,6
1139226,6
1158296,6
1253566,6
1131187,6
1198172,6
1075727,6
1180635,6
1193482,6
1027804,6
1028428,6
1168603,6
1164634,6
1022904,6
1007077,6
1049282,6
1242908,6
1012437,6
1322935,6
1251182,6
1177662,6
1154980,6
1119977,6
1122553,6
1297694,6
1141561,6
1125821,6
1076765,6
1100036,6
1276403,6
1313027,6
1175549,6
1118923,6
1280094,6
1274696,6
1089545,6
1212859,6
1213298,6
1180433,6
1131667,6
1081778,6
1149741,6
1261526,6
1013136,6
1120584,6
1239190,6
1152245,6
1117876,6
1206658,6
1285912,6
1183679,6
1032898,6
1094904,6
1269756,6
1160241,6
1034906,6
1251914,6
1074522,6
1300379,6
1323742,6
1225570,6
1209597,6
1312884,6
1223050,6
1313962,6
1055602,6
1290164,6
1102519,6
1219313,6
1062156,6
1268113,6
1076296,6
1015286,6
1304525,6
1203709,6
1126719,6
1182714,6
1245989,6
1163542,6
1307818,6
1180025,6
1065294,6
1018342,6
1093664,6
1045360,6
1057079,6
1309266,6
1079714,6
1256120,6
1286115,6
1173056,6
1272028,6
1061633,6
1174004,6
1050069,6
1017547,6
1192565,6
1164046,6
1114553,6
1102218,6
1143304,6
1306856,6
1311778,6
1218040,6
1095023,6
1209230,6
1088051,6
1009613,6
1200728,6
1270188,6
1127107,6
1126903,6
1185030,6
1116351,6
1086658,6
1277089,6
1196313,6
1003466,6
1132606,6
1044799,6
1262180,6
1258962,6
1093754,6
1237426,6
1202400,6
1208322,6
1084905,6
1113673,6
1100000,6
1088780,6
1252493,6
1105114,6
1035700,6
1181887,6
1147520,6
1220893,6
1090784,6
1006977,6
1119947,6
1203292,6
1319729,6
1307509,6
1208148,6
1085172,6
1021354,6
1079586,6
1050065,6
1134326,6
1078990,6
1157076,6
1200097,6
1134886,6
1324051,6
1304573,6
1220831,6
1236263,6
1079411,6
1076097,6
1086949,6
1134998,6
1179639,6
1032376,6
1163880,6
1146341,6
1101803,6
1218361,6
1319556,6
1118080,6
1058807,6
1175869,6
1147960,6
1232703,6
1010614,6
1134194,6
1133478,6
1061862,6
1203896,6
1091668,6
1107332,6
1085888,6
1044207,6
1056928,6
1261022,6
1037690,6
1160668,6
1211683,6
1271726,6
1159527,6
1143771,6
1316562,6
1038947,6
1284714,6
1024475,6
1230731,6
1274176,6
1304724,6
1242800,6
1267070,6
1138025,6
1208236,6
1019756,6
1236490,6
1112654,6
1296517,6
1145831,6
1016713,6
1200675,6
1305111,6
1273503,6
1052353,6
1213666,6
1280823,6
1000788,6
1293719,6
1236429,6
1131975,6
1194537,6
1253541,6
1167168,6
1323425,6
1196731,6
1050394,6
1065739,6
1322758,6
1112594,6
1252835,6
1146870,6
1135500,6
1171821,6
1217088,6
1046193,6
1108594,6
1027930,6
1003332,6
1179053,6
1007053,6
1135213,6
1096807,6
1290612,6
1291060,6
1170549,6
1190643,6
1303988,6
1174329,6
1226721,6
1060192,6
1146323,6
1137428,6
1221868,6
1078027,6
1070941,6
1245761,6
1218479,6
1073171,6
1155660,6
1005244,6
1117199,6
1228857,6
1191616,6
1204915,6
1067831,6
1127420,6
1019899,6
1280412,6
1121502,6
1142424,6
1236390,6
1307914,6
1254231,6
1116850,6
1269252,6
1266418,6
1138259,6
1187196,6
1240051,6
1226974,6
1001432,6
1201508,6
1173414,6
1073499,6
1234694,6
1014210,6
1258713,6
1233496,6
1059949,6
1086649,6
1191377,6
1054567,6
1320246,6
1100833,6
1073946,6
1254254,6
1162331,6
1051189,6
1032574,6
1070821,6
1156309,6
1278514,6
1092973,6
1064632,6
1147815,6
1248404,6
1128530,6
1240532,6
1282926,6
1232172,6
1191658,6
1301851,6
1297285,6
1240044,6
1085658,6
1011610,6
1121008,6
1104820,6
1187260,6
1140484,6
1159426,6
1021213,6
1124895,6
1132600,6
1275830,6
1231690,6
1112622,6
1291969,6
1211458,6
1143411,6
1127804,6
1014431,6
1215137,6
1017432,6
1200533,6
1005688,6
1280263,6
1155780,6
1237752,6
1293780,6
1267860,6
1173733,6
1269277,6
1080900,6
1111419,6
1001309,6
1125374,6
1022718,6
1062906,6
1285931,6
1291717,6
1214441,6
1070647,6
1189872,6
1297458,6
1187554,6
1176722,6
1044863,6
1125533,6
1172737,6
1040655,6
1258943,6
1005811,6
1270541,6
1283142,6
1119673,6
1071413,6
1297344,6
1071705,6
1240394,6
1137088,6
1216608,6
1116715,6
1306756,6
1225245,6
1080478,6
1204833,6
1270406,6
1287004,6
1145276,6
1255817,6
1109296,6
1013505,6
1131680,6
1170767,6
1210480,6
1041908,6
1038390,6
1152223,6
1232634,6
1108056,6
1042886,6
1096193,6
1043051,6
1102209,6
1124687,6
1222172,6
1273909,6
1089869,6
1040961,6
1289527,6
1138835,6
1215313,6
1113390,6
1294090,6
1296843,6
1041785,6
1135011,6
1290581,6
1176331,6
1100939,6
1309442,6
1321716,6
1142944,6
1150722,6
1285043,6
1114484,6
1151214,6
1322357,6
1080134,6
1061943,6
1148028,6
1196363,6
1264677,6
1254957,6
1323997,6
1170888,6
1269628,6
1241817,6
1051957,6
1121988,6
1077330,6
1160735,6
1207587,6
1156717,6
1084072,6
1223723,6
1074502,6
1216760,6
1283341,6
1138402,6
1199376,6
1226810,6
1237986,6
1181343,6
1256040,6
1016515,6
1111370,6
1209267,6
1190662,6
1260949,6
1023311,6
1309713,6
1095649,6
1271338,6
1292172,6
1115228,6
1045431,6
1101303,6
1086811,6
1157790,6
1273154,6
1283352,6
1008146,6
1020388,6
1069025,6
1054842,6
1212552,6
1189450,6
1307905,6
1268070,6
1040308,6
1205305,6
1316154,6
1122054,6
1241037,6
1227612,6
1291430,6
1060367,6
1246295,6
1036432,6
1201281,6
1291914,6
1300174,6
1010330,6
1229487,6
1002498,6
1081234,6
1013012,6
1309087,6
1064134,6
1023895,6
1003284,6
1241165,6
1194708,6
1250471,6
1014269,6
1136810,6
1262921,6
1093181,6
1254539,6
1056577,6
1005068,6
1229677,6
1112817,6
1234654,6
1226986,6
1212833,6
1301310,6
1113836,6
1097626,6
1162636,6
1028190,6
1090737,6
1279129,6
1231773,6
1301399,6
1190086,6
1076847,6
1080378,6
1166085,6
1196618,6
1042118,6
1215611,6
1203940,6
1274658,6
1053624,6
1279326,6
1023074,6
1207765,6
1071451,6
1177487,6
1044739,6
1093069,6
1058500,6
1040783,6
1125307,6
1216113,6
1283590,6
1192364,6
1249358,6
1198774,6
1093076,6
1195133,6
1312298,6
1138132,6
1095272,6
1292120,6
1147352,6
1324882,6
1248292,6
1257719,6
1009056,6
1199467,6
1065424,6
1237478,6
1238044,6
1294853,6
1211125,6
1238011,6
1018128,6
1139584,6
1197290,6
1189429,6
1182493,6
1090644,6
1239693,6
1182817,6
1040884,6
1249766,6
1221848,6
1187682,6
1128797,6
1128870,6
1094786,6
1264870,6
1132960,6
1045778,6
1022116,6
1105561,6
1087303,6
1124007,6
1305455,6
1164132,6
1169720,6
1021564,6
1314861,6
1144210,6
1111521,6
1121364,6
1296714,6
1206326,6
1266089,6
1119564,6
1210008,6
1205072,6
1254272,6
1145941,6
1107309,6
1131729,6
1213139,6
1322227,6
1144110,6
1244981,6
1110768,6
1006689,6
1087047,6
1144462,6
1244442,6
1308468,6
1042542,6
1051078,6
1044291,6
1072348,6
1138094,6
1057197,6
1222205,6
1301342,6
1067618,6
1030824,6
1006759,6
1258484,6
1143526,6
1165188,6
1197332,6
1238902,6
1317839,6
1294213,6
1222988,6
1317616,6
1218057,6
1272249,6
1157523,6
1213925,6
1121808,6
1120332,6
1269931,6
1224932,6
1231647,6
1277090,6
1190920,6
1047067,6
1014552,6
1028583,6
1188732,6
1173366,6
1308606,6
1085518,6
1171507,6
1219192,6
1314401,6
1128031,6
1019167,6
1202588,6
1189913,6
1028353,6
1171368,6
1293058,6
1292715,6
1048822,6
1148429,6
1173297,6
1173635,6
1195185,6
1102498,6
1268041,6
1146980,6
1187636,6
1249979,6
1077204,6
1054328,6
1166075,6
1310995,6
1273242,6
1141992,6
1069275,6
1190138,6
1138136,6
1012464,6
1207430,6
1027317,6
1064038,6
1319004,6
1134189,6
1051807,6
1002662,6
1031373,6
1154581,6
1019474,6
1218319,6
1318646,6
1187669,6
1097492,6
1179863,6
1314863,6
1219278,6
1302776,6
1214245,6
1235656,6
1258671,6
1047018,6
1181736,6
1086709,6
1318482,6
1236539,6
1212077,6
1257654,6
1051774,6
1040811,6
1127945,6
1287864,6
1116622,6
1157477,6
1012018,6
1228587,6
1144207,6
1047970,6
1183550,6
1241031,6
1176426,6
1075078,6
1141777,6
1016629,6
1140235,6
1090033,6
1028302,6
1008332,6
1303018,6
1250429,6
1000997,6
1125859,6
1061007,6
1228541,6
1283829,6
1095315,6
1247050,6
1132298,6
1008060,6
1066131,6
1019957,6
1061277,6
1274516,6
1265013,6
1288017,6
1176939,6
1114246,6
1164208,6
1057547,6
1029554,6
1212485,6
1135023,6
1101477,6
1025264,6
1315676,6
1188152,6
1206508,6
1165126,6
1053467,6
1153764,6
1221100,6
1072311,6
1185136,6
1035484,6
1009242,6
1279203,6
1243089,6
1173817,6
1040006,6
1204642,6
1239673,6
1272276,6
1158049,6
1126926,6
1050707,6
1081381,6
1322906,6
1194361,6
1221870,6
1208410,6
1009903,6
1176865,6
1235234,6
1239382,6
1135528,6
1289412,6
1022407,6
1319664,6
1076672,6
1039127,6
1117765,6
1048020,6
1167982,6
1129422,6
1258430,6
1123213,6
1266589,6
1246746,6
1209542,6
1227836,6
1320317,6
1113446,6
1232713,6
1017077,6
1252608,6
1005087,6
1016048,6
1255110,6
1260021,6
1112306,6
1319042,6
1317399,6
1235808,6
1211733,6
1056413,6
1114695,6
1192129,6
1043122,6
1202122,6
1180509,6
1259612,6
1158264,6
1044284,6
1245226,6
1246456,6
1097125,6
1226630,6
1273542,6
1161084,6
1221526,6
1196549,6
1091352,6
1146797,6
1144083,6
1223571,6
1017951,6
1189668,6
1115736,6
1081162,6
1324010,6
1276216,6
1000962,6
1227095,6
1322799,6
1104605,6
1272450,6
1193137,6
1308434,6
1032311,6
1021385,6
1101316,6
1162423,6
1211438,6
1176385,6
1319564,6
1308953,6
1199089,6
1221388,6
1016322,6
1103672,6
1305270,6
1154459,6
1072391,6
1185696,6
1262584,6
1110870,6
1235565,6
1157535,6
1307795,6
1140208,6
1245021,6
1006594,6
1171825,6
1057033,6
1036979,6
1317634,6
1204904,6
1004446,6
1045047,6
1288685,6
1160942,6
1120230,6
1264162,6
1011755,6
1032682,6
1123675,6
1295237,6
1053035,6
1275045,6
1265265,6
1250029,6
1213404,6
1145559,6
1155534,6
1062035,6
1139744,6
1204387,6
1181375,6
1214172,6
1135845,6
1237787,6
1301005,6
1126786,6
1064914,6
1046550,6
1269743,6
1261806,6
1004579,6
1201690,6
1114878,6
1175899,6
1217102,6
1274290,6
1030664,6
1315174,6
1165858,6
1196707,6
1259411,6
1174991,6
1243359,6
1281578,6
1096040,6
1144983,6
1214126,6
1185396,6
1120262,6
1265316,6
1285299,6
1146146,6
1293474,6
1186709,6
1210985,6
1083126,6
1177986,6
1126357,6
1052613,6
1087908,6
1187602,6
1135549,6
1043021,6
1324576,6
1003952,6
1214136,6
1246748,6
1204079,6
1011499,6
1037468,6
1310497,6
1161225,6
1276173,6
1126472,6
1250281,6
1168481,6
1235188,6
1075481,6
1005085,6
1263565,6
1138619,6
1320718,6
1040855,6
1128260,6
1151088,6
1196798,6
1306493,6
1060048,6
1132502,6
1006964,6
1212884,6
1202499,6
1287944,6
1073288,6
1214040,6
1259166,6
1198692,6
1067376,6
1254175,6
1057962,6
1210601,6
1176529,6
1017597,6
1221844,6
1309010,6
1164212,6
1126736,6
1295442,6
1234644,6
1237443,6
1079349,6
1194040,6
1195783,6
1027725,6
1269164,6
1302708,6
1177911,6
1087911,6
1091689,6
1195327,6
1228603,6
1096152,6
1272039,6
1195825,6
1263901,6
1008950,6
1304300,6
1193987,6
1066850,6
1034763,6
1065198,6
1169461,6
1136892,6
1306853,6
1200507,6
1052530,6
1027818,6
1173029,6
1224277,6
1141927,6
1215077,6
1128336,6
1063989,6
1271036,6
1022414,6
1249097,6
1198055,6
1265532,6
1251792,6
1193270,6
1003897,6
1190775,6
1176951,6
1036711,6
1121524,6
1299159,6
1015521,6
1258997,6
1108818,6
1234745,6
1183326,6
1181453,6
1192510,6
1311197,6
1095600,6
1262732,6
1208087,6
1317517,6
1016414,6
1272954,6
1314148,6
1086406,6
1077522,6
1001934,6
1183240,6
1204267,6
1319799,6
1110316,6
1187509,6
1048396,6
1051428,6
1097890,6
1198763,6
1059592,6
1177293,6
1306530,6
1179784,6
1263201,6
1017884,6
1134628,6
1286183,6
1214223,6
1323198,6
1318096,6
1309080,6
1196305,6
1029566,6
1320930,6
1237305,6
1087582,6
1152187,6
1192614,6
1282772,6
1085503,6
1177643,6
1209998,6
1085154,6
1079981,6
1267828,6
1001414,6
1178651,6
1085508,6
1013823,6
1152596,6
1089590,6
1046743,6
1068369,6
1200588,6
1226512,6
1094813,6
1303141,6
1146443,6
1227597,6
1014788,6
1018296,6
1219231,6
1102174,6
1074842,6
1049481,6
1003089,6
1156940,6
1232773,6
1071973,6
1273794,6
1097941,6
1286350,6
1221339,6
1030749,6
1233217,6
1158734,6
1296705,6
1306721,6
1252927,6
1099071,6
1290646,6
1185377,6
1280166,6
1008962,6
1250609,6
1038937,6
1202853,6
1262807,6
1102352,6
1117786,6
1078182,6
1276805,6
1268603,6
1311228,6
1086851,6
1128593,6
1227717,6
1149939,6
1248685,6
1311586,6
1028452,6
1268866,6
1053820,6
1313081,6
1250580,6
1039868,6
1298025,6
1092470,6
1222847,6
1009179,6
1302724,6
1186388,6
1206440,6
1195803,6
1157987,6
1324604,6
1199551,6
1261605,6
1088372,6
1117079,6
1155507,6
1161426,6
1021617,6
1155530,6
1218022,6
1289464,6
1018855,6
1153374,6
1055285,6
1227347,6
1254563,6
1048298,6
1285878,6
1060353,6
1008294,6
1112109,6
1269090,6
1302658,6
1031358,6
1262473,6
1090836,6
1228837,6
1124220,6
1219475,6
1196539,6
1187558,6
1038780,6
1065215,6
1277566,6
1086716,6
1036814,6
1297908,6
1276109,6
1139203,6
1325814,6
1178120,6
1042758,6
1261281,6
1303205,6
1275584,6
1293972,6
1275982,6
1281544,6
1047820,6
1002513,6
1158471,6
1176885,6
1084215,6
1015346,6
1272231,6
1186666,6
1115918,6
1089093,6
1242140,6
1190716,6
1138779,6
1314476,6
1225756,6
1160335,6
1004415,6
1031030,6
1077260,6
1315656,6
1325450,6
1047218,6
1261141,6
1076907,6
1148786,6
1321890,6
1215416,6
1041498,6
1258264,6
1264334,6
1050130,6
1074234,6
1040524,6
1158859,6
1047493,6
1159004,6
1129702,6
1103662,6
1104950,6
1161291,6
1118645,6
1190075,6
1207385,6
1032826,6
1295501,6
1031300,6
1304620,6
1115588,6
1160451,6
1090693,6
1292698,6
1210886,6
1199320,6
1021797,6
1204423,6
1316174,6
1191016,6
1277523,6
1239007,6
1206103,6
1249181,6
1029360,6
1090122,6
1309810,6
1160579,6
1207949,6
1279186,6
1066545,6
1176284,6
1279172,6
1285167,6
1140928,6
1123022,6
1145268,6
1291669,6
1162255,6
1044500,6
1244914,6
1232575,6
1133522,6
1221387,6
1220449,6
1272856,6
1050333,6
1025191,6
1031762,6
1002599,6
1307318,6
1236351,6
1318994,6
1258304,6
1110982,6
1278183,6
1013941,6
1285761,6
1244159,6
1088525,6
1198321,6
1276896,6
1201392,6
1264513,6
1027567,6
1097582,6
1288863,6
1141460,6
1027139,6
1175200,6
1036956,6
1174148,6
1165358,6
1255221,6
1277569,6
1258013,6
1220579,6
1245464,6
1229191,6
1226413,6
1049767,6
1324187,6
1070852,6
1002833,6
1060101,6
1284609,6
1077302,6
1051962,6
1013059,6
1215266,6
1084491,6
1284693,6
1051464,6
1178611,6
1246859,6
1162455,6
1115916,6
1255399,6
1145289,6
1215118,6
1289202,6
1310536,6
1178230,6
1047681,6
1269488,6
1217334,6
1030813,6
1235125,6
1258423,6
1227120,6
1196092,6
1051812,6
1187286,6
1072300,6
1013408,6
1135895,6
1218010,6
1029021,6
1021793,6
1120416,6
1168784,6
1088415,6
1310816,6
1125795,6
1176932,6
1314090,6
1239120,6
1012891,6
1166454,6
1079641,6
1177027,6
1049479,6
1258159,6
1267821,6
1198684,6
1227498,6
1069503,6
1312735,6
1197304,6
1147396,6
1289117,6
1054036,6
1182006,6
1265819,6
1083119,6
1191853,6
1261128,6
1166133,6
1109515,6
1060348,6
1286963,6
1211451,6
1091496,6
1023323,6
1043470,6
1213194,6
1187493,6
1202878,6
1301834,6
1219915,6
1325760,6
1007402,6
1002475,6
1286101,6
1183330,6
1059081,6
1021933,6
1217497,6
1247078,6
1081153,6
1171761,6
1071849,6
1234673,6
1249990,6
1264117,6
1057448,6
1049661,6
1112499,6
1165451,6
1251847,6
1306769,6
1275599,6
1057863,6
1033913,6
1069693,6
1191587,6
1259219,6
1180106,6
1221981,6
1145164,6
1250392,6
1006267,6
1247473,6
1241931,6
1126272,6
1315330,6
1262480,6
1319574,6
1027882,6
1015302,6
1207992,6
1074161,6
1272573,6
1264197,6
1119445,6
1020823,6
1162007,6
1150141,6
1029090,6
1192291,6
1211111,6
1000887,6
1157180,6
1212669,6
1118763,6
1181728,6
1167448,6
1129052,6
1285952,6
1004883,6
1002624,6
1112277,6
1104139,6
1132734,6
1001895,6
1082699,6
1071192,6
1097803,6
1049965,6
1266609,6
1230184,6
1162641,6
1140139,6
1165554,6
1262761,6
1220333,6
1113359,6
1116220,6
1058651,6
1281490,6
1046294,6
1022227,6
1240855,6
1172246,6
1237476,6
1209378,6
1075311,6
1115082,6
1278500,6
1258754,6
1158224,6
1153267,6
1314723,6
1120215,6
1091398,6
1105096,6
1042004,6
1131282,6
1161546,6
1323825,6
1017091,6
1168013,6
1000442,6
1084763,6
1231508,6
1141938,6
1101526,6
1081864,6
1229696,6
1038460,6
1289977,6
1316309,6
1071478,6
1108611,6
1115870,6
1097463,6
1300580,6
1175246,6
1280947,6
1091972,6
1242415,6
1003915,6
1252513,6
1039503,6
1313231,6
1260607,6
1240474,6
1055006,6
1051257,6
1273138,6
1116154,6
1107582,6
1114141,6
1311327,6
1264909,6
1283806,6
1170893,6
1187212,6
1071078,6
1171024,6
1116298,6
1166074,6
1152282,6
1023048,6
1072094,6
1097007,6
1287806,6
1063467,6
1156959,6
1056394,6
1104807,6
1164261,6
1302344,6
1067604,6
1203873,6
1053781,6
1100616,6
1298778,6
1010831,6
1035864,6
1104375,6
1154912,6
1154338,6
1280728,6
1208565,6
1066697,6
1124665,6
1077991,6
1022920,6
1149220,6
1003396,6
1170562,6
1048816,6
1199721,6
1101635,6
1024776,6
1166451,6
1058426,6
1138012,6
1163534,6
1109373,6
1231770,6
1323477,6
1044635,6
1257940,6
1067953,6
1258320,6
1023420,6
1022399,6
1244262,6
1244361,6
1150629,6
1124589,6
1147733,6
1032292,6
1194405,6
1125419,6
1286140,6
1145431,6
1092631,6
1238997,6
1275985,6
1210864,6
1144590,6
1176903,6
1040403,6
1124753,6
1078103,6
1190332,6
1115271,6
1066255,6
1052106,6
1233574,6
1056658,6
1052980,6
1051531,6
1030370,6
1216860,6
1214985,6
1030502,6
1124394,6
1272275,6
1220284,6
1089149,6
1169790,6
1073978,6
1070015,6
1289504,6
1019270,6
1135610,6
1092548,6
1013146,6
1296160,6
1291308,6
1257322,6
1224506,6
1186996,6
1248784,6
1174695,6
1240285,6
1313724,6
1195017,6
1088260,6
1282751,6
1264182,6
1205834,6
1074405,6
1176268,6
1171977,6
1097952,6
1041186,6
1015025,6
1174344,6
1018486,6
1277632,6
1298307,6
1256548,6
1076167,6
1011921,6
1083622,6
1085806,6
1188924,6
1280371,6
1173358,6
1204027,6
1093173,6
1075831,6
1071374,6
1024316,6
1190010,6
1168885,6
1145596,6
1177936,6
1224627,6
1294563,6
1034997,6
1008053,6
1029216,6
1255783,6
1200802,6
1076399,6
1074290,6
1257307,6
1254661,6
1102002,6
1199282,6
1155296,6
1308317,6
1074356,6
1041349,6
1256086,6
1046150,6
1099477,6
1240769,6
1038382,6
1040360,6
1225120,6
1319450,6
1289349,6
1306682,6
1299917,6
1230145,6
1229345,6
1018762,6
1120633,6
1162403,6
1289248,6
1286106,6
1322609,6
1083415,6
1299491,6
1185804,6
1216907,6
1020760,6
1233912,6
1311509,6
1073999,6
1094428,6
1319551,6
1004795,6
1103566,6
1061445,6
1044143,6
1100451,6
1064735,6
1180536,6
1001561,6
1257434,6
1223072,6
1299934,6
1318229,6
1114189,6
1097039,6
1122835,6
1076376,6
1104712,6
1322195,6
1113019,6
1205654,6
1224825,6
1160126,6
1012143,6
1245588,6
1183375,6
1221498,6
1095493,6
1164355,6
1220653,6
1068190,6
1099650,6
1207301,6
1097291,6
1200396,6
1290816,6
1304388,6
1276434,6
1144817,6
1061164,6
1139642,6
1255048,6
1261799,6
1034246,6
1022621,6
1216969,6
1320475,6
1124668,6
1123765,6
1289329,6
1240076,6
1059192,6
1102487,6
1066988,6
1286425,6
1162113,6
1048672,6
1087993,6
1228851,6
1181372,6
1197292,6
1230570,6
1155635,6
1246075,6
1220751,6
1281513,6
1281377,6
1310811,6
1304310,6
1023721,6
1313226,6
1194779,6
1046278,6
1099038,6
1244667,6
1314207,6
1112697,6
1085925,6
1063468,6
1151154,6
1088522,6
1083963,6
1266113,6
1103762,6
1242816,6
1153407,6
1092595,6
1078818,6
1238813,6
1184199,6
1155958,6
1175303,6
1193710,6
1183157,6
1310406,6
1136530,6
1291347,6
1318032,6
1288048,6
1023263,6
1160268,6
1066120,6
1291907,6
1179933,6
1210924,6
1017855,6
1203471,6
1067610,6
1079492,6
1234755,6
1163903,6
1019712,6
1168492,6
1214182,6
1298481,6
1203140,6
1236523,6
1233743,6
1197197,6
1256406,6
1284150,6
1063537,6
1071204,6
1020757,6
1314801,6
1204979,6
1272749,6
1274682,6
1106863,6
1259422,6
1240765,6
1279259,6
1295739,6
1048017,6
1073573,6
1205465,6
1300582,6
1204021,6
1122375,6
1001980,6
1003331,6
1287576,6
1196852,6
1068988,6
1283676,6
1071975,6
1198236,6
1163908,6
1096065,6
1116649,6
1162891,6
1235626,6
1314946,6
1112543,6
1271244,6
1176665,6
1031613,6
1003381,6
1114861,6
1239039,6
1288298,6
1267264,6
1047715,6
1220953,6
1051654,6
1185313,6
1176966,6
1007035,6
1213288,6
1051823,6
1061802,6
1189700,6
1172132,6
1291349,6
1287692,6
1169636,6
1075678,6
1084208,6
1254891,6
1146713,6
1194966,6
1304413,6
1016593,6
1225884,6
1251762,6
1252820,6
1262153,6
1049730,6
1104390,6
1246790,6
1309954,6
1013286,6
1146434,6
1013716,6
1277402,6
1138648,6
1146293,6
1324061,6
1111493,6
1007992,6
1127646,6
1089352,6
1086272,6
1251116,6
1078176,6
1197465,6
1065874,6
1047092,6
1224755,6
1043087,6
1285470,6
1069065,6
1306628,6
1306574,6
1069342,6
1172486,6
1311625,6
1204162,6
1095264,6
1090544,6
1047457,6
1027677,6
1234909,6
1306720,6
1097929,6
1279173,6
1017488,6
1254818,6
1295891,6
1162302,6
1008360,6
1105910,6
1296242,6
1247571,6
1249277,6
1140550,6
1115341,6
1204716,6
1154426,6
1144506,6
1272727,6
1038220,6
1093690,6
1248462,6
1149475,6
1059859,6
1163523,6
1047986,6
1250055,6
1120251,6
1191867,6
1107483,6
1159775,6
1204151,6
1166650,6
1310929,6
1301438,6
1078804,6
1160101,6
1210679,6
1056000,6
1019511,6
1174028,6
1033557,6
1024187,6
1118240,6
1221930,6
1061640,6
1110736,6
1167009,6
1206279,6
1012884,6
1255326,6
1247948,6
1153508,6
1245804,6
1202508,6
1251863,6
1295252,6
1156817,6
1073299,6
1300489,6
1275843,6
1016151,6
1243964,6
1090863,6
1295438,6
1147424,6
1170188,6
1279485,6
1223731,6
1299304,6
1321317,6
1215829,6
1205640,6
1064865,6
1209598,6
1162814,6
1235272,6
1083814,6
1148796,6
1022528,6
1287405,6
1000924,6
1299426,6
1188758,6
1020696,6
1314943,6
1226114,6
1132276,6
1289203,6
1287891,6
1185154,6
1248772,6
1139566,6
1183593,6
1104529,6
1102505,6
1264179,6
1162771,6
1224350,6
1112106,6
1130983,6
1026945,6
1261335,6
1073696,6
1239909,6
1207611,6
1095217,6
1150739,6
1227383,6
1003665,6
1135080,6
1299324,6
1114527,6
1037526,6
1299314,6
1066935,6
1174923,6
1245022,6
1110349,6
1298605,6
1100900,6
1318063,6
1139989,6
1235729,6
1168572,6
1098655,6
1143655,6
1074119,6
1223759,6
1152363,6
1019085,6
1293378,6
1249011,6
1010717,6
1079343,6
1204189,6
1128264,6
1183338,6
1126189,6
1159852,6
1236732,6
1152947,6
1186158,6
1112464,6
1085327,6
1108272,6
1073217,6
1118516,6
1121810,6
1080039,6
1224475,6
1084611,6
1251596,6
1295710,6
1222704,6
1064072,6
1190483,6
1179061,6
1244364,6
1242397,6
1074248,6
1005971,6
1314374,6
1293181,6
1120904,6
1133017,6
1049538,6
1179045,6
1126068,6
1176051,6
1234213,6
1159956,6
1103794,6
1322834,6
1092959,6
1108304,6
1299389,6
1200298,6
1058708,6
1017604,6
1304574,6
1171694,6
1144714,6
1045153,6
1092732,6
1261857,6
1129605,6
1007666,6
1105382,6
1124268,6
1118462,6
1178785,6
1276130,6
1220459,6
1215287,6
1120802,6
1280146,6
1025007,6
1315622,6
1213537,6
1176112,6
1104206,6
1137402,6
1076594,6
1158365,6
1020240,6
1105089,6
1164416,6
1254347,6
1118089,6
1050910,6
1157460,6
1291153,6
1126127,6
1094065,6
1284765,6
1058512,6
1113460,6
1182230,6
1165222,6
1014043,6
1121005,6
1046506,6
1134853,6
1257283,6
1067081,6
1293136,6
1144949,6
1076390,6
1242605,6
1074723,6
1044929,6
1076859,6
1161322,6
1238658,6
1236364,6
1005397,6
1065085,6
1075380,6
1238418,6
1058344,6
1244525,6
1136573,6
1029902,6
1317264,6
1194278,6
1108116,6
1050884,6
1104403,6
1220705,6
1217712,6
1207284,6
1252422,6
1188119,6
1313323,6
1307935,6
1078641,6
1165128,6
1317208,6
1056103,6
1216148,6
1008422,6
1079395,6
1051211,6
1040444,6
1177360,6
1078968,6
1280864,6
1280381,6
1093331,6
1041743,6
1271456,6
1139985,6
1267150,6
1087975,6
1129324,6
1304025,6
1303273,6
1049811,6
1074319,6
1165549,6
1247639,6
1232171,6
1168741,6
1087252,6
1036172,6
1047672,6
1277008,6
1135538,6
1118395,6
1206860,6
1192349,6
1023574,6
1147730,6
1265227,6
1319869,6
1167732,6
1300421,6
1203997,6
1289809,6
1256676,6
1194442,6
1087383,6
1134500,6
1178494,6
1022977,6
1017298,6
1211543,6
1042531,6
1160807,6
1150960,6
1252879,6
1018904,6
1114776,6
1248115,6
1271809,6
1305686,6
1052965,6
1212866,6
1237791,6
1160859,6
1228240,6
1011084,6
1107706,6
1245714,6
1179905,6
1029918,6
1229057,6
1257327,6
1087265,6
1097804,6
1154464,6
1130979,6
1028290,6
1042501,6
1148738,6
1112150,6
1285909,6
1313830,6
1264822,6
1152666,6
1108739,6
1044687,6
1309413,6
1263328,6
1055504,6
1223475,6
1119711,6
1134174,6
1015432,6
1254477,6
1004823,6
1068939,6
1031394,6
1041900,6
1158982,6
1038466,6
1308741,6
1236159,6
1211194,6
1134199,6
1313298,6
1003746,6
1240345,6
1090455,6
1181344,6
1143820,6
1043169,6
1069867,6
1229241,6
1174574,6
1114745,6
1075743,6
1168451,6
1098853,6
1302667,6
1215032,6
1039527,6
1188482,6
1168539,6
1110719,6
1045636,6
1304144,6
1037369,6
1141691,6
1020840,6
1023696,6
1257468,6
1215828,6
1015788,6
1172174,6
1285020,6
1173920,6
1015579,6
1291363,6
1041201,6
1239499,6
1214955,6
1119933,6
1132871,6
1016506,6
1267266,6
1226949,6
1151541,6
1002295,6
1061524,6
1006959,6
1166052,6
1025363,6
1304100,6
1202579,6
1036229,6
1045272,6
1138579,6
1036121,6
1321118,6
1081459,6
1322028,6
1053330,6
1290262,6
1325404,6
1220610,6
1246369,6
1043090,6
1240473,6
1283772,6
1292763,6
1122036,6
1232982,6
1003256,6
1185457,6
1220624,6
1052425,6
1156111,6
1316682,6
1281941,6
1229749,6
1228446,6
1237900,6
1053720,6
1243096,6
1086511,6
1228908,6
1175206,6
1274077,6
1047661,6
1033887,6
1159510,6
1233483,6
1191549,6
1059564,6
1018185,6
1311289,6
1242124,6
1205722,6
1229115,6
1273049,6
1247172,6
1050824,6
1178942,6
1026626,6
1046486,6
1225970,6
1166336,6
1135806,6
1152428,6
1290475,6
1214525,6
1117710,6
1225095,6
1001798,6
1262638,6
1291889,6
1106910,6
1248741,6
1243481,6
1016770,6
1005451,6
1047392,6
1047024,6
1044771,6
1247426,6
1132294,6
1247471,6
1298057,6
1162248,6
1110487,6
1133321,6
1303691,6
1202275,6
1134890,6
1279300,6
1052388,6
1180537,6
1046325,6
1014877,6
1179274,6
1214312,6
1316621,6
1226421,6
1123763,6
1185642,6
1306313,6
1034574,6
1090662,6
1230306,6
1144993,6
1006888,6
1025179,6
1282575,6
1076616,6
1129896,6
1043278,6
1211061,6
1117056,6
1132007,6
1312638,6
1208818,6
1070471,6
1008102,6
1178903,6
1234960,6
1309396,6
1035504,6
1282962,6
1276588,6
1185946,6
1112726,6
1001927,6
1175691,6
1145308,6
1038438,6
1111511,6
1266856,6
1176704,6
1223860,6
1086993,6
1088528,6
1186826,6
1045488,6
1200949,6
1271780,6
1229185,6
1178447,6
1237813,6
1158023,6
1201894,6
1205703,6
1159153,6
1031622,6
1152236,6
1272051,6
1214159,6
1267794,6
1225082,6
1193466,6
1101272,6
1139548,6
1001364,6
1102877,6
1086409,6
1259865,6
1176246,6
1090598,6
1168380,6
1291710,6
1252917,6
1292116,6
1034222,6
1221170,6
1172060,6
1161552,6
1311796,6
1000775,6
1236980,6
1290654,6
1199925,6
1078698,6
1122785,6
1136379,6
1084964,6
1240714,6
1185464,6
1064143,6
1168179,6
1079133,6
1052124,6
1197217,6
1087879,6
1025424,6
1019762,6
1208030,6
1060723,6
1140179,6
1175021,6
1092332,6
1310652,6
1314423,6
1252551,6
1163764,6
1142076,6
1177309,6
1065336,6
1131630,6
1033943,6
1288093,6
1196097,6
1294299,6
1043002,6
1300296,6
1108958,6
1000247,6
1155335,6
1073395,6
1087985,6
1290981,6
1302320,6
1096469,6
1278876,6
1212095,6
1025770,6
1081514,6
1213802,6
1264249,6
1259286,6
1249865,6
1103255,6
1205626,6
1144920,6
1122887,6
1293934,6
1084378,6
1234609,6
1272360,6
1187608,6
1188473,6
1244021,6
1293993,6
1053962,6
1263039,6
1209294,6
1036244,6
1101839,6
1109017,6
1047355,6
1186005,6
1248207,6
1015050,6
1309796,6
1209567,6
1103546,6
1055941,6
1037738,6
1039399,6
1193965,6
1066933,6
1226859,6
1086501,6
1269169,6
1111347,6
1216391,6
1042622,6
1009362,6
1302530,6
1248355,6
1074454,6
1075355,6
1171415,6
1088322,6
1106672,6
1026586,6
1054522,6
1055593,6
1080691,6
1065803,6
1209122,6
1302611,6
1160580,6
1020901,6
1194640,6
1285576,6
1105028,6
1100918,6
1133963,6
1301155,6
1164562,6
1104177,6
1179117,6
1280787,6
1245582,6
1237889,6
1086128,6
1256037,6
1312312,6
1243971,6
1134142,6
1031256,6
1062008,6
1120440,6
1304332,6
1029393,6
1099337,6
1258818,6
1015398,6
1297196,6
1241015,6
1279670,6
1289062,6
1155331,6
1228875,6
1250141,6
1310237,6
1237943,6
1296108,6
1261766,6
1107339,6
1179230,6
1201872,6
1104972,6
1178378,6
1210146,6
1212054,6
1135075,6
1063734,6
1302691,6
1260592,6
1006120,6
1134693,6
1211675,6
1101239,6
1216492,6
1029479,6
1269130,6
1309630,6
1191092,6
1283952,6
1021073,6
1232537,6
1311674,6
1188362,6
1319198,6
1262399,6
1132740,6
1072548,6
1013725,6
1275427,6
1226287,6
1293789,6
1315034,6
1132368,6
1043177,6
1264984,6
1084191,6
1067236,6
1133949,6
1169699,6
1031045,6
1193184,6
1220493,6
1098625,6
1069856,6
1301393,6
1280943,6
1133686,6
1275928,6
1213138,6
1042024,6
1285949,6
1176611,6
1134524,6
1222637,6
1049232,6
1231567,6
1014193,6
1254446,6
1110811,6
1121000,6
1226763,6
1117370,6
1175850,6
1056288,6
1240242,6
1083242,6
1265539,6
1158248,6
1192995,6
1241034,6
1126275,6
1044507,6
1021415,6
1132777,6
1083555,6
1230329,6
1218748,6
1240496,6
1220460,6
1014438,6
1248144,6
1248683,6
1049000,6
1071095,6
1234328,6
1229199,6
1170844,6
1310508,6
1261383,6
1093324,6
1031408,6
1187942,6
1279037,6
1080883,6
1219386,6
1135926,6
1169119,6
1237421,6
1123388,6
1134929,6
1171600,6
1265753,6
1090583,6
1291693,6
1065958,6
1000862,6
1072933,6
1308866,6
1133915,6
1060716,6
1262544,6
1017325,6
1111227,6
1224231,6
1322024,6
1089771,6
1263743,6
1237067,6
1089126,6
1269012,6
1058470,6
1058056,6
1042560,6
1035687,6
1044762,6
1064371,6
1233763,6
1244063,6
1320447,6
1078752,6
1180477,6
1132195,6
1179372,6
1255470,6
1215321,6
1071406,6
1030015,6
1175191,6
1281872,6
1145872,6
1184410,6
1156410,6
1216458,6
1080617,6
1184908,6
1222472,6
1209274,6
1104030,6
1271108,6
1282239,6
1239276,6
1026270,6
1289274,6
1254234,6
1012371,6
1147981,6
1069662,6
1231612,6
1012336,6
1105881,6
1221314,6
1124355,6
1219970,6
1236192,6
1214818,6
1267841,6
1307423,6
1077847,6
1049910,6
1007708,6
1323333,6
1310565,6
1158194,6
1037343,6
1216926,6
1275567,6
1221149,6
1002430,6
1221681,6
1137965,6
1214218,6
1143240,6
1062314,6
1108625,6
1264716,6
1202012,6
1059092,6
1142085,6
1019461,6
1174705,6
1280010,6
1253878,6
1021406,6
1165296,6
1009350,6
1224933,6
1089332,6
1142042,6
1113126,6
1268293,6
1299615,6
1127798,6
1017883,6
1262599,6
1071796,6
1248053,6
1053455,6
1310006,6
1105437,6
1050922,6
1047719,6
1222331,6
1293279,6
1046996,6
1053174,6
1305797,6
1171106,6
1234740,6
1024018,6
1115463,6
1045014,6
1011429,6
1257166,6
1210340,6
1007125,6
1316814,6
1130397,6
1307164,6
1093476,6
1290943,6
1249836,6
1289049,6
1302051,6
1096035,6
1022195,6
1205645,6
1134244,6
1081953,6
1083390,6
1105724,6
1270988,6
1110604,6
1066586,6
1243322,6
1285667,6
1004734,6
1316088,6
1022970,6
1185686,6
1117446,6
1018165,6
1109446,6
1211906,6
1208669,6
1153171,6
1263059,6
1167691,6
1094234,6
1234070,6
1135965,6
1006331,6
1047533,6
1317119,6
1177189,6
1101680,6
1074637,6
1100876,6
1179990,6
1136302,6
1323243,6
1307019,6
1250416,6
1203738,6
1076996,6
1171269,6
1059190,6
1060918,6
1303830,6
1242565,6
1267992,6
1128223,6
1257385,6
1323786,6
1250396,6
1105175,6
1253125,6
1195918,6
1190678,6
1253113,6
1296913,6
1115833,6
1301331,6
1106369,6
1139453,6
1256053,6
1122380,6
1187413,6
1121867,6
1258061,6
1251672,6
1130122,6
1045158,6
1004938,6
1230625,6
1141770,6
1171631,6
1065061,6
1237110,6
1281512,6
1139579,6
1202418,6
1198912,6
1111523,6
1005285,6
1165842,6
1295202,6
1145419,6
1278600,6
1064405,6
1058398,6
1258626,6
1233884,6
1216959,6
1113018,6
1054251,6
1181855,6
1127573,6
1189660,6
1309485,6
1169242,6
1200321,6
1056343,6
1171432,6
1205572,6
1170756,6
1139057,6
1184012,6
1179787,6
1178609,6
1192263,6
1228424,6
1013925,6
1144476,6
1254992,6
1226843,6
1246673,6
1314191,6
1045833,6
1151694,6
1290852,6
1258366,6
1094599,6
1306402,6
1306838,6
1105385,6
1191542,6
1062202,6
1030942,6
1146362,6
1145451,6
1275378,6
1209534,6
1179287,6
1237088,6
1231038,6
1068592,6
1157088,6
1080456,6
1292032,6
1222656,6
1056406,6
1296488,6
1293119,6
1277538,6
1117161,6
1016540,6
1013952,6
1135063,6
1108249,6
1231402,6
1248306,6
1097674,6
1189707,6
1093956,6
1219667,6
1079051,6
1218961,6
1032303,6
1038993,6
1049323,6
1151051,6
1009402,6
1278635,6
1128689,6
1006075,6
1203749,6
1225131,6
1195875,6
1200755,6
1048549,6
1281975,6
1233564,6
1002692,6
1321217,6
1012741,6
1257573,6
1026754,6
1278934,6
1211134,6
1046282,6
1312685,6
1221952,6
1176799,6
1272127,6
1231528,6
1129855,6
1241934,6
1312301,6
1181467,6
1018149,6
1325338,6
1187456,6
1197178,6
1226783,6
1154953,6
1272842,6
1066520,6
1046790,6
1301617,6
1126912,6
1226740,6
1076460,6
1185452,6
1307385,6
1022810,6
1140665,6
1306957,6
1139593,6
1205669,6
1033622,6
1070137,6
1165726,6
1018619,6
1144350,6
1165459,6
1268740,6
1320985,6
1316214,6
1052343,6
1214394,6
1052183,6
1024572,6
1144365,6
1005056,6
1184080,6
1068370,6
1191408,6
1113441,6
1250717,6
1186458,6
1110563,6
1292013,6
1135243,6
1000877,6
1300264,6
1196331,6
1071521,6
1032049,6
1157161,6
1255034,6
1249849,6
1027501,6
1239771,6
1167246,6
1266126,6
1196455,6
1014151,6
1323687,6
1031011,6
1152561,6
1263143,6
1112510,6
1057862,6
1189748,6
1054830,6
1005925,6
1229402,6
1281778,6
1197259,6
1282994,6
1259210,6
1056151,6
1016325,6
1004669,6
1241434,6
1034549,6
1000497,6
1161336,6
1047187,6
1191479,6
1260535,6
1293954,6
1077564,6
1093953,6
1121607,6
1147409,6
1193642,6
1064517,6
1128468,6
1113571,6
1195463,6
1244897,6
1055183,6
1298921,6
1032913,6
1192842,6
1132285,6
1108680,6
1139840,6
1093439,6
1215335,6
1230318,6
1196108,6
1111728,6
1281824,6
1165081,6
1285604,6
1056463,6
1316118,6
1273071,6
1109031,6
1259664,6
1065101,6
1183890,6
1222310,6
1121729,6
1179176,6
1081967,6
1145448,6
1001080,6
1175512,6
1154686,6
1061372,6
1163276,6
1273349,6
1194822,6
1290637,6
1250042,6
1055483,6
1237388,6
1127417,6
1080957,6
1302510,6
1197173,6
1302444,6
1305451,6
1022126,6
1034157,6
1190623,6
1303341,6
1300543,6
1186846,6
1165041,6
1124620,6
1059684,6
1324752,6
1018006,6
1030860,6
1052582,6
1157775,6
1205376,6
1130561,6
1218096,6
1139256,6
1084880,6
1162824,6
1026433,6
1300314,6
1248445,6
1071624,6
1291628,6
1182021,6
1277891,6
1236175,6
1281828,6
1102345,6
1151494,6
1118712,6
1003117,6
1205429,6
1167459,6
1038929,6
1148878,6
1043931,6
1186196,6
1140576,6
1143281,6
1184201,6
1224663,6
1324162,6
1091431,6
1317254,6
1290419,6
1286772,6
1001636,6
1199908,6
1312212,6
1047314,6
1007152,6
1029536,6
1270387,6
1279329,6
1137742,6
1062730,6
1060090,6
1119900,6
1031556,6
1212357,6
1113397,6
1075039,6
1224579,6
1204788,6
1054940,6
1243776,6
1245322,6
1015904,6
1053074,6
1220048,6
1019880,6
1191766,6
1018982,6
1054628,6
1286060,6
1254865,6
1168028,6
1203376,6
1003705,6
1059349,6
1079711,6
1200515,6
1129306,6
1038969,6
1203812,6
1119006,6
1193603,6
1322907,6
1186633,6
1299549,6
1104034,6
1139217,6
1195059,6
1163904,6
1006914,6
1260590,6
1313840,6
1198509,6
1006731,6
1106821,6
1143892,6
1278960,6
1324182,6
1288864,6
1052137,6
1203590,6
1080530,6
1322297,6
1296910,6
1119170,6
1168368,6
1121700,6
1103451,6
1200583,6
1271545,6
1212130,6
1116526,6
1118887,6
1174019,6
1095765,6
1313851,6
1005051,6
1100073,6
1111168,6
1090567,6
1140874,6
1073511,6
1266199,6
1279936,6
1039285,6
1254247,6
1292107,6
1181688,6
1193930,6
1016652,6
1288053,6
1305156,6
1184370,6
1219342,6
1067753,6
1160597,6
1090288,6
1010380,6
1237073,6
1089925,6
1133954,6
1220464,6
1325394,6
1097648,6
1092194,6
1243140,6
1107882,6
1231969,6
1138440,6
1175052,6
1030059,6
1080016,6
1253257,6
1022847,6
1219053,6
1248579,6
1253986,6
1160760,6
1083416,6
1255271,6
1039260,6
1318915,6
1033166,6
1032567,6
1160869,6
1042147,6
1210335,6
1141634,6
1033198,6
1292538,6
1083765,6
1016498,6
1101908,6
1024865,6
1315877,6
1055417,6
1046087,6
1027783,6
1289268,6
1239702,6
1032603,6
1059992,6
1177203,6
1049636,6
1161903,6
1115901,6
1318422,6
1084261,6
1025589,6
1076133,6
1041176,6
1317131,6
1299054,6
1304697,6
1130452,6
1052556,6
1202710,6
1031737,6
1039278,6
1084604,6
1313388,6
1089597,6
1214247,6
1272471,6
1140319,6
1112072,6
1190485,6
1019272,6
1046049,6
1221962,6
1100135,6
1193479,6
1036439,6
1098992,6
1213809,6
1212187,6
1035656,6
1042835,6
1036207,6
1198164,6
1010927,6
1077623,6
1072117,6
1255719,6
1160256,6
1283045,6
1107724,6
1027942,6
1200748,6
1299453,6
1290724,6
1149405,6
1153874,6
1017898,6
1112390,6
1223454,6
1014263,6
1314892,6
1109465,6
1234170,6
1221181,6
1271805,6
1244095,6
1159120,6
1181470,6
1047277,6
1322165,6
1215367,6
1320838,6
1251811,6
1119792,6
1278309,6
1163266,6
1178482,6
1213552,6
1237068,6
1222327,6
1163283,6
1243077,6
1149607,6
1010287,6
1072147,6
1016447,6
1102583,6
1293902,6
1123338,6
1078447,6
1171464,6
1072476,6
1253950,6
1058786,6
1106158,6
1115874,6
1042185,6
1138550,6
1042730,6
1217235,6
1311766,6
1139186,6
1130231,6
1104159,6
1194299,6
1127925,6
1080560,6
1276002,6
1040342,6
1035585,6
1180910,6
1089794,6
1127014,6
1045920,6
1175302,6
1055271,6
1271461,6
1006023,6
1288402,6
1162404,6
1266288,6
1292811,6
1019679,6
1247446,6
1090240,6
1100908,6
1221107,6
1140880,6
1276029,6
1204690,6
1067617,6
1021488,6
1098012,6
1204585,6
1072866,6
1121826,6
1064649,6
1035531,6
1104377,6
1274887,6
1208901,6
1078058,6
1288414,6
1025915,6
1258045,6
1170091,6
1143342,6
1159487,6
1065145,6
1056020,6
1294238,6
1258129,6
1133297,6
1197393,6
1144220,6
1143134,6
1035965,6
1075735,6
1071816,6
1092316,6
1226651,6
1282059,6
1029011,6
1295491,6
1266733,6
1164683,6
1251227,6
1278762,6
1038442,6
1294703,6
1149823,6
1003526,6
1140995,6
1177867,6
1036071,6
1005348,6
1316744,6
1029322,6
1231358,6
1010328,6
1081952,6
1067470,6
1159721,6
1092290,6
1039011,6
1017478,6
1115806,6
1191872,6
1027092,6
1127713,6
1189354,6
1026271,6
1274594,6
1311033,6
1067343,6
1148205,6
1253265,6
1272981,6
1193178,6
1246125,6
1124469,6
1198599,6
1033092,6
1142427,6
1234754,6
1267097,6
1252731,6
1160307,6
1305340,6
1239321,6
1233134,6
1261922,6
1048126,6
1041035,6
1251414,6
1193317,6
1098153,6
1245531,6
1305611,6
1195276,6
1117334,6
1175055,6
1310888,6
1125302,6
1201991,6
1288396,6
1042963,6
1197404,6
1274826,6
1272688,6
1128716,6
1032055,6
1311081,6
1110796,6
1307760,6
1270303,6
1325554,6
1297463,6
1055004,6
1260058,6
1258492,6
1059664,6
1177950,6
1127917,6
1077872,6
1110981,6
1261921,6
1131515,6
1296719,6
1144724,6
1261016,6
1293166,6
1013840,6
1055743,6
1102028,6
1048068,6
1089373,6
1094446,6
1262883,6
1118431,6
1005309,6
1277074,6
1273574,6
1260790,6
1286328,6
1226928,6
1181015,6
1236306,6
1220924,6
1211508,6
1093961,6
1240175,6
1246499,6
1012461,6
1212935,6
1154733,6
1250008,6
1193577,6
1291990,6
1273381,6
1107961,6
1024388,6
1283747,6
1306979,6
1102514,6
1223711,6
1100841,6
1303956,6
1077403,6
1055920,6
1109202,6
1006641,6
1285996,6
1309406,6
1041068,6
1212630,6
1103528,6
1241198,6
1288673,6
1325059,6
1250718,6
1144766,6
1053871,6
1079130,6
1321410,6
1091514,6
1150220,6
1251162,6
1291452,6
1241949,6
1317621,6
1216519,6
1161521,6
1042028,6
1154290,6
1035969,6
1142171,6
1323102,6
1019709,6
1286608,6
1191168,6
1309054,6
1237057,6
1286618,6
1060059,6
1109086,6
1035495,6
1042500,6
1275738,6
1154958,6
1227011,6
1120796,6
1155898,6
1150336,6
1036390,6
1202879,6
1086827,6
1174542,6
1161651,6
1191477,6
1271555,6
1264659,6
1302441,6
1037050,6
1031584,6
1121021,6
1088939,6
1146283,6
1137879,6
1252973,6
1297810,6
1300086,6
1103334,6
1228021,6
1299713,6
1099376,6
1146894,6
1080610,6
1054152,6
1285803,6
1002829,6
1173600,6
1201256,6
1051786,6
1080651,6
1161806,6
1164350,6
1135970,6
1311189,6
1116006,6
1079265,6
1044865,6
1158766,6
1319652,6
1230653,6
1202036,6
1085842,6
1192455,6
1011859,6
1028637,6
1108614,6
1286187,6
1136691,6
1070699,6
1140708,6
1025237,6
1308302,6
1293200,6
1210681,6
1246233,6
1051414,6
1283864,6
1022583,6
1039017,6
1053589,6
1249903,6
1300654,6
1297434,6
1025091,6
1292162,6
1192462,6
1272854,6
1198988,6
1201657,6
1068837,6
1090159,6
1259735,6
1089006,6
1272089,6
1199416,6
1120114,6
1119072,6
1098682,6
1305389,6
1155067,6
1273657,6
1064573,6
1114815,6
1137785,6
1074803,6
1026567,6
1105529,6
1059877,6
1055828,6
1163040,6
1173177,6
1273942,6
1079129,6
1216964,6
1321703,6
1146510,6
1016387,6
1239868,6
1291353,6
1123877,6
1103956,6
1293732,6
1205502,6
1182658,6
1224222,6
1289804,6
1020741,6
1135021,6
1288557,6
1022799,6
1010537,6
1017920,6
1087238,6
1321957,6
1028980,6
1044451,6
1215864,6
1112887,6
1136483,6
1025308,6
1191394,6
1126695,6
1264770,6
1091880,6
1087220,6
1045237,6
1027178,6
1164149,6
1252714,6
1234418,6
1173136,6
1033817,6
1045069,6
1234362,6
1163123,6
1222059,6
1053658,6
1322804,6
1109693,6
1002473,6
1042182,6
1217987,6
1188839,6
1130283,6
1132908,6
1217610,6
1187673,6
1017133,6
1228645,6
1055657,6
1314370,6
1262810,6
1058198,6
1304755,6
1124081,6
1051424,6
1144244,6
1064055,6
1288698,6
1235970,6
1203388,6
1044248,6
1205471,6
1110026,6
1033609,6
1241814,6
1042813,6
1223259,6
1039645,6
1048013,6
1210566,6
1134992,6
1296546,6
1148839,6
1324905,6
1142975,6
1227021,6
1093960,6
1127101,6
1129778,6
1271798,6
1305592,6
1179774,6
1316382,6
1011311,6
1195268,6
1131530,6
1121775,6
1118656,6
1030017,6
1035349,6
1158492,6
1053210,6
1233718,6
1274471,6
1219776,6
1069501,6
1265115,6
1302920,6
1033426,6
1005551,6
1265370,6
1215161,6
1073997,6
1074994,6
1088966,6
1284122,6
1257173,6
1310586,6
1184123,6
1276472,6
1290143,6
1151596,6
1029425,6
1250567,6
1266873,6
1152114,6
1043189,6
1062055,6
1080626,6
1255409,6
1076988,6
1035811,6
1082191,6
1267954,6
1185709,6
1011785,6
1184982,6
1161917,6
1069149,6
1216043,6
1294865,6
1204144,6
1289210,6
1322619,6
1290421,6
1318256,6
1187994,6
1118820,6
1028862,6
1260720,6
1098372,6
1006943,6
1270004,6
1047464,6
1162274,6
1125268,6
1200438,6
1066423,6
1096247,6
1239912,6
1042956,6
1264131,6
1186332,6
1174713,6
1182642,6
1114469,6
1308691,6
1213233,6
1251550,6
1215621,6
1056220,6
1015980,6
1087810,6
1151493,6
1230606,6
1197845,6
1150369,6
1010815,6
1166997,6
1252122,6
1101242,6
1148938,6
1281399,6
1020190,6
1123909,6
1107876,6
1090392,6
1048479,6
1278319,6
1258057,6
1221580,6
1270142,6
1192579,6
1036716,6
1146342,6
1221367,6
1020113,6
1003824,6
1315158,6
1230456,6
1105700,6
1064379,6
1294925,6
1183394,6
1311169,6
1049717,6
1298485,6
1021869,6
1275768,6
1166724,6
1147636,6
1011436,6
1015758,6
1015957,6
1104699,6
1120314,6
1105350,6
1149078,6
1226926,6
1319081,6
1164567,6
1136743,6
1061214,6
1038426,6
1167748,6
1152727,6
1039179,6
1321719,6
1222401,6
1155275,6
1255418,6
1136885,6
1032499,6
1082844,6
1080315,6
1171816,6
1138398,6
1241919,6
1187668,6
1048297,6
1035377,6
1265016,6
1277975,6
1150696,6
1071439,6
1291637,6
1122473,6
1050282,6
1226042,6
1185904,6
1165302,6
1157612,6
1066805,6
1104048,6
1143004,6
1064594,6
1067576,6
1241281,6
1029412,6
1284529,6
1135602,6
1322813,6
1234994,6
1226673,6
1035740,6
1105891,6
1319594,6
1207968,6
1045324,6
1119707,6
1146042,6
1085463,6
1134057,6
1220944,6
1208200,6
1029426,6
1241552,6
1295141,6
1129883,6
1101346,6
1262171,6
1176947,6
1202233,6
1154045,6
1290089,6
1127585,6
1229804,6
1295311,6
1110900,6
1071688,6
1070286,6
1107823,6
1295264,6
1089069,6
1198860,6
1209813,6
1162050,6
1113281,6
1274186,6
1022317,6
1313799,6
1165193,6
1192370,6
1179612,6
1170154,6
1049022,6
1010982,6
1180654,6
1298704,6
1045638,6
1296891,6
1080332,6
1288225,6
1111378,6
1180884,6
1029301,6
1038928,6
1054788,6
1131649,6
1126457,6
1102378,6
1113862,6
1114793,6
1047228,6
1087946,6
1159610,6
1045263,6
1045366,6
1085584,6
1168275,6
1106851,6
1315463,6
1068393,6
1128817,6
1007856,6
1185933,6
1204312,6
1069017,6
1040809,6
1286710,6
1198047,6
1011714,6
1290018,6
1321525,6
1077401,6
1163417,6
1046420,6
1154504,6
1148900,6
1301603,6
1253301,6
1015597,6
1182219,6
1267239,6
1186280,6
1291109,6
1069749,6
1119305,6
1075475,6
1137953,6
1268488,6
1026947,6
1227007,6
1003420,6
1092484,6
1058022,6
1221031,6
1003568,6
1082805,6
1322755,6
1067020,6
1057609,6
1204575,6
1242041,6
1213185,6
1302015,6
1189470,6
1034774,6
1142430,6
1242188,6
1226881,6
1265053,6
1141886,6
1308537,6
1050708,6
1149061,6
1185842,6
1255132,6
1138434,6
1011361,6
1290775,6
1049041,6
1250733,6
1298437,6
1204732,6
1185884,6
1319058,6
1286969,6
1257072,6
1219768,6
1182796,6
1146586,6
1062278,6
1065904,6
1310634,6
1223840,6
1080654,6
1199582,6
1066534,6
1206803,6
1042916,6
1238440,6
1272691,6
1313549,6
1073155,6
1048181,6
1011579,6
1211145,6
1050730,6
1209152,6
1306262,6
1217533,6
1258019,6
1259557,6
1284421,6
1318285,6
1034753,6
1280628,6
1047366,6
1167133,6
1249210,6
1170526,6
1233086,6
1187495,6
1267072,6
1175027,6
1210572,6
1139178,6
1134816,6
1042856,6
1008446,6
1311128,6
1222627,6
1290103,6
1222413,6
1303068,6
1260393,6
1146854,6
1012860,6
1040312,6
1271992,6
1259884,6
1158419,6
1056482,6
1061244,6
1279518,6
1168140,6
1159763,6
1278841,6
1166914,6
1074611,6
1232471,6
1103987,6
1036627,6
1219798,6
1142987,6
1132593,6
1020959,6
1317535,6
1310557,6
1093824,6
1015639,6
1086822,6
1274818,6
1059803,6
1187160,6
1074579,6
1293721,6
1308214,6
1205313,6
1078815,6
1112523,6
1162836,6
1281877,6
1311938,6
1208063,6
1323597,6
1149705,6
1045590,6
1196888,6
1304885,6
1054725,6
1205135,6
1003907,6
1125662,6
1106630,6
1235054,6
1086689,6
1003079,6
1275263,6
1171899,6
1249416,6
1225966,6
1275800,6
1219553,6
1223924,6
1129739,6
1084693,6
1234078,6
1113925,6
1136121,6
1220988,6
1189970,6
1304217,6
1169577,6
1213094,6
1161633,6
1204537,6
1268317,6
1175607,6
1172750,6
1013306,6
1322377,6
1277673,6
1146509,6
1278708,6
1020566,6
1029709,6
1050008,6
1155279,6
1047688,6
1152185,6
1204992,6
1112265,6
1157550,6
1003194,6
1159593,6
1317116,6
1052039,6
1221198,6
1098310,6
1105339,6
1134761,6
1029508,6
1318378,6
1248816,6
1004024,6
1031184,6
1166748,6
1085254,6
1317311,6
1083708,6
1028518,6
1133861,6
1192612,6
1267754,6
1319176,6
1248781,6
1092089,6
1011236,6
1031301,6
1272270,6
1219411,6
1070980,6
1149512,6
1039682,6
1253221,6
1280194,6
1036888,6
1008809,6
1076642,6
1163825,6
1089191,6
1316417,6
1011638,6
1210384,6
1322490,6
1100363,6
1226411,6
1173854,6
1130167,6
1012071,6
1028043,6
1226652,6
1215642,6
1095246,6
1215343,6
1302598,6
1128784,6
1183406,6
1303915,6
1144020,6
1026362,6
1010786,6
1170340,6
1292170,6
1260121,6
1073467,6
1091397,6
1169433,6
1292632,6
1247588,6
1307079,6
1122764,6
1315501,6
1037313,6
1109303,6
1146691,6
1289448,6
1263065,6
1138286,6
1176745,6
1258443,6
1256951,6
1215964,6
1157811,6
1113649,6
1322232,6
1073416,6
1242905,6
1032374,6
1101102,6
1080933,6
1117402,6
1246782,6
1183734,6
1213373,6
1116648,6
1061556,6
1239557,6
1130000,6
1322767,6
1057980,6
1134996,6
1145155,6
1169032,6
1215970,6
1028431,6
1318781,6
1071345,6
1242157,6
1314257,6
1313213,6
1318694,6
1223355,6
1004909,6
1204669,6
1017138,6
1109657,6
1156733,6
1010969,6
1307334,6
1132758,6
1299032,6
1177577,6
1140202,6
1056813,6
1077175,6
1153683,6
1160298,6
1089013,6
1183203,6
1025020,6
1070745,6
1027487,6
1216560,6
1184949,6
1301999,6
1100286,6
1150140,6
1055482,6
1061645,6
1193448,6
1299561,6
1173954,6
1185370,6
1133505,6
1322446,6
1083173,6
1014050,6
1004043,6
1250598,6
1201771,6
1236451,6
1161101,6
1064647,6
1140419,6
1147261,6
1156569,6
1324598,6
1270487,6
1144819,6
1012111,6
1305828,6
1226303,6
1299581,6
1144512,6
1236537,6
1133605,6
1215409,6
1119982,6
1317083,6
1090106,6
1220687,6
1223579,6
1039277,6
1124042,6
1103463,6
1117803,6
1137200,6
1136849,6
1088677,6
1145776,6
1097968,6
1008057,6
1149834,6
1101715,6
1083133,6
1306822,6
1054076,6
1028146,6
1221022,6
1242275,6
1138562,6
1196819,6
1022383,6
1020378,6
1195976,6
1195921,6
1035272,6
1035328,6
1086497,6
1180229,6
1103931,6
1028243,6
1141719,6
1070938,6
1290988,6
1133870,6
1016019,6
1259923,6
1000217,6
1310771,6
1280080,6
1021520,6
1280817,6
1295703,6
1309125,6
1021493,6
1212355,6
1241241,6
1058576,6
1219851,6
1025815,6
1033918,6
1167227,6
1044044,6
1106180,6
1008980,6
1090114,6
1242546,6
1020330,6
1224087,6
1141476,6
1084287,6
1048450,6
1077809,6
1063877,6
1094709,6
1061460,6
1040481,6
1287565,6
1153643,6
1151992,6
1207466,6
1308213,6
1162263,6
1276126,6
1197047,6
1089681,6
1230746,6
1146152,6
1155726,6
1089690,6
1272660,6
1025493,6
1147798,6
1232570,6
1141495,6
1172599,6
1061851,6
1070058,6
1179971,6
1092496,6
1313203,6
1135578,6
1206164,6
1162682,6
1101386,6
1253077,6
1206289,6
1214887,6
1217000,6
1284998,6
1286711,6
1076697,6
1078138,6
1120824,6
1066197,6
1325478,6
1253590,6
1060211,6
1021498,6
1187773,6
1090950,6
1133909,6
1194293,6
1082353,6
1311662,6
1144440,6
1071876,6
1025828,6
1022694,6
1224739,6
1036184,6
1282011,6
1016316,6
1208722,6
1045288,6
1206619,6
1009234,6
1127284,6
1166042,6
1090956,6
1296979,6
1277692,6
1136442,6
1277308,6
1068062,6
1043355,6
1199556,6
1120515,6
1078085,6
1255611,6
1194326,6
1017576,6
1267509,6
1043900,6
1077476,6
1259164,6
1077589,6
1049935,6
1026650,6
1033547,6
1105870,6
1255139,6
1260932,6
1164786,6
1295920,6
1269775,6
1102536,6
1170474,6
1325624,6
1157139,6
1229131,6
1126394,6
1146753,6
1323061,6
1228496,6
1222274,6
1150937,6
1235851,6
1181533,6
1319154,6
1056615,6
1027123,6
1244460,6
1051469,6
1162359,6
1197939,6
1090337,6
1037165,6
1270285,6
1288843,6
1254678,6
1234371,6
1230771,6
1100020,6
1084059,6
1057820,6
1095467,6
1000929,6
1155324,6
1237929,6
1139444,6
1148718,6
1029347,6
1188620,6
1128378,6
1248111,6
1077565,6
1169153,6
1197146,6
1029777,6
1317975,6
1050131,6
1032249,6
1100046,6
1089387,6
1136405,6
1063956,6
1306521,6
1094359,6
1091288,6
1236123,6
1225930,6
1254683,6
1168121,6
1145589,6
1280758,6
1133477,6
1210846,6
1292215,6
1116016,6
1294463,6
1146682,6
1231302,6
1223161,6
1289495,6
1170828,6
1199847,6
1169217,6
1163891,6
1014654,6
1317142,6
1113848,6
1017284,6
1043725,6
1226387,6
1258535,6
1208084,6
1244719,6
1219361,6
1156727,6
1317392,6
1220881,6
1207491,6
1148762,6
1092267,6
1219821,6
1254081,6
1287048,6
1269444,6
1249491,6
1134450,6
1180599,6
1286157,6
1182041,6
1031585,6
1023735,6
1117775,6
1029823,6
1178688,6
1240644,6
1099752,6
1033646,6
1169058,6
1005560,6
1019188,6
1030063,6
1071632,6
1286162,6
1139612,6
1279427,6
1096493,6
1249015,6
1152795,6
1072059,6
1174959,6
1236814,6
1059815,6
1184504,6
1106445,6
1165423,6
1311955,6
1284086,6
1256345,6
1166030,6
1275822,6
1009316,6
1066691,6
1186847,6
1089877,6
1052259,6
1081923,6
1287450,6
1233300,6
1306397,6
1109249,6
1206425,6
1203141,6
1192250,6
1217896,6
1224199,6
1091222,6
1284235,6
1143914,6
1173377,6
1071996,6
1258887,6
1218454,6
1061275,6
1040770,6
1133636,6
1199390,6
1268741,6
1187366,6
1168879,6
1006485,6
1284913,6
1244717,6
1272521,6
1196973,6
1204865,6
1129747,6
1268515,6
1273936,6
1109536,6
1187645,6
1302274,6
1167228,6
1317172,6
1324689,6
1081541,6
1117414,6
1220752,6
1245506,6
1103320,6
1129144,6
1125949,6
1291125,6
1019258,6
1022950,6
1236181,6
1295986,6
1138310,6
1049495,6
1014692,6
1266595,6
1154526,6
1170918,6
1208788,6
1079310,6
1140855,6
1025729,6
1060811,6
1040082,6
1020126,6
1241190,6
1132371,6
1263510,6
1235376,6
1132367,6
1068530,6
1063132,6
1006716,6
1257437,6
1185100,6
1234451,6
1283444,6
1095087,6
1306204,6
1077321,6
1169007,6
1043231,6
1069902,6
1210232,6
1205337,6
1199130,6
1310458,6
1320525,6
1035254,6
1144182,6
1055031,6
1174619,6
1057931,6
1083577,6
1151031,6
1189630,6
1014925,6
1016563,6
1017471,6
1004742,6
1221522,6
1015457,6
1160753,6
1195082,6
1242696,6
1142985,6
1136710,6
1322726,6
1172532,6
1278445,6
1236341,6
1001383,6
1310532,6
1200095,6
1181530,6
1220794,6
1140947,6
1068676,6
1091717,6
1022995,6
1244565,6
1148188,6
1137712,6
1122331,6
1323659,6
1277691,6
1051766,6
1015888,6
1004172,6
1120683,6
1000753,6
1089099,6
1280666,6
1120596,6
1026484,6
1288034,6
1039783,6
1202767,6
1170122,6
1118216,6
1114110,6
1003818,6
1225176,6
1163334,6
1249453,6
1238781,6
1023634,6
1176844,6
1104860,6
1187556,6
1300653,6
1056498,6
1068394,6
1272995,6
1295347,6
1101231,6
1148642,6
1264831,6
1132107,6
1231573,6
1150654,6
1095606,6
1155624,6
1133331,6
1290380,6
1254552,6
1136548,6
1231621,6
1117500,6
1068294,6
1241042,6
1003759,6
1183994,6
1288923,6
1036072,6
1157455,6
1109018,6
1137817,6
1040105,6
1082679,6
1194601,6
1235503,6
1226119,6
1306319,6
1140625,6
1153528,6
1153135,6
1053664,6
1113073,6
1239482,6
1123522,6
1227390,6
1253012,6
1155173,6
1066587,6
1056416,6
1248963,6
1051215,6
1241647,6
1138378,6
1287835,6
1211213,6
1224837,6
1201180,6
1254630,6
1307459,6
1289238,6
1005834,6
1041541,6
1220770,6
1080393,6
1296973,6
1236779,6
1070979,6
1042247,6
1064989,6
1102215,6
1021234,6
1175065,6
1149882,6
1164746,6
1091281,6
1183740,6
1222256,6
1285743,6
1259874,6
1319929,6
1048830,6
1307454,6
1019217,6
1306767,6
1118878,6
1099212,6
1128794,6
1012834,6
1258504,6
1252765,6
1062027,6
1323623,6
1256513,6
1099688,6
1252425,6
1072755,6
1152042,6
1297455,6
1257368,6
1279130,6
1315740,6
1223851,6
1095981,6
1145808,6
1119796,6
1032313,6
1253884,6
1254339,6
1282919,6
1262114,6
1027529,6
1015516,6
1143385,6
1298217,6
1181073,6
1157874,6
1061998,6
1039198,6
1123604,6
1194989,6
1288789,6
1063272,6
1086553,6
1081555,6
1122884,6
1079375,6
1244170,6
1003009,6
1307621,6
1290374,6
1274142,6
1270689,6
1196241,6
1163250,6
1088210,6
1064731,6
1130550,6
1113246,6
1154382,6
1319111,6
1168738,6
1041940,6
1231092,6
1174744,6
1250583,6
1150685,6
1227208,6
1214781,6
1077740,6
1048802,6
1006725,6
1173125,6
1180049,6
1112303,6
1148145,6
1137199,6
1182607,6
1119086,6
1154287,6
1266864,6
1072142,6
1212583,6
1149408,6
1135415,6
1168803,6
1050001,6
1073957,6
1084782,6
1207044,6
1216899,6
1053297,6
1230790,6
1010268,6
1180288,6
1072585,6
1058954,6
1187426,6
1175272,6
1322310,6
1191514,6
1280293,6
1264588,6
1177938,6
1312589,6
1322114,6
1171323,6
1088978,6
1299353,6
1081516,6
1159558,6
1017778,6
1086332,6
1160682,6
1159812,6
1156736,6
1124400,6
1082786,6
1145965,6
1118776,6
1198942,6
1064957,6
1080647,6
1135050,6
1222791,6
1258757,6
1308684,6
1003027,6
1240838,6
1174606,6
1176967,6
1201342,6
1149908,6
1306361,6
1006540,6
1009710,6
1228712,6
1188829,6
1255394,6
1135898,6
1034099,6
1048248,6
1030140,6
1128121,6
1125276,6
1292056,6
1304821,6
1050882,6
1249425,6
1030679,6
1224259,6
1013989,6
1007927,6
1224737,6
1034740,6
1312419,6
1144242,6
1093362,6
1225942,6
1269664,6
1001140,6
1212832,6
1038632,6
1010979,6
1000160,6
1176129,6
1246199,6
1166435,6
1271804,6
1066861,6
1038522,6
1168582,6
1257551,6
1175539,6
1112192,6
1138954,6
1234455,6
1255098,6
1005964,6
1106430,6
1292143,6
1258583,6
1023215,6
1211159,6
1181964,6
1319779,6
1055546,6
1288594,6
1203127,6
1247055,6
1253557,6
1260920,6
1250514,6
1279610,6
1190326,6
1193318,6
1071067,6
1170347,6
1068843,6
1243063,6
1060075,6
1059577,6
1302823,6
1095922,6
1158166,6
1300457,6
1026137,6
1160742,6
1111928,6
1176057,6
1114673,6
1127346,6
1318209,6
1324723,6
1249222,6
1290749,6
1141252,6
1245984,6
1011678,6
1156590,6
1304928,6
1151409,6
1020801,6
1180661,6
1310561,6
1210948,6
1177117,6
1113884,6
1281606,6
1281940,6
1264663,6
1035384,6
1274732,6
1302538,6
1251379,6
1169265,6
1156858,6
1100117,6
1142361,6
1082939,6
1160601,6
1066243,6
1281908,6
1140938,6
1065794,6
1115327,6
1205340,6
1082989,6
1206123,6
1169745,6
1104040,6
1022608,6
1103860,6
1231760,6
1087559,6
1021719,6
1099045,6
1261344,6
1035782,6
1130817,6
1101122,6
1117536,6
1173738,6
1209468,6
1086197,6
1099634,6
1148640,6
1173170,6
1232958,6
1023683,6
1147318,6
1041828,6
1290940,6
1294937,6
1075503,6
1241997,6
1051092,6
1086966,6
1118365,6
1230420,6
1156440,6
1221117,6
1085092,6
1046002,6
1311655,6
1198424,6
1164566,6
1057499,6
1284015,6
1091638,6
1057006,6
1199722,6
1308927,6
1281591,6
1019480,6
1229509,6
1015661,6
1254569,6
1156456,6
1063841,6
1195627,6
1158169,6
1199485,6
1138998,6
1174686,6
1047000,6
1078105,6
1174286,6
1115133,6
1143218,6
1268561,6
1003346,6
1053830,6
1323569,6
1282318,6
1087091,6
1085170,6
1276741,6
1262284,6
1194093,6
1126916,6
1002905,6
1141526,6
1043662,6
1311551,6
1212099,6
1092342,6
1220570,6
1180530,6
1108098,6
1093070,6
1220114,6
1033749,6
1320126,6
1103422,6
1070077,6
1243355,6
1134200,6
1123563,6
1104627,6
1058881,6
1252065,6
1167275,6
1323344,6
1097996,6
1056323,6
1154344,6
1302222,6
1286047,6
1215480,6
1242409,6
1239283,6
1090536,6
1023268,6
1081889,6
1041341,6
1085180,6
1276601,6
1070838,6
1038752,6
1018862,6
1167184,6
1277798,6
1198131,6
1071475,6
1106065,6
1308971,6
1075034,6
1136518,6
1270348,6
1243717,6
1058645,6
1090449,6
1043858,6
1289598,6
1210674,6
1075340,6
1153053,6
1177338,6
1325233,6
1151702,6
1187453,6
1042249,6
1241240,6
1023257,6
1183177,6
1179329,6
1015967,6
1298727,6
1300288,6
1050745,6
1217296,6
1058594,6
1192295,6
1197468,6
1228129,6
1313646,6
1230473,6
1229164,6
1208822,6
1063927,6
1185651,6
1083195,6
1191153,6
1241601,6
1179690,6
1253212,6
1178282,6
1188777,6
1122782,6
1004039,6
1099590,6
1138494,6
1298436,6
1032400,6
1306433,6
1032554,6
1097207,6
1068318,6
1201551,6
1280511,6
1211006,6
1250624,6
1135945,6
1066758,6
1229413,6
1094123,6
1064107,6
1254328,6
1066862,6
1087752,6
1038495,6
1188873,6
1173746,6
1062356,6
1308569,6
1007401,6
1197670,6
1299668,6
1078780,6
1108019,6
1253759,6
1139487,6
1255293,6
1085331,6
1224778,6
1269698,6
1066843,6
1260053,6
1272975,6
1122532,6
1084789,6
1000624,6
1133625,6
1092528,6
1190144,6
1222817,6
1028608,6
1055541,6
1029434,6
1015386,6
1004998,6
1298860,6
1319845,6
1128175,6
1178792,6
1175744,6
1103712,6
1310023,6
1015205,6
1283201,6
1113938,6
1314487,6
1280108,6
1042071,6
1258289,6
1011973,6
1026641,6
1011940,6
1300956,6
1220099,6
1163021,6
1262741,6
1211310,6
1144953,6
1085234,6
1010769,6
1165321,6
1250878,6
1232876,6
1246968,6
1211506,6
1209038,6
1272812,6
1170578,6
1117829,6
1272095,6
1200811,6
1269348,6
1151342,6
1169454,6
1234964,6
1321291,6
1126757,6
1127777,6
1142459,6
1095597,6
1176736,6
1139590,6
1073471,6
1069123,6
1256609,6
1059219,6
1181866,6
1105797,6
1230088,6
1106566,6
1057433,6
1239866,6
1248485,6
1107872,6
1069896,6
1213000,6
1261453,6
1184126,6
1124280,6
1058206,6
1231422,6
1313481,6
1246704,6
1220877,6
1133123,6
1020091,6
1195762,6
1280047,6
1057757,6
1269176,6
1125251,6
1182836,6
1263388,6
1188364,6
1034431,6
1297064,6
1261136,6
1216237,6
1069931,6
1249585,6
1141999,6
1020027,6
1125640,6
1135891,6
1032519,6
1040879,6
1284959,6
1009698,6
1062369,6
1146916,6
1071081,6
1113985,6
1319710,6
1038950,6
1045882,6
1115402,6
1176110,6
1022873,6
1309496,6
1065982,6
1210888,6
1196891,6
1325690,6
1017937,6
1284229,6
1076348,6
1196390,6
1309898,6
1001482,6
1081578,6
1189266,6
1220456,6
1071092,6
1281691,6
1134254,6
1046251,6
1162807,6
1146371,6
1155927,6
1302662,6
1256474,6
1088973,6
1105643,6
1146672,6
1119239,6
1044562,6
1303832,6
1157349,6
1221569,6
1312330,6
1211375,6
1307635,6
1100256,6
1239242,6
1299282,6
1070655,6
1114921,6
1064851,6
1133326,6
1301859,6
1145610,6
1092162,6
1162202,6
1246136,6
1115446,6
1262044,6
1249621,6
1181482,6
1225409,6
1252071,6
1308195,6
1047474,6
1258820,6
1061271,6
1130567,6
1246585,6
1262422,6
1216743,6
1312801,6
1265195,6
1146512,6
1038698,6
1311992,6
1093966,6
1241484,6
1185325,6
1271147,6
1227586,6
1325033,6
1037662,6
1055488,6
1298539,6
1010590,6
1013283,6
1104909,6
1029136,6
1197831,6
1109403,6
1054257,6
1193607,6
1293773,6
1305378,6
1154196,6
1197730,6
1288072,6
1041305,6
1025798,6
1320311,6
1292542,6
1097175,6
1045870,6
1093270,6
1212994,6
1218117,6
1229755,6
1220479,6
1032670,6
1236755,6
1185569,6
1136660,6
1059162,6
1182602,6
1012132,6
1301661,6
1075264,6
1270818,6
1270660,6
1280551,6
1116514,6
1244104,6
1067760,6
1274783,6
1250975,6
1290777,6
1051196,6
1169844,6
1189460,6
1009222,6
1256752,6
1265892,6
1151790,6
1186984,6
1036800,6
1323041,6
1075212,6
1070533,6
1161339,6
1212270,6
1016751,6
1303424,6
1087746,6
1041425,6
1164306,6
1161890,6
1003085,6
1233717,6
1144613,6
1075332,6
1218368,6
1160283,6
1136586,6
1041888,6
1207085,6
1254940,6
1054723,6
1266762,6
1020979,6
1187981,6
1029306,6
1000116,6
1222650,6
1118679,6
1002696,6
1296729,6
1094631,6
1299562,6
1116958,6
1188046,6
1251583,6
1050488,6
1121776,6
1201094,6
1313522,6
1188643,6
1059161,6
1219471,6
1323480,6
1197712,6
1076232,6
1071878,6
1270742,6
1257920,6
1041075,6
1288900,6
1255363,6
1194732,6
1066088,6
1220083,6
1199859,6
1323876,6
1015789,6
1029677,6
1318287,6
1265653,6
1302503,6
1203137,6
1301805,6
1040780,6
1146493,6
1007015,6
1183803,6
1252265,6
1156248,6
1308208,6
1281332,6
1239896,6
1133724,6
1107550,6
1283859,6
1282808,6
1001695,6
1200173,6
1105986,6
1091331,6
1286760,6
1123157,6
1292695,6
1050721,6
1244451,6
1125116,6
1106963,6
1087133,6
1166142,6
1227755,6
1022206,6
1111087,6
1304324,6
1211824,6
1100428,6
1225706,6
1314234,6
1286977,6
1036458,6
1014761,6
1104955,6
1065751,6
1284680,6
1273943,6
1316364,6
1325082,6
1041777,6
1234559,6
1241536,6
1133591,6
1091886,6
1125352,6
1287581,6
1064586,6
1079425,6
1135173,6
1059013,6
1013011,6
1158047,6
1084444,6
1073128,6
1117716,6
1290224,6
1087052,6
1182923,6
1257625,6
1005435,6
1035128,6
1181312,6
1034577,6
1035165,6
1026896,6
1205778,6
1040064,6
1025131,6
1144446,6
1308296,6
1094737,6
1009297,6
1253049,6
1115499,6
1132254,6
1087783,6
1145187,6
1000858,6
1284318,6
1153403,6
1076518,6
1321479,6
1314864,6
1297143,6
1268647,6
1281611,6
1204318,6
1125344,6
1317362,6
1027521,6
1152163,6
1281689,6
1062758,6
1204420,6
1213361,6
1225690,6
1309902,6
1132180,6
1174000,6
1204924,6
1075073,6
1010141,6
1101884,6
1166007,6
1224873,6
1276289,6
1077612,6
1069066,6
1103484,6
1009699,6
1124956,6
1312808,6
1115320,6
1228320,6
1038509,6
1303264,6
1283640,6
1044179,6
1270041,6
1054698,6
1112550,6
1134090,6
1085879,6
1033392,6
1065025,6
1136653,6
1130586,6
1317224,6
1057508,6
1088011,6
1241421,6
1019221,6
1227864,6
1009758,6
1270447,6
1204935,6
1122508,6
1243009,6
1278836,6
1211817,6
1288810,6
1308586,6
1224770,6
1120940,6
1235463,6
1225145,6
1111261,6
1175806,6
1168163,6
1003687,6
1063534,6
1226079,6
1297987,6
1240628,6
1230836,6
1200625,6
1008259,6
1135422,6
1119276,6
1014686,6
1218473,6
1118800,6
1064692,6
1315810,6
1304942,6
1255412,6
1029736,6
1221611,6
1207076,6
1093651,6
1131485,6
1240018,6
1048236,6
1048817,6
1242578,6
1311129,6
1318709,6
1043732,6
1047158,6
1290714,6
1245385,6
1018067,6
1214921,6
1278978,6
1067246,6
1297155,6
1004018,6
1051873,6
1115180,6
1225654,6
1027751,6
1266771,6
1078888,6
1317990,6
1011258,6
1247803,6
1062796,6
1176496,6
1037491,6
1185440,6
1201768,6
1248755,6
1111608,6
1023945,6
1267448,6
1123543,6
1085009,6
1220667,6
1125485,6
1220753,6
1050346,6
1265309,6
1012993,6
1205521,6
1081646,6
1042685,6
1019394,6
1223598,6
1220205,6
1068343,6
1010538,6
1000538,6
1268252,6
1242043,6
1112719,6
1113598,6
1051660,6
1051440,6
1041751,6
1180178,6
1182147,6
1101020,6
1268445,6
1180634,6
1271025,6
1274073,6
1074795,6
1021811,6
1005510,6
1253766,6
1098649,6
1307618,6
1313454,6
1167339,6
1286410,6
1289006,6
1011082,6
1284485,6
1322656,6
1143536,6
1296557,6
1098452,6
1087445,6
1278237,6
1158175,6
1186304,6
1305967,6
1172078,6
1298490,6
1107565,6
1133287,6
1098972,6
1024351,6
1246613,6
1200229,6
1038117,6
1254467,6
1139677,6
1211713,6
1191207,6
1163960,6
1058526,6
1187119,6
1029706,6
1065225,6
1254369,6
1057801,6
1048840,6
1108806,6
1292944,6
1112596,6
1047708,6
1060951,6
1074054,6
1243532,6
1319604,6
1102078,6
1095136,6
1308902,6
1047572,6
1256177,6
1015336,6
1081341,6
1090148,6
1126293,6
1016055,6
1007787,6
1045080,6
1116574,6
1144190,6
1208435,6
1249309,6
1230663,6
1108600,6
1066752,6
1316481,6
1027288,6
1225110,6
1255321,6
1096037,6
1294271,6
1053245,6
1179035,6
1292322,6
1265936,6
1226692,6
1123394,6
1092824,6
1075419,6
1023592,6
1047201,6
1173743,6
1206332,6
1266429,6
1298602,6
1182496,6
1096722,6
1035122,6
1314792,6
1054770,6
1093371,6
1305942,6
1320520,6
1268852,6
1041890,6
1228928,6
1264711,6
1284429,6
1031841,6
1306635,6
1241342,6
1255617,6
1058383,6
1237770,6
1017115,6
1042462,6
1171407,6
1255206,6
1037520,6
1170965,6
1138547,6
1163709,6
1151327,6
1288023,6
1128342,6
1283765,6
1264346,6
1100625,6
1227368,6
1231669,6
1134179,6
1240149,6
1157622,6
1323952,6
1050331,6
1254285,6
1131230,6
1149183,6
1244019,6
1010336,6
1252976,6
1209142,6
1259939,6
1016042,6
1212028,6
1295474,6
1322640,6
1041150,6
1007270,6
1075659,6
1213112,6
1105145,6
1025571,6
1144612,6
1313743,6
1002874,6
1299276,6
1185531,6
1029793,6
1171197,6
1102828,6
1106548,6
1187307,6
1172433,6
1190608,6
1166395,6
1324203,6
1294579,6
1290074,6
1061897,6
1168544,6
1303522,6
1203741,6
1165734,6
1132874,6
1246855,6
1228339,6
1208817,6
1097758,6
1017035,6
1112621,6
1262957,6
1221809,6
1220679,6
1244671,6
1186423,6
1235142,6
1217684,6
1107020,6
1199225,6
1133942,6
1308938,6
1007147,6
1004983,6
1173695,6
1323253,6
1237438,6
1054050,6
1213066,6
1228842,6
1251778,6
1282419,6
1219263,6
1175639,6
1184754,6
1269384,6
1101420,6
1220024,6
1029311,6
1320786,6
1001731,6
1188874,6
1035099,6
1235025,6
1090817,6
1299470,6
1198600,6
1058347,6
1257825,6
1014585,6
1222373,6
1291489,6
1217763,6
1308150,6
1178503,6
1140765,6
1297787,6
1116329,6
1094422,6
1005709,6
1208713,6
1314467,6
1032286,6
1032736,6
1232840,6
1105760,6
1291911,6
1202239,6
1072097,6
1247321,6
1096203,6
1139644,6
1271080,6
1096982,6
1252133,6
1315260,6
1270443,6
1131775,6
1302189,6
1197219,6
1043129,6
1209873,6
1111782,6
1023124,6
1275321,6
1107773,6
1261102,6
1084106,6
1206596,6
1220804,6
1263144,6
1234302,6
1149591,6
1189854,6
1277482,6
1235306,6
1225251,6
1078923,6
1212950,6
1015351,6
1278073,6
1309803,6
1132027,6
1235246,6
1292767,6
1322961,6
1324242,6
1129633,6
1246622,6
1019135,6
1001740,6
1306308,6
1184106,6
1140362,6
1021897,6
1234642,6
1315818,6
1307948,6
1108757,6
1182435,6
1151164,6
1175438,6
1074669,6
1174411,6
1298984,6
1297584,6
1168851,6
1218623,6
1127782,6
1312882,6
1130576,6
1114310,6
1103690,6
1172061,6
1214383,6
1296807,6
1258764,6
1051931,6
1243954,6
1271058,6
1184113,6
1039574,6
1308447,6
1195792,6
1314004,6
1150079,6
1006472,6
1121065,6
1084727,6
1318165,6
1306048,6
1232242,6
1228486,6
1073261,6
1138466,6
1301581,6
1218579,6
1219067,6
1027008,6
1320390,6
1024461,6
1013685,6
1235443,6
1060948,6
1191709,6
1126920,6
1119451,6
1019227,6
1029775,6
1313272,6
1012612,6
1133778,6
1174366,6
1262526,6
1204602,6
1219631,6
1284412,6
1159683,6
1167460,6
1208238,6
1184626,6
1297461,6
1078938,6
1237364,6
1158634,6
1070709,6
1265328,6
1160629,6
1314383,6
1047151,6
1229523,6
1144567,6
1177279,6
1141883,6
1006495,6
1314693,6
1267534,6
1169063,6
1175552,6
1298357,6
1323781,6
1262131,6
1062861,6
1026425,6
1143321,6
1142906,6
1080231,6
1134876,6
1130016,6
1062462,6
1173135,6
1002030,6
1247731,6
1215601,6
1313825,6
1086802,6
1249640,6
1102323,6
1075152,6
1197961,6
1022507,6
1295178,6
1254082,6
1140719,6
1076904,6
1045832,6
1114377,6
1033952,6
1127727,6
1220658,6
1310871,6
1062370,6
1163942,6
1166637,6
1277925,6
1099375,6
1181694,6
1139170,6
1155946,6
1195985,6
1266640,6
1295323,6
1142878,6
1267770,6
1269831,6
1241039,6
1046161,6
1273556,6
1186389,6
1153116,6
1076950,6
1250231,6
1169311,6
1045095,6
1092855,6
1287694,6
1168888,6
1025803,6
1160322,6
1308322,6
1272904,6
1084703,6
1061621,6
1195739,6
1254034,6
1017651,6
1227867,6
1196229,6
1027674,6
1024818,6
1103352,6
1183752,6
1312341,6
1224394,6
1247131,6
1136494,6
1022096,6
1020177,6
1191494,6
1026176,6
1241877,6
1015359,6
1085344,6
1150154,6
1129885,6
1301121,6
1139239,6
1203486,6
1056391,6
1190651,6
1152138,6
1088303,6
1064933,6
1034667,6
1113653,6
1162873,6
1080038,6
1196026,6
1020262,6
1012421,6
1263966,6
1212013,6
1056838,6
1005286,6
1129804,6
1212000,6
1302057,6
1238316,6
1053059,6
1137645,6
1001610,6
1243018,6
1002008,6
1267891,6
1313308,6
1288641,6
1203840,6
1260073,6
1277240,6
1213075,6
1132359,6
1058517,6
1131698,6
1203693,6
1266805,6
1135677,6
1185945,6
1313567,6
1253836,6
1040145,6
1099757,6
1161574,6
1064872,6
1160623,6
1008839,6
1300295,6
1149971,6
1115895,6
1248529,6
1303200,6
1278523,6
1207300,6
1325194,6
1084888,6
1170003,6
1207028,6
1312415,6
1007907,6
1061042,6
1139301,6
1098083,6
1303178,6
1125774,6
1167714,6
1241246,6
1117696,6
1155342,6
1062778,6
1000001,6
1122990,6
1176445,6
1146578,6
1053390,6
1157839,6
1128191,6
1087452,6
1108134,6
1046112,6
1102811,6
1271551,6
1077455,6
1079166,6
1289810,6
1325678,6
1295206,6
1124408,6
1311536,6
1189587,6
1030557,6
1309392,6
1141534,6
1084602,6
1146032,6
1053272,6
1169979,6
1239786,6
1304381,6
1005055,6
1169763,6
1182930,6
1088819,6
1206355,6
1153199,6
1072468,6
1070769,6
1004752,6
1130469,6
1183426,6
1135706,6
1138195,6
1209358,6
1274228,6
1151803,6
1198052,6
1295344,6
1047116,6
1269722,6
1154720,6
1231811,6
1009645,6
1166762,6
1031946,6
1220498,6
1059467,6
1108970,6
1112382,6
1312058,6
1072568,6
1038208,6
1110485,6
1212512,6
1065442,6
1099573,6
1284459,6
1191878,6
1185450,6
1046276,6
1013664,6
1127436,6
1002898,6
1016841,6
1091690,6
1091021,6
1243981,6
1212760,6
1319690,6
1258841,6
1317628,6
1173720,6
1244718,6
1032306,6
1044180,6
1251433,6
1219787,6
1279138,6
1199569,6
1205835,6
1142249,6
1109881,6
1093347,6
1276619,6
1051897,6
1236320,6
1206364,6
1153669,6
1057542,6
1296766,6
1094923,6
1308576,6
1162998,6
1081559,6
1127323,6
1248766,6
1295203,6
1070001,6
1043752,6
1263474,6
1122123,6
1271035,6
1243525,6
1006156,6
1105049,6
1059376,6
1052825,6
1106550,6
1124130,6
1323383,6
1051055,6
1211934,6
1067087,6
1135149,6
1109411,6
1256334,6
1168670,6
1197477,6
1035207,6
1082985,6
1278436,6
1229787,6
1135878,6
1309238,6
1037412,6
1094926,6
1167973,6
1288606,6
1079242,6
1152718,6
1216323,6
1044860,6
1320850,6
1103844,6
1137864,6
1124279,6
1155764,6
1309437,6
1313964,6
1288279,6
1247979,6
1273550,6
1170744,6
1098023,6
1134960,6
1280062,6
1259561,6
1281530,6
1165831,6
1082434,6
1175398,6
1225339,6
1005432,6
1271776,6
1167868,6
1055846,6
1162592,6
1224490,6
1241358,6
1061572,6
1034051,6
1143329,6
1042815,6
1113641,6
1045144,6
1313459,6
1198936,6
1255565,6
1057681,6
1025462,6
1258710,6
1212682,6
1298582,6
1141442,6
1305337,6
1072223,6
1215539,6
1266727,6
1207882,6
1104776,6
1256262,6
1274239,6
1303594,6
1269591,6
1125629,6
1227222,6
1054681,6
1023137,6
1195363,6
1301492,6
1286460,6
1023421,6
1076024,6
1193639,6
1318330,6
1261216,6
1171940,6
1199716,6
1036349,6
1216018,6
1172832,6
1014135,6
1262824,6
1067687,6
1121323,6
1201834,6
1122741,6
1319514,6
1193903,6
1129612,6
1119633,6
1001951,6
1248108,6
1013755,6
1130709,6
1046436,6
1024301,6
1229729,6
1132592,6
1307012,6
1033203,6
1009963,6
1016246,6
1256580,6
1033068,6
1085333,6
1113278,6
1077144,6
1297416,6
1051098,6
1028144,6
1165634,6
1205526,6
1175942,6
1252690,6
1119270,6
1057711,6
1175044,6
1293180,6
1157567,6
1014160,6
1302221,6
1156572,6
1325462,6
1068164,6
1277279,6
1109522,6
1019373,6
1227538,6
1224357,6
1134561,6
1224265,6
1176100,6
1132380,6
1252231,6
1013075,6
1045239,6
1240117,6
1011762,6
1032836,6
1166677,6
1245505,6
1259004,6
1012027,6
1323138,6
1074759,6
1203622,6
1014725,6
1224332,6
1110639,6
1267257,6
1095415,6
1262496,6
1031361,6
1239767,6
1067040,6
1217338,6
1127439,6
1211256,6
1230461,6
1193917,6
1164187,6
1117978,6
1096378,6
1102303,6
1075759,6
1204637,6
1207406,6
1272333,6
1208286,6
1125472,6
1077689,6
1006535,6
1178499,6
1010421,6
1060822,6
1256925,6
1277289,6
1261755,6
1263655,6
1174568,6
1269851,6
1242907,6
1026923,6
1001253,6
1202113,6
1204942,6
1054424,6
1051327,6
1067973,6
1179726,6
1294844,6
1096301,6
1215573,6
1008068,6
1089563,6
1000127,6
1065189,6
1323691,6
1245327,6
1310624,6
1097662,6
1055405,6
1200744,6
1282233,6
1057131,6
1223107,6
1203231,6
1221436,6
1053449,6
1250373,6
1045745,6
1148855,6
1277065,6
1189720,6
1197003,6
1243066,6
1304756,6
1216948,6
1153853,6
1150320,6
1066704,6
1155268,6
1020490,6
1035667,6
1039585,6
1313048,6
1136657,6
1000301,6
1221351,6
1050583,6
1288322,6
1196344,6
1085139,6
1046298,6
1254576,6
1307448,6
1275015,6
1197480,6
1035152,6
1140890,6
1249345,6
1108555,6
1143204,6
1249961,6
1084694,6
1034195,6
1144491,6
1229895,6
1270686,6
1193387,6
1268535,6
1207791,6
1318877,6
1137403,6
1062401,6
1065055,6
1257531,6
1321378,6
1266880,6
1063305,6
1212333,6
1244634,6
1270950,6
1154477,6
1132627,6
1264713,6
1032821,6
1020523,6
1317958,6
1148632,6
1046534,6
1321437,6
1177814,6
1121576,6
1316386,6
1025446,6
1034572,6
1277907,6
1211627,6
1149775,6
1260506,6
1152526,6
1063633,6
1043636,6
1276060,6
1070297,6
1253112,6
1124716,6
1031369,6
1195070,6
1252817,6
1141898,6
1276013,6
1039253,6
1292622,6
1260514,6
1323624,6
1233140,6
1077719,6
1037942,6
1267726,6
1046913,6
1102648,6
1103230,6
1029138,6
1193504,6
1252758,6
1209602,6
1045359,6
1167238,6
1109476,6
1036995,6
1260802,6
1289819,6
1145253,6
1140843,6
1307040,6
1133671,6
1062903,6
1115879,6
1299505,6
1269563,6
1186066,6
1026720,6
1064229,6
1206442,6
1051207,6
1103393,6
1228720,6
1286895,6
1174187,6
1259743,6
1080782,6
1081659,6
1032423,6
1000595,6
1028999,6
1269404,6
1261988,6
1284488,6
1014729,6
1244939,6
1154488,6
1075352,6
1058711,6
1209325,6
1018317,6
1272188,6
1001443,6
1162844,6
1053264,6
1185803,6
1207314,6
1292268,6
1166331,6
1159672,6
1199193,6
1094335,6
1087454,6
1173492,6
1068942,6
1125441,6
1272516,6
1248455,6
1274430,6
1142014,6
1236458,6
1147691,6
1083011,6
1168023,6
1178832,6
1110592,6
1225013,6
1032450,6
1045036,6
1256795,6
1265709,6
1314754,6
1280045,6
1272982,6
1247203,6
1195568,6
1313609,6
1324291,6
1054688,6
1181236,6
1196333,6
1001754,6
1189070,6
1244055,6
1196697,6
1179871,6
1229706,6
1133228,6
1024283,6
1308553,6
1010022,6
1299654,6
1218711,6
1058911,6
1306537,6
1176674,6
1211842,6
1099467,6
1112268,6
1280884,6
1082301,6
1018615,6
1205454,6
1136101,6
1173642,6
1213443,6
1016874,6
1151598,6
1311562,6
1241080,6
1299189,6
1119045,6
1053576,6
1042650,6
1323125,6
1036043,6
1302701,6
1045494,6
1051656,6
1243919,6
1066696,6
1001896,6
1217560,6
1212183,6
1067555,6
1157940,6
1052147,6
1040489,6
1075121,6
1081138,6
1184531,6
1232330,6
1207858,6
1141786,6
1307835,6
1165285,6
1137127,6
1015543,6
1017918,6
1182615,6
1108322,6
1125219,6
1027011,6
1241612,6
1276980,6
1104014,6
1048107,6
1293321,6
1211421,6
1235316,6
1077830,6
1218838,6
1075835,6
1025986,6
1226318,6
1186560,6
1001815,6
1023415,6
1254523,6
1191756,6
1052588,6
1145438,6
1049211,6
1082228,6
1003226,6
1260674,6
1098949,6
1198584,6
1018517,6
1216944,6
1024275,6
1199470,6
1224645,6
1250053,6
1153113,6
1135584,6
1194815,6
1178031,6
1105679,6
1289185,6
1218131,6
1232221,6
1040995,6
1239424,6
1015239,6
1037117,6
1277687,6
1206722,6
1253831,6
1009973,6
1050017,6
1168495,6
1325767,6
1175725,6
1267807,6
1124069,6
1219438,6
1158786,6
1253997,6
1310302,6
1320547,6
1149115,6
1004725,6
1242525,6
1250809,6
1039775,6
1206464,6
1242917,6
1119723,6
1077164,6
1213635,6
1256841,6
1107385,6
1158823,6
1100471,6
1294789,6
1040595,6
1295614,6
1218671,6
1306913,6
1229323,6
1098061,6
1281078,6
1060096,6
1298535,6
1002235,6
1098818,6
1129391,6
1213224,6
1132823,6
1306469,6
1068833,6
1069179,6
1277956,6
1000760,6
1146374,6
1014315,6
1264860,6
1260543,6
1023612,6
1002732,6
1262811,6
1189936,6
1221721,6
1308332,6
1011545,6
1163868,6
1109727,6
1031387,6
1151955,6
1125936,6
1292852,6
1200912,6
1133873,6
1189652,6
1179433,6
1270795,6
1199405,6
1283007,6
1110300,6
1141081,6
1158763,6
1148907,6
1317426,6
1320636,6
1160780,6
1085268,6
1174821,6
1041438,6
1113969,6
1258363,6
1089450,6
1077761,6
1270759,6
1251913,6
1073748,6
1277058,6
1157001,6
1047686,6
1246440,6
1281150,6
1257974,6
1097988,6
1272599,6
1051169,6
1013835,6
1202583,6
1172719,6
1149432,6
1253832,6
1162259,6
1103013,6
1119795,6
1267018,6
1200422,6
1324381,6
1147932,6
1084082,6
1248128,6
1188346,6
1077691,6
1080063,6
1280212,6
1071021,6
1183009,6
1225866,6
1108253,6
1087884,6
1227279,6
1122924,6
1060277,6
1154704,6
1180205,6
1148712,6
1190291,6
1204813,6
1195385,6
1303015,6
1090767,6
1264370,6
1296961,6
1314152,6
1074785,6
1315488,6
1062289,6
1245097,6
1050783,6
1104305,6
1078302,6
1036705,6
1244472,6
1151236,6
1185048,6
1185174,6
1251060,6
1195964,6
1180689,6
1075223,6
1302584,6
1180457,6
1159086,6
1234375,6
1208620,6
1247721,6
1236573,6
1081323,6
1089041,6
1144221,6
1229157,6
1178387,6
1005256,6
1264241,6
1000355,6
1240675,6
1227694,6
1023038,6
1110383,6
1115314,6
1261173,6
1116399,6
1226149,6
1305361,6
1229463,6
1181940,6
1050366,6
1006316,6
1272117,6
1307745,6
1083778,6
1267144,6
1156455,6
1012380,6
1119478,6
1044148,6
1017404,6
1079923,6
1140357,6
1219235,6
1220629,6
1250805,6
1005672,6
1157114,6
1253034,6
1038197,6
1171724,6
1166886,6
1048714,6
1234434,6
1093538,6
1200140,6
1299163,6
1269804,6
1002250,6
1324570,6
1310335,6
1218536,6
1113440,6
1116065,6
1051184,6
1028276,6
1066679,6
1170046,6
1029617,6
1166273,6
1224695,6
1051219,6
1094179,6
1042817,6
1192519,6
1219823,6
1243453,6
1002156,6
1210299,6
1248331,6
1246672,6
1318664,6
1267671,6
1133800,6
1000489,6
1189343,6
1229886,6
1322087,6
1050877,6
1223676,6
1009178,6
1287091,6
1241224,6
1196827,6
1149537,6
1313507,6
1052545,6
1146734,6
1137164,6
1196910,6
1067512,6
1170445,6
1116859,6
1167074,6
1019833,6
1172882,6
1098859,6
1015796,6
1053379,6
1182521,6
1278864,6
1104374,6
1121615,6
1182889,6
1103819,6
1295973,6
1161199,6
1155131,6
1041589,6
1138690,6
1138597,6
1047073,6
1002754,6
1019716,6
1173144,6
1077598,6
1093618,6
1210795,6
1259639,6
1084861,6
1015416,6
1142040,6
1247550,6
1233214,6
1014243,6
1048091,6
1199321,6
1131030,6
1089542,6
1140895,6
1255704,6
1102285,6
1218573,6
1174218,6
1293480,6
1318930,6
1322874,6
1306589,6
1304741,6
1018388,6
1263890,6
1007738,6
1248405,6
1276887,6
1155970,6
1023561,6
1063133,6
1318029,6
1194487,6
1107059,6
1230940,6
1314490,6
1162703,6
1173039,6
1277681,6
1319125,6
1285146,6
1138291,6
1108389,6
1233195,6
1218446,6
1217456,6
1324283,6
1003167,6
1118898,6
1094268,6
1048577,6
1094239,6
1108613,6
1242841,6
1008142,6
1012292,6
1201737,6
1078763,6
1190994,6
1258747,6
1265348,6
1060241,6
1317767,6
1135319,6
1005292,6
1277048,6
1091662,6
1059440,6
1186291,6
1256721,6
1219622,6
1169201,6
1225278,6
1026808,6
1298497,6
1235620,6
1196767,6
1023525,6
1306247,6
1168230,6
1189061,6
1208844,6
1116581,6
1266598,6
1090695,6
1177819,6
1195907,6
1104535,6
1305750,6
1130648,6
1240060,6
1096519,6
1112991,6
1043965,6
1325613,6
1211328,6
1000005,6
1078681,6
1230059,6
1274020,6
1268803,6
1070317,6
1219990,6
1276794,6
1237257,6
1131780,6
1196352,6
1202713,6
1138535,6
1036682,6
1124487,6
1124735,6
1281352,6
1250855,6
1174423,6
1229405,6
1222834,6
1185196,6
1028727,6
1311242,6
1080612,6
1137944,6
1073109,6
1111707,6
1131588,6
1312388,6
1259469,6
1264399,6
1302335,6
1094121,6
1219724,6
1046910,6
1116204,6
1130859,6
1187985,6
1278818,6
1044845,6
1322663,6
1101280,6
1099549,6
1079698,6
1074654,6
1175453,6
1301234,6
1291101,6
1299081,6
1086239,6
1062363,6
1038682,6
1049637,6
1226977,6
1222884,6
1152252,6
1299191,6
1250781,6
1066240,6
1047408,6
1245863,6
1004238,6
1244191,6
1143358,6
1272436,6
1080741,6
1031506,6
1089529,6
1161661,6
1222099,6
1323919,6
1198559,6
1322074,6
1087320,6
1176773,6
1045148,6
1036668,6
1235529,6
1096517,6
1101184,6
1063192,6
1098431,6
1200765,6
1125902,6
1297219,6
1000893,6
1090152,6
1210856,6
1141808,6
1077436,6
1228400,6
1287205,6
1247018,6
1248353,6
1113821,6
1095596,6
1082626,6
1170891,6
1258134,6
1287625,6
1278628,6
1120418,6
1029680,6
1252277,6
1272987,6
1085417,6
1064534,6
1004566,6
1179450,6
1040400,6
1089165,6
1017995,6
1089532,6
1042983,6
1067646,6
1017123,6
1220203,6
1010351,6
1245720,6
1185282,6
1100490,6
1145643,6
1237266,6
1320946,6
1197324,6
1277962,6
1217043,6
1198978,6
1174862,6
1260731,6
1175490,6
1054894,6
1299792,6
1167182,6
1301730,6
1144786,6
1269041,6
1287919,6
1251839,6
1118027,6
1251354,6
1051683,6
1320342,6
1155646,6
1140014,6
1193547,6
1103763,6
1242542,6
1075189,6
1216105,6
1045786,6
1083113,6
1078820,6
1082481,6
1258048,6
1294768,6
1192700,6
1124254,6
1072165,6
1107734,6
1068242,6
1153695,6
1092030,6
1202184,6
1294153,6
1176909,6
1267797,6
1216110,6
1255011,6
1179558,6
1022210,6
1051817,6
1225616,6
1017251,6
1184163,6
1148926,6
1078708,6
1129925,6
1205602,6
1321300,6
1151089,6
1115054,6
1059061,6
1314917,6
1162179,6
1093479,6
1045283,6
1278748,6
1184757,6
1290059,6
1178431,6
1251235,6
1132482,6
1176327,6
1020363,6
1127582,6
1042169,6
1215038,6
1165508,6
1096764,6
1055855,6
1081096,6
1190480,6
1004256,6
1096183,6
1029195,6
1005958,6
1130354,6
1223122,6
1090879,6
1262391,6
1154903,6
1044967,6
1177549,6
1129230,6
1300273,6
1105971,6
1204229,6
1158078,6
1202858,6
1173997,6
1162935,6
1167101,6
1082869,6
1183988,6
1302726,6
1260570,6
1040353,6
1000773,6
1315855,6
1196251,6
1237081,6
1215980,6
1235227,6
1019083,6
1107044,6
1214457,6
1023158,6
1036102,6
1245630,6
1217375,6
1200254,6
1188830,6
1073243,6
1190857,6
1075165,6
1112845,6
1199570,6
1217924,6
1251356,6
1200178,6
1192217,6
1055255,6
1021716,6
1195983,6
1149069,6
1166553,6
1183153,6
1123422,6
1033050,6
1061262,6
1034339,6
1023894,6
1237709,6
1032006,6
1080661,6
1240850,6
1086934,6
1246378,6
1206898,6
1155844,6
1300989,6
1128156,6
1239704,6
1057428,6
1207669,6
1199604,6
1112976,6
1146838,6
1051108,6
1215047,6
1263783,6
1095120,6
1253654,6
1261231,6
1052250,6
1135597,6
1274152,6
1147996,6
1274324,6
1291455,6
1307947,6
1299753,6
1131190,6
1312747,6
1235949,6
1191535,6
1170620,6
1088249,6
1299153,6
1070742,6
1215085,6
1241420,6
1042391,6
1290468,6
1249013,6
1180601,6
1213653,6
1193831,6
1003401,6
1220531,6
1083261,6
1278603,6
1164585,6
1072921,6
1304771,6
1168178,6
1297430,6
1122354,6
1287389,6
1270469,6
1225344,6
1282015,6
1056269,6
1205078,6
1066343,6
1225794,6
1271880,6
1099871,6
1092632,6
1218659,6
1169226,6
1018047,6
1048056,6
1022692,6
1137987,6
1010448,6
1066746,6
1091985,6
1013398,6
1255379,6
1090978,6
1191317,6
1217707,6
1158259,6
1183202,6
1224183,6
1192703,6
1045533,6
1170859,6
1094573,6
1231378,6
1136836,6
1280552,6
1053545,6
1152955,6
1080468,6
1262644,6
1023668,6
1085872,6
1222123,6
1321331,6
1148512,6
1266530,6
1268011,6
1234173,6
1108897,6
1290896,6
1090728,6
1225370,6
1320276,6
1136783,6
1005177,6
1100611,6
1281420,6
1192084,6
1138382,6
1241604,6
1185546,6
1081930,6
1194460,6
1058170,6
1300535,6
1216368,6
1199374,6
1000357,6
1215478,6
1282672,6
1007455,6
1045355,6
1120344,6
1004854,6
1085042,6
1126097,6
1233024,6
1317838,6
1053359,6
1076454,6
1123345,6
1068459,6
1275991,6
1046364,6
1076146,6
1169470,6
1012167,6
1075231,6
1120885,6
1124263,6
1176408,6
1188006,6
1109109,6
1305122,6
1074091,6
1311053,6
1105243,6
1213613,6
1119515,6
1062002,6
1125042,6
1165198,6
1036886,6
1110789,6
1268987,6
1243038,6
1158696,6
1233823,6
1267907,6
1216648,6
1307706,6
1269605,6
1050650,6
1145880,6
1114601,6
1183855,6
1256371,6
1202685,6
1112487,6
1030579,6
1034959,6
1238486,6
1056081,6
1060761,6
1082428,6
1149688,6
1290697,6
1227767,6
1161272,6
1097514,6
1224758,6
1173251,6
1275178,6
1080519,6
1084570,6
1103547,6
1125290,6
1303116,6
1080824,6
1301912,6
1295923,6
1228624,6
1170999,6
1139943,6
1282094,6
1202009,6
1160205,6
1165816,6
1053498,6
1221808,6
1005367,6
1256451,6
1012125,6
1143965,6
1303181,6
1070323,6
1298576,6
1160312,6
1021146,6
1070840,6
1234841,6
1186780,6
1184612,6
1143602,6
1110925,6
1145357,6
1058328,6
1289898,6
1149805,6
1168567,6
1028207,6
1229341,6
1259173,6
1290921,6
1198661,6
1123151,6
1164961,6
1221095,6
1289167,6
1044120,6
1032781,6
1247797,6
1055418,6
1196301,6
1310931,6
1074022,6
1308668,6
1010443,6
1257086,6
1299204,6
1290693,6
1091684,6
1179521,6
1041273,6
1060981,6
1164589,6
1016485,6
1248088,6
1125427,6
1130884,6
1105349,6
1010329,6
1215184,6
1195846,6
1060334,6
1205600,6
1219598,6
1316538,6
1117954,6
1169578,6
1277561,6
1278931,6
1288063,6
1033389,6
1000537,6
1174736,6
1108046,6
1321234,6
1024433,6
1028715,6
1024535,6
1062236,6
1005573,6
1018126,6
1095424,6
1249717,6
1173357,6
1191563,6
1294176,6
1036129,6
1132987,6
1069268,6
1296128,6
1050862,6
1063316,6
1026345,6
1236887,6
1269112,6
1221986,6
1031797,6
1124614,6
1270534,6
1135795,6
1038818,6
1168893,6
1225350,6
1291599,6
1304914,6
1305099,6
1159989,6
1189972,6
1153841,6
1151735,6
1022408,6
1037679,6
1100348,6
1075686,6
1162716,6
1298097,6
1094368,6
1166994,6
1288833,6
1146532,6
1257129,6
1057096,6
1080797,6
1116532,6
1192299,6
1192567,6
1148438,6
1094523,6
1305605,6
1269650,6
1201028,6
1277606,6
1278618,6
1319044,6
1311304,6
1098332,6
1128990,6
1236304,6
1222918,6
1321053,6
1187919,6
1091682,6
1228374,6
1242465,6
1123002,6
1273199,6
1015440,6
1057469,6
1014461,6
1270159,6
1110887,6
1230825,6
1281085,6
1150445,6
1001312,6
1247694,6
1264359,6
1030562,6
1068666,6
1101694,6
1196433,6
1032743,6
1311795,6
1294415,6
1314296,6
1135083,6
1190912,6
1223081,6
1248926,6
1117202,6
1212201,6
1325012,6
1220128,6
1141988,6
1047515,6
1176299,6
1211069,6
1141428,6
1035586,6
1232076,6
1053611,6
1190961,6
1188182,6
1298041,6
1104160,6
1000778,6
1177576,6
1145698,6
1066292,6
1324353,6
1003533,6
1239359,6
1074212,6
1135084,6
1057132,6
1062978,6
1286439,6
1240553,6
1154198,6
1159523,6
1188895,6
1304304,6
1096032,6
1239194,6
1177711,6
1058487,6
1135292,6
1292396,6
1172838,6
1228174,6
1152273,6
1048002,6
1257109,6
1103296,6
1165480,6
1099677,6
1033718,6
1162917,6
1177055,6
1126366,6
1050180,6
1293400,6
1120746,6
1170719,6
1248360,6
1008874,6
1055242,6
1259599,6
1160683,6
1123527,6
1143019,6
1301972,6
1231097,6
1111800,6
1275107,6
1268035,6
1194101,6
1051973,6
1256836,6
1123720,6
1033260,6
1025197,6
1218028,6
1260682,6
1275519,6
1037232,6
1068259,6
1229999,6
1042131,6
1140808,6
1291995,6
1052080,6
1262405,6
1033129,6
1108531,6
1071285,6
1266829,6
1149983,6
1074266,6
1176178,6
1012112,6
1065783,6
1069637,6
1205678,6
1011510,6
1159664,6
1147292,6
1171637,6
1054843,6
1063982,6
1123767,6
1272007,6
1258097,6
1014255,6
1192198,6
1190242,6
1048768,6
1097425,6
1084374,6
1193994,6
1000651,6
1001888,6
1269640,6
1206669,6
1074141,6
1259776,6
1151884,6
1101068,6
1168870,6
1016840,6
1172847,6
1265404,6
1123819,6
1287815,6
1101007,6
1302277,6
1201981,6
1110333,6
1289979,6
1043942,6
1118349,6
1003569,6
1290088,6
1120057,6
1299674,6
1064348,6
1168771,6
1220714,6
1234364,6
1306073,6
1119421,6
1098316,6
1288430,6
1177359,6
1303060,6
1297834,6
1077746,6
1284766,6
1122509,6
1188863,6
1011769,6
1308729,6
1195289,6
1131324,6
1096760,6
1096468,6
1209241,6
1057945,6
1125073,6
1038206,6
1226832,6
1100826,6
1086997,6
1060318,6
1225157,6
1324045,6
1154897,6
1050935,6
1117540,6
1139802,6
1144950,6
1030113,6
1127227,6
1098204,6
1121216,6
1021727,6
1209829,6
1027041,6
1224472,6
1044732,6
1156584,6
1184361,6
1040124,6
1032568,6
1223757,6
1284567,6
1036083,6
1240122,6
1313597,6
1231322,6
1178073,6
1198618,6
1273615,6
1081892,6
1190748,6
1292779,6
1246623,6
1097277,6
1122588,6
1008072,6
1132983,6
1272928,6
1123743,6
1029104,6
1057240,6
1208793,6
1033923,6
1277448,6
1313160,6
1219743,6
1106748,6
1188779,6
1118277,6
1163063,6
1053094,6
1265580,6
1244258,6
1242940,6
1175271,6
1250275,6
1045620,6
1263606,6
1127996,6
1187186,6
1202014,6
1318566,6
1219217,6
1184451,6
1115758,6
1177944,6
1037131,6
1055174,6
1014288,6
1076628,6
1170942,6
1224381,6
1243059,6
1097529,6
1053755,6
1157850,6
1135543,6
1303624,6
1224531,6
1311757,6
1210571,6
1277361,6
1033085,6
1256083,6
1177410,6
1310493,6
1030790,6
1197790,6
1281415,6
1150181,6
1059846,6
1003447,6
1051053,6
1273841,6
1240141,6
1108985,6
1277145,6
1098967,6
1162695,6
1315032,6
1143080,6
1198529,6
1042944,6
1031048,6
1021098,6
1146729,6
1189316,6
1031662,6
1031399,6
1193265,6
1299828,6
1192739,6
1025304,6
1149694,6
1007088,6
1073843,6
1247697,6
1300211,6
1083573,6
1064128,6
1108223,6
1266531,6
1054470,6
1302202,6
1297697,6
1324152,6
1236610,6
1032337,6
1150278,6
1098956,6
1052698,6
1044113,6
1010953,6
1032434,6
1020772,6
1054733,6
1141253,6
1319100,6
1216010,6
1129380,6
1214475,6
1325787,6
1241128,6
1197133,6
1114021,6
1255503,6
1068495,6
1221254,6
1274196,6
1181958,6
1095744,6
1183092,6
1293284,6
1154790,6
1267981,6
1244486,6
1233795,6
1069558,6
1030555,6
1130681,6
1261943,6
1304390,6
1157408,6
1262705,6
1280410,6
1112314,6
1032220,6
1083808,6
1171912,6
1233702,6
1083349,6
1280933,6
1104947,6
1026505,6
1023366,6
1024297,6
1140620,6
1034215,6
1307920,6
1275765,6
1239080,6
1064001,6
1121346,6
1124618,6
1199393,6
1201385,6
1087160,6
1227056,6
1238040,6
1176184,6
1097835,6
1270975,6
1203918,6
1095031,6
1217716,6
1177553,6
1172146,6
1011742,6
1314618,6
1301059,6
1225688,6
1304776,6
1283980,6
1170412,6
1286530,6
1232714,6
1048751,6
1121638,6
1264148,6
1197807,6
1262941,6
1110849,6
1050961,6
1300293,6
1036054,6
1155206,6
1187526,6
1103747,6
1276209,6
1134892,6
1255135,6
1321497,6
1086411,6
1114640,6
1120557,6
1052969,6
1191949,6
1314219,6
1296076,6
1171377,6
1135288,6
1068115,6
1009237,6
1262154,6
1248340,6
1045170,6
1266203,6
1224450,6
1185157,6
1013644,6
1290656,6
1090291,6
1249815,6
1002327,6
1071791,6
1217197,6
1129441,6
1272171,6
1249524,6
1310980,6
1211432,6
1265657,6
1283208,6
1085000,6
1189347,6
1195365,6
1276607,6
1079250,6
1131373,6
1321924,6
1131851,6
1022879,6
1204851,6
1015291,6
1236387,6
1293224,6
1253139,6
1122767,6
1013234,6
1081453,6
1219148,6
1131593,6
1109800,6
1242549,6
1244309,6
1040926,6
1099702,6
1237447,6
1015223,6
1200957,6
1256444,6
1126229,6
1124878,6
1034183,6
1297003,6
1221134,6
1154691,6
1301815,6
1210827,6
1093757,6
1323159,6
1146435,6
1194400,6
1041397,6
1183606,6
1198271,6
1066976,6
1028396,6
1288350,6
1089809,6
1154557,6
1122547,6
1041675,6
1322103,6
1236311,6
1314698,6
1309823,6
1121896,6
1294156,6
1160080,6
1292199,6
1015839,6
1104921,6
1310145,6
1152151,6
1182191,6
1084799,6
1110819,6
1157822,6
1040437,6
1035459,6
1222951,6
1261939,6
1097764,6
1085276,6
1222568,6
1010705,6
1210056,6
1086874,6
1254333,6
1246150,6
1288739,6
1294327,6
1089342,6
1017733,6
1041412,6
1114453,6
1166023,6
1151498,6
1089633,6
1012660,6
1274012,6
1298009,6
1017105,6
1097489,6
1114881,6
1259221,6
1185819,6
1317785,6
1005641,6
1203188,6
1256678,6
1179679,6
1248930,6
1283270,6
1127538,6
1287247,6
1005236,6
1299715,6
1190584,6
1174417,6
1155429,6
1227358,6
1297562,6
1215667,6
1239004,6
1163685,6
1103297,6
1000100,6
1102342,6
1176465,6
1119965,6
1182256,6
1272035,6
1125350,6
1138700,6
1185805,6
1122421,6
1023649,6
1088864,6
1265078,6
1180575,6
1238887,6
1208266,6
1284378,6
1086107,6
1125476,6
1156396,6
1096329,6
1320884,6
1188210,6
1048256,6
1284985,6
1133502,6
1160659,6
1157222,6
1310491,6
1023470,6
1286050,6
1287780,6
1187751,6
1109055,6
1199394,6
1174248,6
1215716,6
1161982,6
1101353,6
1079383,6
1236749,6
1200809,6
1251310,6
1052434,6
1219627,6
1241489,6
1026232,6
1072361,6
1097059,6
1244867,6
1147589,6
1094187,6
1016844,6
1109589,6
1228304,6
1134778,6
1018367,6
1279763,6
1280483,6
1088699,6
1295619,6
1192574,6
1211909,6
1160435,6
1182350,6
1184778,6
1050441,6
1064176,6
1292469,6
1269104,6
1065708,6
1258814,6
1115061,6
1281425,6
1300448,6
1277344,6
1250197,6
1011926,6
1083845,6
1281571,6
1248421,6
1309878,6
1243682,6
1165145,6
1058278,6
1229165,6
1162000,6
1298591,6
1239491,6
1233897,6
1119293,6
1001627,6
1082117,6
1055141,6
1252221,6
1255217,6
1126347,6
1263265,6
1180529,6
1047985,6
1285662,6
1144529,6
1107595,6
1032606,6
1015121,6
1158302,6
1259391,6
1052256,6
1127408,6
1158489,6
1144743,6
1253784,6
1168044,6
1306759,6
1129980,6
1233307,6
1094862,6
1051595,6
1029689,6
1146452,6
1130475,6
1136051,6
1266417,6
1215106,6
1001820,6
1313880,6
1100344,6
1230377,6
1107953,6
1290323,6
1265628,6
1191484,6
1202197,6
1112152,6
1011335,6
1220890,6
1242084,6
1145042,6
1311243,6
1311096,6
1130799,6
1040896,6
1134203,6
1324345,6
1253365,6
1146767,6
1240761,6
1160129,6
1089431,6
1192229,6
1002016,6
1012004,6
1082109,6
1218756,6
1231437,6
1106990,6
1200410,6
1116492,6
1006134,6
1066671,6
1176683,6
1267306,6
1256011,6
1043812,6
1254314,6
1032043,6
1172797,6
1126930,6
1034666,6
1110430,6
1254000,6
1019253,6
1121193,6
1061754,6
1250696,6
1078418,6
1020042,6
1245735,6
1024592,6
1281422,6
1184643,6
1235020,6
1025303,6
1054023,6
1073698,6
1083240,6
1059545,6
1181021,6
1018269,6
1209372,6
1234073,6
1189407,6
1186455,6
1048477,6
1035717,6
1200053,6
1191057,6
1164081,6
1219472,6
1134958,6
1287749,6
1079135,6
1002851,6
1300242,6
1225822,6
1138354,6
1197727,6
1263819,6
1277062,6
1030668,6
1285562,6
1128506,6
1243265,6
1011457,6
1171327,6
1324829,6
1210354,6
1261625,6
1286369,6
1307937,6
1116678,6
1274595,6
1136114,6
1224567,6
1076240,6
1218510,6
1322836,6
1049130,6
1124188,6
1309639,6
1315083,6
1160351,6
1071891,6
1034782,6
1049497,6
1111789,6
1156039,6
1016881,6
1252641,6
1026338,6
1209182,6
1275368,6
1201602,6
1074134,6
1006788,6
1224824,6
1112714,6
1026130,6
1081998,6
1300572,6
1156879,6
1176475,6
1086634,6
1288779,6
1224855,6
1283377,6
1074603,6
1013522,6
1313175,6
1312172,6
1243646,6
1048055,6
1287035,6
1137107,6
1204032,6
1315539,6
1124580,6
1086486,6
1002098,6
1131375,6
1133153,6
1055691,6
1272772,6
1148939,6
1094362,6
1236507,6
1157304,6
1109865,6
1266085,6
1156603,6
1129064,6
1148616,6
1142799,6
1087666,6
1314529,6
1202491,6
1072889,6
1302850,6
1085887,6
1138192,6
1170097,6
1154838,6
1172011,6
1243316,6
1316436,6
1284843,6
1011705,6
1216680,6
1260601,6
1306384,6
1062273,6
1093678,6
1037033,6
1041127,6
1144342,6
1247907,6
1123858,6
1171140,6
1158299,6
1321958,6
1247696,6
1044398,6
1073645,6
1164021,6
1068441,6
1245090,6
1304403,6
1288368,6
1106991,6
1121596,6
1195705,6
1097862,6
1087246,6
1128979,6
1054275,6
1013699,6
1236469,6
1163176,6
1055436,6
1069750,6
1183544,6
1057042,6
1136617,6
1244832,6
1254229,6
1113086,6
1038332,6
1030655,6
1091980,6
1186550,6
1102349,6
1206588,6
1128996,6
1087323,6
1138636,6
1311083,6
1311822,6
1068344,6
1089595,6
1112064,6
1036055,6
1162075,6
1305470,6
1084096,6
1199059,6
1268799,6
1243710,6
1007864,6
1226283,6
1071389,6
1285796,6
1294240,6
1030865,6
1119523,6
1066212,6
1013838,6
1091337,6
1049420,6
1148575,6
1178141,6
1132282,6
1325380,6
1259328,6
1226202,6
1175069,6
1279432,6
1148057,6
1252397,6
1080001,6
1218443,6
1320267,6
1305262,6
1225554,6
1229015,6
1171226,6
1015358,6
1164848,6
1020016,6
1138380,6
1223163,6
1166198,6
1065154,6
1110111,6
1169079,6
1063670,6
1113666,6
1045257,6
1164276,6
1301982,6
1249731,6
1289255,6
1305595,6
1134750,6
1070142,6
1051192,6
1050343,6
1258845,6
1068992,6
1191094,6
1248198,6
1017761,6
1012995,6
1124105,6
1056866,6
1289449,6
1306435,6
1161702,6
1015857,6
1242335,6
1201449,6
1206061,6
1111684,6
1168946,6
1253508,6
1275012,6
1293454,6
1207445,6
1189116,6
1300369,6
1046481,6
1008543,6
1049086,6
1275484,6
1192352,6
1006664,6
1169042,6
1294622,6
1095113,6
1250606,6
1278820,6
1167534,6
1234860,6
1080193,6
1126145,6
1206530,6
1243506,6
1146849,6
1281392,6
1275002,6
1309186,6
1091716,6
1289175,6
1243307,6
1157956,6
1270796,6
1123456,6
1015274,6
1212561,6
1235741,6
1005172,6
1047268,6
1315365,6
1069844,6
1211338,6
1049147,6
1158041,6
1067925,6
1229988,6
1102205,6
1174464,6
1196238,6
1184572,6
1151252,6
1166212,6
1184445,6
1279426,6
1169046,6
1117840,6
1175425,6
1082123,6
1279889,6
1244942,6
1101649,6
1248312,6
1174697,6
1108858,6
1058395,6
1052831,6
1224704,6
1317440,6
1172141,6
1284592,6
1148924,6
1026098,6
1192722,6
1146863,6
1293099,6
1151556,6
1143702,6
1290555,6
1014422,6
1156361,6
1207734,6
1000712,6
1027789,6
1157995,6
1208819,6
1201265,6
1080415,6
1042396,6
1086035,6
1141660,6
1168719,6
1273133,6
1168951,6
1030911,6
1073204,6
1149671,6
1246140,6
1103141,6
1032344,6
1199685,6
1140485,6
1107061,6
1117713,6
1211512,6
1095008,6
1220472,6
1014586,6
1087538,6
1098331,6
1218546,6
1178011,6
1297446,6
1269336,6
1299797,6
1220392,6
1165442,6
1306724,6
1198222,6
1046546,6
1324459,6
1276875,6
1108790,6
1194357,6
1247858,6
1106741,6
1157859,6
1069379,6
1133474,6
1290104,6
1256810,6
1227062,6
1146114,6
1054678,6
1098370,6
1116911,6
1102009,6
1119627,6
1029631,6
1080384,6
1063716,6
1083216,6
1223103,6
1278615,6
1153864,6
1317125,6
1159468,6
1027301,6
1226324,6
1272367,6
1026758,6
1224148,6
1259437,6
1170509,6
1072959,6
1051852,6
1011138,6
1088833,6
1216779,6
1288647,6
1005526,6
1224471,6
1084778,6
1087256,6
1309221,6
1217513,6
1294895,6
1300104,6
1170452,6
1309673,6
1223425,6
1274715,6
1271873,6
1066604,6
1322940,6
1185625,6
1020411,6
1273728,6
1173161,6
1319338,6
1238356,6
1005044,6
1299987,6
1082709,6
1239749,6
1225715,6
1047925,6
1246963,6
1166469,6
1207512,6
1228539,6
1323203,6
1251261,6
1223128,6
1112477,6
1214849,6
1245455,6
1064078,6
1233301,6
1302083,6
1117297,6
1035618,6
1004127,6
1163192,6
1094910,6
1014970,6
1128850,6
1052334,6
1049893,6
1169445,6
1008247,6
1270928,6
1263938,6
1070478,6
1015819,6
1305100,6
1224861,6
1192932,6
1211550,6
1114340,6
1310055,6
1166089,6
1179156,6
1069741,6
1216362,6
1097991,6
1191880,6
1030411,6
1126975,6
1018134,6
1304658,6
1175695,6
1296473,6
1271697,6
1205793,6
1132193,6
1127349,6
1171523,6
1040729,6
1070083,6
1276255,6
1165272,6
1114120,6
1004116,6
1066375,6
1083770,6
1063210,6
1276647,6
1124854,6
1204805,6
1298809,6
1249378,6
1008559,6
1323091,6
1099760,6
1268720,6
1040967,6
1067729,6
1105899,6
1184874,6
1132320,6
1306405,6
1002738,6
1013438,6
1025449,6
1071315,6
1146881,6
1132178,6
1117129,6
1021376,6
1036276,6
1065596,6
1299955,6
1015657,6
1010830,6
1156549,6
1039212,6
1232276,6
1299471,6
1054132,6
1172717,6
1113565,6
1271895,6
1050838,6
1318561,6
1124711,6
1242984,6
1142363,6
1134932,6
1000589,6
1151427,6
1016129,6
1271774,6
1185255,6
1064622,6
1127940,6
1082406,6
1063113,6
1173858,6
1255961,6
1173647,6
1148880,6
1299281,6
1192801,6
1075394,6
1299410,6
1278787,6
1291880,6
1039796,6
1305040,6
1152237,6
1060705,6
1245635,6
1285959,6
1186328,6
1131220,6
1297604,6
1285600,6
1022228,6
1001589,6
1118221,6
1085171,6
1073523,6
1208539,6
1068760,6
1223692,6
1111830,6
1241920,6
1229068,6
1277119,6
1305424,6
1220173,6
1154943,6
1165053,6
1096983,6
1192061,6
1113940,6
1096365,6
1185345,6
1024783,6
1159371,6
1075961,6
1033583,6
1323920,6
1247564,6
1237705,6
1163260,6
1307894,6
1242034,6
1109013,6
1236446,6
1107863,6
1150890,6
1217227,6
1086326,6
1149206,6
1005441,6
1093025,6
1228316,6
1316789,6
1175101,6
1158357,6
1216410,6
1058822,6
1094024,6
1202644,6
1124719,6
1314342,6
1165535,6
1005528,6
1184554,6
1017793,6
1080911,6
1155846,6
1130522,6
1049084,6
1022444,6
1229658,6
1062031,6
1283897,6
1270124,6
1154666,6
1223470,6
1013946,6
1066040,6
1091947,6
1102445,6
1170994,6
1122668,6
1276904,6
1227075,6
1318239,6
1112156,6
1124015,6
1204305,6
1260818,6
1316623,6
1215974,6
1156841,6
1218603,6
1131587,6
1153627,6
1132576,6
1182154,6
1317029,6
1024618,6
1324031,6
1310730,6
1066223,6
1136591,6
1292590,6
1119469,6
1082725,6
1172140,6
1103103,6
1234866,6
1046469,6
1169596,6
1184753,6
1027493,6
1111069,6
1040583,6
1195535,6
1039217,6
1099859,6
1171192,6
1182721,6
1152261,6
1137592,6
1058782,6
1301209,6
1193022,6
1251008,6
1063408,6
1088102,6
1114203,6
1128474,6
1205644,6
1010930,6
1185733,6
1179779,6
1246070,6
1222073,6
1181954,6
1059075,6
1257293,6
1259493,6
1314772,6
1242951,6
1242059,6
1087524,6
1113199,6
1200203,6
1175890,6
1201427,6
1138456,6
1277784,6
1047742,6
1298083,6
1026414,6
1325127,6
1262186,6
1291974,6
1158304,6
1053984,6
1210222,6
1176021,6
1091338,6
1314083,6
1153271,6
1178328,6
1186441,6
1104877,6
1209223,6
1231753,6
1236623,6
1264226,6
1257258,6
1325496,6
1042823,6
1106113,6
1177661,6
1317762,6
1231802,6
1158660,6
1215491,6
1184336,6
1233269,6
1074622,6
1003567,6
1198601,6
1245426,6
1290598,6
1245950,6
1033408,6
1062835,6
1091897,6
1148591,6
1079865,6
1194872,6
1034842,6
1138906,6
1027922,6
1010232,6
1038316,6
1189842,6
1263742,6
1094032,6
1086862,6
1259031,6
1116748,6
1198446,6
1258805,6
1200134,6
1132236,6
1132086,6
1180543,6
1187991,6
1018799,6
1070144,6
1185476,6
1063564,6
1054055,6
1247652,6
1063747,6
1216324,6
1120225,6
1209516,6
1193030,6
1032737,6
1276442,6
1015454,6
1284102,6
1177822,6
1303772,6
1163093,6
1180513,6
1146765,6
1123817,6
1165140,6
1070045,6
1157206,6
1050683,6
1272511,6
1058222,6
1038833,6
1066613,6
1158841,6
1030699,6
1152705,6
1311897,6
1272641,6
1012039,6
1220765,6
1137053,6
1055883,6
1164068,6
1018634,6
1128749,6
1080728,6
1110686,6
1163070,6
1284187,6
1315231,6
1094713,6
1284465,6
1299843,6
1243228,6
1242264,6
1177770,6
1020357,6
1179981,6
1121801,6
1175907,6
1022358,6
1292059,6
1068715,6
1289834,6
1253704,6
1031305,6
1173739,6
1087051,6
1002316,6
1283536,6
1227632,6
1162707,6
1230041,6
1288862,6
1142108,6
1162151,6
1274674,6
1190358,6
1222722,6
1100391,6
1269057,6
1105099,6
1316982,6
1178254,6
1220502,6
1166668,6
1050014,6
1269370,6
1069605,6
1073515,6
1259434,6
1293549,6
1187035,6
1298099,6
1147221,6
1265541,6
1277652,6
1305850,6
1085557,6
1060628,6
1012303,6
1218349,6
1265155,6
1000776,6
1197941,6
1237688,6
1232198,6
1049919,6
1087584,6
1252075,6
1114920,6
1014086,6
1228030,6
1296233,6
1073585,6
1028560,6
1313204,6
1303708,6
1017690,6
1136841,6
1097379,6
1212869,6
1264761,6
1118024,6
1076647,6
1039227,6
1187492,6
1171959,6
1004101,6
1214111,6
1256825,6
1251545,6
1272780,6
1280480,6
1112290,6
1048175,6
1061777,6
1182955,6
1221615,6
1182308,6
1166235,6
1278561,6
1285376,6
1144869,6
1012579,6
1110816,6
1072330,6
1181085,6
1020498,6
1031893,6
1263482,6
1024817,6
1090279,6
1043947,6
1251419,6
1297424,6
1011996,6
1083291,6
1176276,6
1324659,6
1270564,6
1194051,6
1008113,6
1183061,6
1299838,6
1226509,6
1150205,6
1239435,6
1131214,6
1212895,6
1165979,6
1060064,6
1281278,6
1124339,6
1097939,6
1253450,6
1070512,6
1157913,6
1053267,6
1023849,6
1194166,6
1169809,6
1104070,6
1048800,6
1262479,6
1286407,6
1035508,6
1226499,6
1025982,6
1144857,6
1193540,6
1087395,6
1217690,6
1277362,6
1186997,6
1281436,6
1136736,6
1034451,6
1254816,6
1070060,6
1203443,6
1217649,6
1172621,6
1175730,6
1172924,6
1256776,6
1006637,6
1171180,6
1035774,6
1016146,6
1205097,6
1083102,6
1312546,6
1014884,6
1277749,6
1207558,6
1192136,6
1243364,6
1228985,6
1306862,6
1191521,6
1066042,6
1030434,6
1127969,6
1023196,6
1227024,6
1273475,6
1152022,6
1236142,6
1022355,6
1167876,6
1312954,6
1324759,6
1167905,6
1138342,6
1221520,6
1269883,6
1121807,6
1292252,6
1151762,6
1253344,6
1090658,6
1065173,6
1166496,6
1155241,6
1277780,6
1254140,6
1116908,6
1154852,6
1188146,6
1205709,6
1134719,6
1022469,6
1254232,6
1192344,6
1127841,6
1130035,6
1182775,6
1236384,6
1318311,6
1007601,6
1223657,6
1102020,6
1034447,6
1291999,6
1138459,6
1218341,6
1008502,6
1022792,6
1251854,6
1255252,6
1296543,6
1236032,6
1174670,6
1217087,6
1216722,6
1256457,6
1177495,6
1260347,6
1225112,6
1123219,6
1179284,6
1191174,6
1123327,6
1060505,6
1127553,6
1142981,6
1185720,6
1086158,6
1245160,6
1249193,6
1172115,6
1237169,6
1188580,6
1196450,6
1249369,6
1204591,6
1167069,6
1265063,6
1035836,6
1140314,6
1234827,6
1295016,6
1196801,6
1060930,6
1184214,6
1185883,6
1281787,6
1118558,6
1284042,6
1045306,6
1300353,6
1003836,6
1067904,6
1166337,6
1231155,6
1120248,6
1167195,6
1116990,6
1166603,6
1101549,6
1146933,6
1015523,6
1046618,6
1218340,6
1303102,6
1131408,6
1269820,6
1195209,6
1289348,6
1161250,6
1259435,6
1266068,6
1179007,6
1279712,6
1024528,6
1315295,6
1233046,6
1096686,6
1144169,6
1272358,6
1085176,6
1111302,6
1099665,6
1128855,6
1003736,6
1305558,6
1145025,6
1108601,6
1257482,6
1217200,6
1302254,6
1107937,6
1203883,6
1162732,6
1094262,6
1204645,6
1237746,6
1081543,6
1156792,6
1244641,6
1224495,6
1044716,6
1219086,6
1203828,6
1157581,6
1108362,6
1025212,6
1213584,6
1325169,6
1003204,6
1231296,6
1036209,6
1178373,6
1299589,6
1058701,6
1108472,6
1050510,6
1074675,6
1279666,6
1318421,6
1169909,6
1067540,6
1032263,6
1082266,6
1124114,6
1043693,6
1175837,6
1162711,6
1255030,6
1225686,6
1031942,6
1118578,6
1086599,6
1320046,6
1119066,6
1235568,6
1285853,6
1302938,6
1266737,6
1108064,6
1156934,6
1230867,6
1217464,6
1308604,6
1205658,6
1252866,6
1155882,6
1274158,6
1079518,6
1055215,6
1008602,6
1085531,6
1087465,6
1239093,6
1153817,6
1133090,6
1270969,6
1201907,6
1299566,6
1053029,6
1315540,6
1311200,6
1310148,6
1216380,6
1298074,6
1325532,6
1034300,6
1145352,6
1212067,6
1271436,6
1156104,6
1128386,6
1280643,6
1286747,6
1022960,6
1114578,6
1145883,6
1319706,6
1078655,6
1093406,6
1021218,6
1013128,6
1139405,6
1141448,6
1197111,6
1305359,6
1117483,6
1318783,6
1191110,6
1102882,6
1082806,6
1134504,6
1143558,6
1133883,6
1210620,6
1267835,6
1100477,6
1272601,6
1053711,6
1033156,6
1101342,6
1052743,6
1295869,6
1226297,6
1083614,6
1039755,6
1231684,6
1139837,6
1321158,6
1308628,6
1170560,6
1094129,6
1069742,6
1213546,6
1047671,6
1139958,6
1164817,6
1063943,6
1224097,6
1007097,6
1128308,6
1091175,6
1158305,6
1095815,6
1083386,6
1138785,6
1003003,6
1080105,6
1223973,6
1203758,6
1217231,6
1279824,6
1116309,6
1086425,6
1008234,6
1033747,6
1209526,6
1106899,6
1314327,6
1199774,6
1074778,6
1093352,6
1211468,6
1164096,6
1121767,6
1140654,6
1120086,6
1084284,6
1194038,6
1025161,6
1264051,6
1127876,6
1214946,6
1246367,6
1247890,6
1006893,6
1249346,6
1091467,6
1280876,6
1156468,6
1065320,6
1190773,6
1164982,6
1179563,6
1104017,6
1199213,6
1076603,6
1244574,6
1277082,6
1162842,6
1051310,6
1197586,6
1134006,6
1289692,6
1244187,6
1044169,6
1225780,6
1077980,6
1090748,6
1152639,6
1256232,6
1210798,6
1022916,6
1092957,6
1239476,6
1071777,6
1015375,6
1004812,6
1152953,6
1276273,6
1208095,6
1054482,6
1010148,6
1222129,6
1248621,6
1153121,6
1067395,6
1126523,6
1021911,6
1283788,6
1316685,6
1001304,6
1037017,6
1248307,6
1016589,6
1254044,6
1072065,6
1182104,6
1009769,6
1153145,6
1183821,6
1266574,6
1213197,6
1025560,6
1221484,6
1086613,6
1036813,6
1113599,6
1228798,6
1313073,6
1261388,6
1186182,6
1102987,6
1140322,6
1321540,6
1042475,6
1266644,6
1014814,6
1075693,6
1317347,6
1112812,6
1140129,6
1195473,6
1195150,6
1033239,6
1123580,6
1198612,6
1311785,6
1306064,6
1269801,6
1316349,6
1201395,6
1286983,6
1011480,6
1269852,6
1162949,6
1097013,6
1053322,6
1079740,6
1050494,6
1310589,6
1183196,6
1177763,6
1045680,6
1144051,6
1100333,6
1131763,6
1045688,6
1039131,6
1220443,6
1173716,6
1091686,6
1122770,6
1220901,6
1164686,6
1212916,6
1305664,6
1301537,6
1152994,6
1142018,6
1233274,6
1165682,6
1073060,6
1151422,6
1068018,6
1238648,6
1142725,6
1208016,6
1230891,6
1236662,6
1069116,6
1195943,6
1209104,6
1187262,6
1031674,6
1051308,6
1081614,6
1003217,6
1023296,6
1320864,6
1261592,6
1145199,6
1144205,6
1263336,6
1280645,6
1223218,6
1195446,6
1259034,6
1133701,6
1056014,6
1105072,6
1113799,6
1051590,6
1185265,6
1106702,6
1138993,6
1251524,6
1006920,6
1076255,6
1032657,6
1313114,6
1051858,6
1217181,6
1304269,6
1102421,6
1092851,6
1283228,6
1160079,6
1073521,6
1181913,6
1206306,6
1205195,6
1315258,6
1062883,6
1292796,6
1150192,6
1244349,6
1048202,6
1140238,6
1211781,6
1167045,6
1204562,6
1030846,6
1207304,6
1163327,6
1062386,6
1065944,6
1179086,6
1209638,6
1315928,6
1270365,6
1144565,6
1151713,6
1123273,6
1063859,6
1260546,6
1272049,6
1022466,6
1260379,6
1245235,6
1282934,6
1109832,6
1051722,6
1204482,6
1206358,6
1072603,6
1080345,6
1142760,6
1103398,6
1019349,6
1266922,6
1013970,6
1123949,6
1005927,6
1096064,6
1004598,6
1245398,6
1317231,6
1159867,6
1295564,6
1318067,6
1076210,6
1170102,6
1080857,6
1290408,6
1062398,6
1307510,6
1156669,6
1111078,6
1214099,6
1311393,6
1195275,6
1147299,6
1171483,6
1148869,6
1269446,6
1250997,6
1239059,6
1138742,6
1169830,6
1294972,6
1250599,6
1086103,6
1285172,6
1228277,6
1246535,6
1096919,6
1068886,6
1112571,6
1017140,6
1252579,6
1223154,6
1176746,6
1115898,6
1287341,6
1211783,6
1268738,6
1118616,6
1111471,6
1126485,6
1029883,6
1299859,6
1252637,6
1254864,6
1231121,6
1075402,6
1070320,6
1054442,6
1100163,6
1196584,6
1120871,6
1135446,6
1219039,6
1285636,6
1031741,6
1241858,6
1096478,6
1258195,6
1009717,6
1058677,6
1265828,6
1180876,6
1173938,6
1057908,6
1269315,6
1289921,6
1080722,6
1021954,6
1308613,6
1311167,6
1242510,6
1042699,6
1029049,6
1179323,6
1085016,6
1174585,6
1213764,6
1056071,6
1062340,6
1305937,6
1292689,6
1219957,6
1119434,6
1285977,6
1034178,6
1219083,6
1006261,6
1167256,6
1244572,6
1224169,6
1324310,6
1256312,6
1129951,6
1003112,6
1001582,6
1039283,6
1255094,6
1312272,6
1292803,6
1219002,6
1257445,6
1166697,6
1172915,6
1160362,6
1308928,6
1178242,6
1198064,6
1260758,6
1069752,6
1117343,6
1135521,6
1005122,6
1168945,6
1322711,6
1162569,6
1114620,6
1026163,6
1222746,6
1025682,6
1324515,6
1136348,6
1081448,6
1147796,6
1312338,6
1153100,6
1065941,6
1065743,6
1002094,6
1238693,6
1157014,6
1211516,6
1113625,6
1006459,6
1059305,6
1141606,6
1019219,6
1217891,6
1066037,6
1086746,6
1014494,6
1158388,6
1104543,6
1182635,6
1076447,6
1046179,6
1076331,6
1095516,6
1017864,6
1310474,6
1117474,6
1157815,6
1146570,6
1015535,6
1145287,6
1053634,6
1219114,6
1310261,6
1183237,6
1262467,6
1055451,6
1128160,6
1092942,6
1239575,6
1074322,6
1072995,6
1114999,6
1268280,6
1118306,6
1191969,6
1305081,6
1075524,6
1102543,6
1173222,6
1000483,6
1059060,6
1229138,6
1110270,6
1218063,6
1040545,6
1121433,6
1195923,6
1190060,6
1037170,6
1164946,6
1101467,6
1085158,6
1220316,6
1034881,6
1236194,6
1038469,6
1097367,6
1008418,6
1107599,6
1082297,6
1044683,6
1010889,6
1219773,6
1313110,6
1231089,6
1039391,6
1216892,6
1148959,6
1176068,6
1304454,6
1258736,6
1084617,6
1128292,6
1159671,6
1141829,6
1250787,6
1211750,6
1105956,6
1012044,6
1118489,6
1079315,6
1090276,6
1011105,6
1019781,6
1070928,6
1267822,6
1200880,6
1241659,6
1297885,6
1240317,6
1151213,6
1299782,6
1023512,6
1240081,6
1016603,6
1275537,6
1225563,6
1024406,6
1011322,6
1321785,6
1243106,6
1041372,6
1129471,6
1193224,6
1216146,6
1280892,6
1090185,6
1142350,6
1161597,6
1278981,6
1096561,6
1142632,6
1121286,6
1102124,6
1156734,6
1239490,6
1030741,6
1220314,6
1006303,6
1037593,6
1317861,6
1118383,6
1299050,6
1258079,6
1308164,6
1309921,6
1214424,6
1287897,6
1033386,6
1081577,6
1091348,6
1015321,6
1256113,6
1122195,6
1282701,6
1310029,6
1324492,6
1121027,6
1096775,6
1251411,6
1059939,6
1097596,6
1249399,6
1273807,6
1202438,6
1284286,6
1203340,6
1270490,6
1276092,6
1093621,6
1318925,6
1217730,6
1001076,6
1182851,6
1000765,6
1041720,6
1097879,6
1280295,6
1237148,6
1154367,6
1087362,6
1287113,6
1217886,6
1254251,6
1313678,6
1317845,6
1153330,6
1140694,6
1084484,6
1147588,6
1004088,6
1211983,6
1057825,6
1311004,6
1206422,6
1000547,6
1252595,6
1148744,6
1042174,6
1116312,6
1208418,6
1118915,6
1147647,6
1186361,6
1062037,6
1005264,6
1286958,6
1150200,6
1306601,6
1028037,6
1193039,6
1041930,6
1309119,6
1163108,6
1147353,6
1152510,6
1111739,6
1104884,6
1243235,6
1063661,6
1023361,6
1115293,6
1164539,6
1153808,6
1272529,6
1311323,6
1026363,6
1184486,6
1305255,6
1241588,6
1033136,6
1055617,6
1079010,6
1004506,6
1083347,6
1137766,6
1131426,6
1027663,6
1300035,6
1147911,6
1146831,6
1153008,6
1243779,6
1304179,6
1230991,6
1230928,6
1325659,6
1006833,6
1008288,6
1172130,6
1276028,6
1011047,6
1161157,6
1034578,6
1175835,6
1070494,6
1317758,6
1211424,6
1301094,6
1216022,6
1313614,6
1203415,6
1204118,6
1226020,6
1126205,6
1015426,6
1141267,6
1157640,6
1151631,6
1193858,6
1174774,6
1291668,6
1267898,6
1317494,6
1167519,6
1101990,6
1205760,6
1053055,6
1067653,6
1063637,6
1150595,6
1286142,6
1228054,6
1061259,6
1269922,6
1081289,6
1274963,6
1019991,6
1086935,6
1290773,6
1311450,6
1290675,6
1193646,6
1078606,6
1091333,6
1111809,6
1193393,6
1214756,6
1262802,6
1298272,6
1119020,6
1102068,6
1163125,6
1205809,6
1209235,6
1246240,6
1292753,6
1130047,6
1096174,6
1298632,6
1186368,6
1304040,6
1129050,6
1239681,6
1077526,6
1288399,6
1263282,6
1022012,6
1117122,6
1136207,6
1079487,6
1127258,6
1117173,6
1295540,6
1136763,6
1144072,6
1287339,6
1092658,6
1289037,6
1296654,6
1035420,6
1142122,6
1111012,6
1045018,6
1319328,6
1022412,6
1250460,6
1211335,6
1229987,6
1244628,6
1307472,6
1214566,6
1249519,6
1058833,6
1295713,6
1120157,6
1105259,6
1309662,6
1096279,6
1294161,6
1127165,6
1157328,6
1141102,6
1175292,6
1014574,6
1187956,6
1223954,6
1116972,6
1275781,6
1306017,6
1006008,6
1189461,6
1061291,6
1323996,6
1091106,6
1196759,6
1202699,6
1193782,6
1048468,6
1264582,6
1276686,6
1031493,6
1090507,6
1181982,6
1027316,6
1231622,6
1228544,6
1070857,6
1304703,6
1013324,6
1008515,6
1257298,6
1008028,6
1057890,6
1089953,6
1015544,6
1282939,6
1088309,6
1058372,6
1235003,6
1106875,6
1193523,6
1264224,6
1234991,6
1286525,6
1192713,6
1188619,6
1162692,6
1144838,6
1142667,6
1186824,6
1291224,6
1187520,6
1267739,6
1111324,6
1316385,6
1062179,6
1214994,6
1260814,6
1198401,6
1061089,6
1198397,6
1019867,6
1179184,6
1286002,6
1196411,6
1237236,6
1149259,6
1035313,6
1081109,6
1122023,6
1214362,6
1272905,6
1003701,6
1111246,6
1136254,6
1123850,6
1143538,6
1299823,6
1135409,6
1004573,6
1215112,6
1304128,6
1153593,6
1153753,6
1056419,6
1192177,6
1140891,6
1146527,6
1149920,6
1045344,6
1162144,6
1055806,6
1057226,6
1279014,6
1096683,6
1054413,6
1322090,6
1150438,6
1067342,6
1202728,6
1101278,6
1103665,6
1143544,6
1248131,6
1114611,6
1032748,6
1100041,6
1028512,6
1005862,6
1052296,6
1226343,6
1285343,6
1202967,6
1292395,6
1176023,6
1014223,6
1234194,6
1106530,6
1084425,6
1237181,6
1204142,6
1316966,6
1093295,6
1174543,6
1079821,6
1037885,6
1062282,6
1036963,6
1017395,6
1283691,6
1073577,6
1229695,6
1062739,6
1181691,6
1022588,6
1245436,6
1229632,6
1257919,6
1158891,6
1064182,6
1182058,6
1094586,6
1094869,6
1197768,6
1071660,6
1237990,6
1195493,6
1297023,6
1015342,6
1044587,6
1072974,6
1006849,6
1283018,6
1319805,6
1238703,6
1095954,6
1217770,6
1094017,6
1162546,6
1125606,6
1015427,6
1000235,6
1074999,6
1071007,6
1290998,6
1205365,6
1118716,6
1309671,6
1022173,6
1288216,6
1201916,6
1114661,6
1232655,6
1185706,6
1216267,6
1181112,6
1040790,6
1172353,6
1009359,6
1206900,6
1050155,6
1187920,6
1184938,6
1242545,6
1312047,6
1100731,6
1096122,6
1296447,6
1183448,6
1081466,6
1254530,6
1003274,6
1104614,6
1036895,6
1241950,6
1109844,6
1163384,6
1049064,6
1226665,6
1173677,6
1253977,6
1089826,6
1122758,6
1046082,6
1200914,6
1232748,6
1216529,6
1294712,6
1262172,6
1163181,6
1219147,6
1064760,6
1195621,6
1231845,6
1015029,6
1076208,6
1105778,6
1017087,6
1282854,6
1214305,6
1066762,6
1228290,6
1123594,6
1159633,6
1112701,6
1140886,6
1007847,6
1187909,6
1187153,6
1319648,6
1305395,6
1019989,6
1304803,6
1212153,6
1278039,6
1292285,6
1249867,6
1125245,6
1011483,6
1167742,6
1149692,6
1167588,6
1244467,6
1146194,6
1192361,6
1241541,6
1060123,6
1151547,6
1016358,6
1295151,6
1096728,6
1262035,6
1086502,6
1235286,6
1225250,6
1299363,6
1068160,6
1162677,6
1247120,6
1228149,6
1135759,6
1297345,6
1214075,6
1240502,6
1030592,6
1071627,6
1051011,6
1199118,6
1168317,6
1043744,6
1104772,6
1292579,6
1227405,6
1159866,6
1048159,6
1281637,6
1045984,6
1009993,6
1292372,6
1090079,6
1178712,6
1129365,6
1038799,6
1102333,6
1000713,6
1324607,6
1211235,6
1146785,6
1018889,6
1026966,6
1246541,6
1020206,6
1018361,6
1264927,6
1224826,6
1209266,6
1282649,6
1285530,6
1201844,6
1173460,6
1127042,6
1248823,6
1265264,6
1158878,6
1231915,6
1120370,6
1007162,6
1309133,6
1021373,6
1072703,6
1231841,6
1296686,6
1184406,6
1166461,6
1014774,6
1288342,6
1200379,6
1273670,6
1115985,6
1237037,6
1053496,6
1091798,6
1178905,6
1252144,6
1164396,6
1001856,6
1241383,6
1237944,6
1089888,6
1176899,6
1305121,6
1276386,6
1065584,6
1164252,6
1205081,6
1202569,6
1143047,6
1196540,6
1068853,6
1208941,6
1274727,6
1201371,6
1069956,6
1098748,6
1181232,6
1109863,6
1012883,6
1253245,6
1310543,6
1162623,6
1281169,6
1164809,6
1122756,6
1044351,6
1024469,6
1297061,6
1324236,6
1148032,6
1202241,6
1184339,6
1262412,6
1092594,6
1167957,6
1309801,6
1212020,6
1053044,6
1170775,6
1095603,6
1246837,6
1295655,6
1060295,6
1036613,6
1018050,6
1092766,6
1136519,6
1014943,6
1042799,6
1152711,6
1097823,6
1159238,6
1027981,6
1257893,6
1230110,6
1145387,6
1238089,6
1191562,6
1274771,6
1159981,6
1114466,6
1177630,6
1239978,6
1036504,6
1176365,6
1072319,6
1277623,6
1148731,6
1213089,6
1306314,6
1230509,6
1203498,6
1140457,6
1284684,6
1315401,6
1071681,6
1109071,6
1295373,6
1287452,6
1104047,6
1133541,6
1047822,6
1010163,6
1257261,6
1040618,6
1132375,6
1207515,6
1170553,6
1096820,6
1299368,6
1025740,6
1305287,6
1192971,6
1048069,6
1039254,6
1099009,6
1243281,6
1309726,6
1068284,6
1122707,6
1158443,6
1009238,6
1084530,6
1288930,6
1323237,6
1040622,6
1128972,6
1139746,6
1294639,6
1302678,6
1087345,6
1183095,6
1096727,6
1106275,6
1309049,6
1289919,6
1099172,6
1145608,6
1098223,6
1130209,6
1191895,6
1094623,6
1005099,6
1197082,6
1285094,6
1076766,6
1098147,6
1267245,6
1089446,6
1295046,6
1125147,6
1241362,6
1307249,6
1181996,6
1065027,6
1196633,6
1152347,6
1208687,6
1271728,6
1065105,6
1044438,6
1186786,6
1020812,6
1198653,6
1155343,6
1128911,6
1123420,6
1112857,6
1322534,6
1137226,6
1095788,6
1113577,6
1037144,6
1141312,6
1117010,6
1170803,6
1102307,6
1061606,6
1119272,6
1060952,6
1080484,6
1062521,6
1221554,6
1286127,6
1241278,6
1139105,6
1036596,6
1222427,6
1142940,6
1169815,6
1091380,6
1060949,6
1052487,6
1218387,6
1316940,6
1125342,6
1050246,6
1073487,6
1192729,6
1036045,6
1102674,6
1251341,6
1265702,6
1297158,6
1076768,6
1222161,6
1194626,6
1122315,6
1221039,6
1052230,6
1144499,6
1027524,6
1266239,6
1008759,6
1077631,6
1013813,6
1232266,6
1108525,6
1052172,6
1090543,6
1095581,6
1078367,6
1305392,6
1288292,6
1136398,6
1084952,6
1101390,6
1036323,6
1035841,6
1236909,6
1127670,6
1096020,6
1022322,6
1181823,6
1103362,6
1185885,6
1081452,6
1261923,6
1138336,6
1018712,6
1273628,6
1018090,6
1048168,6
1282052,6
1262949,6
1083940,6
1113936,6
1045700,6
1267866,6
1043948,6
1015096,6
1133071,6
1117102,6
1323995,6
1185673,6
1203637,6
1026074,6
1290251,6
1031419,6
1240743,6
1148779,6
1052713,6
1060358,6
1161986,6
1150690,6
1101579,6
1000238,6
1024147,6
1060121,6
1052587,6
1150266,6
1072347,6
1107228,6
1140364,6
1279116,6
1193203,6
1071213,6
1181752,6
1306347,6
1048968,6
1051222,6
1113984,6
1276087,6
1031129,6
1041696,6
1164052,6
1006677,6
1091498,6
1228764,6
1298263,6
1278674,6
1175448,6
1239016,6
1083740,6
1107295,6
1318520,6
1222247,6
1008497,6
1293767,6
1017095,6
1220258,6
1189333,6
1271877,6
1311434,6
1160341,6
1132787,6
1209063,6
1005600,6
1245568,6
1139204,6
1160327,6
1302614,6
1027225,6
1076932,6
1217038,6
1237952,6
1023513,6
1292211,6
1033903,6
1018156,6
1063076,6
1140621,6
1123246,6
1209618,6
1013296,6
1062786,6
1067328,6
1036821,6
1299443,6
1076047,6
1309310,6
1284484,6
1235162,6
1232123,6
1290091,6
1119869,6
1155124,6
1142274,6
1266436,6
1279780,6
1216005,6
1227957,6
1156926,6
1085780,6
1104852,6
1031104,6
1267633,6
1087544,6
1163127,6
1149923,6
1302815,6
1033401,6
1165099,6
1044886,6
1161790,6
1262990,6
1158346,6
1169146,6
1296656,6
1112876,6
1050904,6
1238076,6
1005644,6
1308997,6
1226902,6
1116738,6
1094655,6
1254098,6
1090898,6
1141307,6
1078360,6
1301524,6
1195688,6
1281484,6
1051666,6
1225844,6
1175304,6
1015179,6
1255509,6
1042707,6
1234147,6
1023811,6
1141533,6
1314595,6
1217861,6
1113257,6
1214739,6
1117174,6
1039877,6
1012797,6
1314574,6
1002471,6
1264874,6
1075595,6
1307519,6
1030937,6
1230305,6
1174163,6
1129918,6
1305530,6
1195292,6
1307139,6
1006901,6
1110246,6
1177983,6
1086825,6
1266237,6
1142384,6
1006189,6
1243448,6
1054096,6
1104426,6
1289437,6
1058230,6
1145247,6
1067669,6
1273581,6
1000465,6
1302259,6
1262793,6
1232075,6
1003150,6
1019244,6
1178983,6
1291058,6
1239994,6
1280635,6
1291728,6
1204207,6
1112740,6
1055159,6
1058895,6
1214206,6
1284492,6
1040677,6
1019312,6
1200352,6
1132012,6
1151928,6
1019549,6
1134873,6
1107842,6
1125359,6
1026520,6
1160076,6
1025861,6
1133913,6
1222461,6
1253075,6
1075015,6
1286037,6
1019703,6
1298718,6
1131464,6
1260028,6
1063121,6
1152688,6
1035301,6
1031679,6
1183563,6
1279928,6
1078713,6
1096918,6
1259588,6
1268814,6
1049955,6
1080342,6
1179832,6
1161523,6
1058573,6
1206520,6
1131970,6
1067615,6
1164408,6
1170786,6
1101362,6
1253932,6
1308071,6
1311659,6
1078950,6
1055904,6
1030081,6
1039080,6
1191999,6
1300021,6
1249721,6
1125573,6
1270183,6
1061505,6
1036552,6
1035212,6
1125991,6
1056720,6
1225004,6
1000835,6
1073668,6
1005541,6
1106363,6
1203885,6
1317774,6
1054543,6
1282424,6
1049898,6
1188382,6
1274774,6
1286360,6
1299903,6
1014492,6
1266716,6
1057708,6
1060454,6
1218682,6
1146887,6
1315838,6
1274487,6
1252347,6
1314095,6
1033655,6
1302431,6
1146945,6
1114061,6
1050899,6
1250180,6
1108814,6
1252350,6
1083103,6
1060762,6
1020744,6
1075823,6
1193461,6
1130860,6
1312450,6
1008304,6
1282814,6
1145788,6
1012760,6
1272493,6
1238087,6
1016265,6
1001407,6
1087791,6
1101255,6
1295359,6
1132405,6
1149762,6
1004896,6
1210731,6
1124388,6
1218516,6
1060673,6
1124434,6
1037815,6
1279439,6
1039420,6
1304085,6
1126223,6
1301505,6
1260625,6
1112197,6
1325431,6
1253679,6
1182572,6
1157426,6
1073930,6
1253260,6
1177653,6
1134299,6
1128255,6
1108018,6
1202966,6
1239014,6
1304824,6
1066450,6
1072487,6
1095416,6
1148386,6
1285694,6
1238230,6
1015089,6
1047198,6
1256832,6
1229359,6
1058012,6
1054561,6
1157891,6
1291134,6
1296959,6
1100057,6
1141555,6
1193179,6
1062960,6
1121726,6
1295800,6
1108684,6
1314454,6
1204115,6
1315930,6
1162126,6
1103963,6
1203436,6
1045597,6
1286492,6
1208526,6
1057456,6
1317810,6
1071110,6
1155249,6
1257997,6
1167626,6
1274923,6
1144261,6
1078122,6
1261228,6
1307790,6
1149877,6
1187841,6
1095928,6
1186130,6
1216793,6
1043806,6
1071201,6
1274264,6
1040472,6
1199005,6
1243311,6
1045451,6
1197741,6
1044199,6
1184334,6
1272711,6
1013782,6
1066256,6
1295133,6
1243233,6
1089131,6
1302358,6
1275115,6
1071243,6
1020961,6
1150705,6
1160583,6
1237228,6
1299457,6
1310050,6
1154640,6
1156982,6
1268075,6
1004355,6
1245823,6
1180488,6
1063418,6
1003287,6
1083236,6
1153540,6
1098595,6
1135486,6
1302385,6
1157067,6
1054979,6
1204934,6
1074407,6
1006696,6
1106865,6
1247770,6
1320298,6
1125632,6
1197169,6
1142594,6
1154797,6
1175450,6
1109157,6
1157279,6
1283697,6
1050328,6
1218365,6
1318167,6
1169996,6
1323501,6
1137640,6
1260710,6
1143407,6
1087739,6
1237033,6
1046144,6
1119083,6
1200436,6
1139173,6
1285202,6
1270261,6
1119049,6
1241580,6
1286010,6
1243353,6
1026995,6
1296511,6
1023607,6
1259404,6
1173197,6
1028219,6
1276182,6
1199477,6
1022943,6
1191125,6
1269368,6
1251046,6
1308048,6
1209856,6
1239318,6
1155129,6
1319577,6
1173306,6
1088463,6
1155621,6
1110160,6
1137172,6
1083404,6
1108467,6
1248446,6
1213154,6
1125135,6
1005765,6
1313770,6
1040335,6
1118608,6
1236756,6
1322170,6
1255297,6
1072378,6
1294548,6
1054095,6
1095791,6
1111647,6
1206789,6
1127154,6
1106320,6
1140175,6
1255062,6
1186155,6
1114577,6
1185298,6
1216613,6
1183533,6
1239974,6
1028577,6
1262927,6
1060804,6
1196441,6
1023335,6
1055960,6
1188755,6
1212836,6
1169450,6
1024093,6
1192465,6
1197694,6
1173127,6
1215150,6
1270158,6
1287779,6
1014297,6
1205345,6
1041135,6
1319572,6
1108551,6
1223721,6
1256420,6
1250711,6
1289600,6
1164675,6
1173093,6
1222672,6
1030593,6
1274467,6
1103317,6
1199759,6
1024220,6
1263615,6
1236519,6
1017963,6
1274705,6
1054010,6
1264667,6
1278540,6
1020799,6
1236895,6
1155311,6
1233318,6
1225998,6
1163646,6
1103145,6
1244862,6
1062961,6
1185273,6
1040745,6
1190650,6
1259489,6
1116814,6
1082332,6
1053965,6
1296966,6
1183882,6
1197467,6
1042676,6
1191189,6
1114216,6
1157211,6
1315484,6
1310217,6
1214731,6
1258832,6
1081389,6
1169840,6
1216701,6
1132330,6
1141924,6
1186840,6
1163571,6
1305540,6
1249457,6
1135005,6
1270891,6
1178208,6
1121544,6
1264440,6
1059169,6
1150606,6
1138319,6
1174827,6
1123063,6
1236791,6
1142585,6
1138007,6
1315238,6
1209535,6
1322102,6
1274718,6
1062991,6
1182675,6
1027072,6
1009047,6
1302409,6
1304181,6
1121680,6
1140252,6
1053912,6
1077947,6
1070743,6
1107355,6
1256248,6
1075236,6
1097426,6
1148320,6
1225035,6
1005921,6
1070095,6
1142857,6
1282689,6
1176741,6
1103038,6
1256472,6
1183726,6
1226714,6
1076186,6
1040490,6
1110901,6
1205186,6
1258498,6
1155918,6
1088740,6
1161656,6
1200789,6
1123963,6
1235292,6
1076346,6
1241439,6
1259965,6
1184806,6
1118830,6
1135755,6
1157733,6
1238676,6
1104588,6
1231813,6
1009195,6
1287446,6
1142974,6
1236198,6
1150308,6
1310402,6
1039045,6
1166965,6
1304355,6
1208811,6
1140266,6
1291082,6
1214007,6
1149022,6
1102131,6
1226259,6
1260231,6
1296802,6
1149861,6
1113043,6
1251853,6
1102135,6
1319271,6
1134942,6
1307814,6
1276649,6
1202626,6
1076323,6
1125175,6
1172837,6
1202498,6
1168434,6
1189431,6
1218586,6
1198283,6
1030677,6
1094743,6
1032739,6
1026168,6
1138308,6
1066496,6
1143617,6
1035821,6
1250900,6
1231514,6
1196527,6
1147860,6
1114687,6
1012151,6
1253133,6
1153464,6
1171592,6
1269319,6
1183893,6
1166586,6
1123225,6
1060622,6
1216340,6
1206251,6
1101642,6
1215086,6
1253724,6
1180083,6
1238120,6
1005807,6
1267692,6
1096554,6
1055837,6
1220560,6
1137231,6
1130645,6
1025733,6
1152037,6
1036134,6
1323842,6
1141569,6
1214415,6
1221807,6
1012094,6
1053786,6
1283122,6
1021780,6
1039615,6
1091923,6
1282624,6
1207006,6
1028388,6
1075271,6
1310018,6
1259663,6
1314317,6
1249048,6
1064921,6
1037703,6
1274650,6
1090752,6
1214888,6
1220781,6
1005823,6
1249107,6
1053159,6
1153857,6
1089372,6
1237890,6
1260156,6
1005031,6
1156296,6
1157232,6
1181412,6
1151966,6
1197636,6
1222620,6
1088547,6
1308600,6
1234477,6
1068867,6
1307104,6
1206696,6
1142670,6
1060861,6
1121863,6
1184526,6
1272600,6
1117262,6
1193244,6
1052083,6
1096833,6
1254533,6
1317033,6
1152913,6
1203567,6
1308620,6
1161325,6
1196281,6
1023380,6
1023988,6
1081920,6
1139839,6
1310306,6
1045376,6
1272921,6
1208076,6
1289457,6
1028145,6
1151976,6
1128199,6
1208017,6
1237428,6
1043112,6
1136359,6
1122636,6
1078864,6
1023927,6
1073566,6
1232323,6
1194578,6
1025934,6
1265690,6
1288349,6
1068407,6
1157360,6
1297144,6
1009682,6
1044742,6
1293489,6
1079388,6
1209722,6
1172753,6
1199006,6
1062703,6
1095092,6
1304729,6
1201396,6
1110121,6
1313754,6
1145380,6
1222202,6
1247508,6
1090063,6
1062923,6
1212849,6
1217789,6
1188198,6
1138203,6
1306814,6
1104609,6
1284679,6
1219587,6
1308689,6
1114447,6
1236275,6
1317282,6
1107665,6
1185718,6
1237817,6
1010464,6
1145693,6
1123502,6
1146063,6
1150782,6
1198425,6
1099455,6
1296428,6
1150623,6
1088408,6
1208991,6
1162508,6
1280438,6
1099349,6
1280550,6
1052057,6
1060421,6
1046762,6
1267728,6
1292962,6
1314942,6
1180549,6
1148589,6
1176353,6
1316611,6
1243750,6
1314041,6
1125777,6
1319608,6
1228892,6
1293717,6
1246133,6
1238469,6
1189880,6
1142741,6
1108812,6
1166788,6
1200443,6
1161108,6
1074712,6
1150975,6
1154465,6
1124756,6
1259753,6
1107720,6
1203571,6
1291968,6
1014688,6
1006713,6
1309473,6
1065007,6
1301218,6
1101208,6
1078975,6
1122654,6
1066205,6
1194569,6
1169542,6
1104913,6
1288115,6
1311160,6
1104504,6
1266604,6
1006604,6
1276738,6
1272853,6
1025467,6
1180472,6
1317030,6
1067808,6
1131647,6
1182295,6
1070541,6
1092253,6
1267007,6
1235703,6
1322163,6
1178892,6
1169953,6
1177786,6
1272191,6
1227653,6
1296999,6
1238019,6
1261839,6
1030248,6
1290106,6
1304358,6
1165785,6
1014337,6
1016582,6
1187382,6
1254284,6
1102001,6
1264157,6
1053901,6
1180187,6
1258633,6
1147681,6
1148851,6
1044060,6
1114053,6
1191806,6
1156491,6
1093903,6
1171685,6
1214283,6
1053544,6
1272070,6
1150624,6
1195869,6
1087744,6
1312158,6
1304641,6
1041502,6
1296510,6
1184974,6
1313458,6
1014012,6
1034964,6
1254756,6
1231351,6
1298597,6
1025205,6
1256798,6
1312797,6
1239728,6
1245012,6
1193249,6
1214851,6
1293019,6
1217473,6
1248743,6
1226279,6
1077203,6
1273364,6
1297293,6
1030039,6
1239261,6
1266789,6
1285939,6
1001693,6
1101787,6
1213682,6
1157479,6
1015715,6
1132557,6
1220148,6
1221799,6
1097509,6
1019944,6
1072283,6
1037637,6
1252671,6
1107287,6
1040435,6
1304777,6
1034344,6
1169738,6
1165094,6
1000925,6
1157410,6
1254762,6
1226124,6
1227400,6
1033344,6
1231631,6
1152764,6
1184464,6
1103530,6
1040476,6
1214915,6
1250772,6
1052179,6
1193717,6
1242456,6
1050876,6
1071590,6
1171919,6
1067221,6
1232875,6
1260807,6
1047949,6
1306086,6
1038525,6
1283136,6
1063214,6
1113527,6
1269792,6
1018596,6
1196536,6
1267480,6
1113593,6
1071904,6
1265084,6
1084504,6
1235948,6
1124444,6
1052764,6
1234054,6
1231048,6
1082583,6
1042833,6
1064009,6
1317692,6
1182302,6
1199728,6
1207737,6
1247210,6
1077899,6
1187385,6
1144185,6
1318452,6
1288794,6
1313305,6
1176802,6
1048696,6
1083888,6
1252594,6
1238406,6
1087688,6
1228796,6
1230910,6
1115991,6
1106352,6
1083995,6
1231316,6
1135219,6
1016879,6
1176653,6
1059702,6
1001908,6
1232258,6
1127714,6
1267710,6
1064310,6
1181252,6
1256189,6
1293249,6
1094902,6
1324623,6
1191060,6
1130520,6
1129715,6
1010164,6
1275123,6
1286781,6
1096168,6
1004309,6
1046622,6
1280350,6
1187459,6
1214003,6
1188165,6
1220594,6
1253146,6
1305322,6
1046009,6
1104491,6
1209126,6
1309807,6
1194202,6
1167823,6
1255722,6
1237733,6
1274581,6
1149690,6
1089979,6
1101961,6
1194016,6
1291171,6
1315891,6
1145088,6
1141184,6
1043669,6
1250820,6
1321051,6
1179481,6
1214181,6
1072180,6
1045518,6
1277103,6
1137370,6
1034825,6
1189398,6
1147580,6
1262682,6
1102213,6
1292609,6
1118228,6
1203929,6
1019811,6
1178101,6
1220864,6
1061796,6
1077768,6
1041578,6
1026491,6
1022828,6
1048855,6
1240045,6
1129651,6
1050311,6
1289820,6
1309987,6
1325376,6
1218731,6
1110330,6
1073287,6
1158112,6
1250637,6
1282249,6
1237337,6
1029754,6
1057810,6
1154169,6
1315211,6
1125100,6
1054625,6
1261585,6
1145169,6
1188942,6
1246189,6
1000289,6
1060750,6
1212839,6
1273418,6
1115813,6
1175583,6
1303640,6
1250136,6
1278366,6
1288294,6
1259081,6
1121534,6
1254817,6
1087151,6
1312695,6
1004102,6
1119420,6
1206301,6
1006302,6
1061156,6
1016165,6
1083465,6
1138720,6
1300561,6
1125885,6
1013607,6
1309872,6
1265142,6
1066906,6
1158869,6
1051012,6
1069186,6
1014180,6
1057788,6
1266357,6
1281202,6
1279402,6
1264899,6
1121738,6
1018948,6
1117063,6
1158226,6
1153789,6
1233454,6
1200529,6
1288056,6
1046493,6
1280544,6
1018978,6
1190307,6
1075198,6
1033504,6
1156338,6
1243772,6
1119196,6
1152242,6
1225330,6
1145163,6
1286776,6
1132976,6
1125623,6
1199369,6
1288177,6
1313259,6
1188262,6
1055752,6
1315038,6
1207603,6
1019803,6
1121887,6
1009929,6
1067741,6
1118764,6
1269885,6
1230223,6
1208137,6
1112126,6
1025607,6
1202506,6
1233972,6
1093274,6
1122082,6
1245879,6
1317198,6
1267326,6
1163835,6
1230465,6
1010241,6
1245600,6
1049201,6
1266693,6
1216910,6
1079760,6
1179627,6
1140737,6
1301305,6
1207234,6
1041704,6
1279871,6
1019138,6
1169876,6
1222531,6
1103912,6
1216879,6
1204222,6
1268591,6
1232804,6
1123719,6
1262953,6
1043437,6
1179054,6
1187707,6
1045396,6
1300026,6
1000767,6
1189938,6
1289334,6
1242185,6
1264615,6
1105017,6
1127353,6
1185125,6
1196245,6
1303331,6
1215995,6
1003490,6
1044580,6
1080465,6
1075649,6
1313217,6
1257995,6
1296418,6
1109722,6
1174669,6
1292133,6
1243846,6
1005598,6
1118632,6
1202335,6
1278486,6
1291594,6
1314384,6
1206614,6
1190595,6
1136669,6
1143890,6
1199676,6
1290477,6
1086434,6
1002609,6
1048204,6
1287442,6
1102449,6
1078725,6
1239271,6
1298642,6
1207347,6
1157944,6
1154789,6
1197944,6
1261679,6
1165144,6
1133772,6
1089286,6
1148995,6
1008769,6
1079779,6
1050446,6
1298819,6
1220004,6
1254733,6
1208062,6
1147510,6
1027541,6
1090653,6
1306479,6
1069725,6
1148249,6
1107986,6
1273333,6
1273887,6
1288731,6
1005547,6
1323767,6
1195844,6
1087902,6
1004090,6
1128288,6
1248130,6
1087941,6
1068116,6
1301662,6
1294132,6
1063768,6
1318729,6
1164641,6
1283895,6
1129687,6
1313258,6
1059397,6
1042358,6
1323035,6
1141124,6
1264161,6
1019228,6
1175544,6
1107122,6
1225953,6
1031312,6
1304188,6
1286612,6
1049785,6
1218211,6
1136848,6
1217505,6
1268805,6
1310019,6
1281409,6
1306968,6
1070164,6
1186468,6
1205693,6
1175301,6
1207167,6
1281790,6
1023004,6
1063790,6
1306629,6
1289287,6
1041733,6
1079523,6
1254735,6
1307679,6
1119363,6
1230235,6
1154586,6
1277410,6
1311968,6
1099552,6
1267730,6
1275154,6
1091264,6
1141713,6
1315240,6
1118651,6
1238782,6
1226399,6
1239802,6
1122134,6
1072465,6
1127616,6
1046350,6
1153500,6
1278421,6
1254137,6
1014608,6
1311524,6
1148400,6
1305742,6
1058079,6
1178116,6
1032870,6
1180758,6
1245231,6
1275802,6
1283745,6
1219967,6
1104880,6
1285775,6
1076974,6
1146465,6
1238810,6
1134363,6
1176449,6
1101888,6
1150815,6
1158544,6
1172161,6
1097532,6
1090270,6
1261414,6
1163157,6
1075511,6
1168999,6
1318822,6
1183520,6
1231245,6
1083580,6
1277251,6
1082751,6
1273091,6
1029882,6
1183118,6
1294908,6
1071801,6
1091400,6
1064843,6
1176312,6
1273966,6
1033464,6
1189037,6
1238200,6
1272577,6
1225444,6
1231249,6
1311935,6
1069569,6
1182894,6
1239930,6
1073078,6
1212599,6
1209211,6
1182465,6
1045721,6
1236117,6
1253042,6
1108924,6
1139220,6
1165830,6
1271633,6
1026402,6
1135816,6
1105108,6
1058067,6
1125201,6
1138615,6
1302625,6
1120942,6
1021985,6
1286503,6
1241282,6
1262687,6
1032020,6
1142710,6
1168496,6
1297865,6
1277775,6
1055139,6
1057964,6
1083560,6
1032951,6
1098420,6
1109604,6
1008714,6
1111994,6
1083714,6
1058459,6
1004504,6
1042379,6
1199977,6
1048196,6
1093240,6
1250213,6
1056714,6
1015350,6
1231197,6
1273561,6
1186839,6
1029763,6
1199317,6
1231033,6
1099493,6
1219784,6
1172589,6
1218949,6
1064149,6
1125511,6
1256473,6
1121408,6
1041100,6
1190837,6
1261817,6
1042690,6
1077252,6
1157265,6
1074653,6
1055352,6
1194785,6
1127152,6
1270913,6
1290537,6
1163576,6
1302851,6
1221051,6
1138441,6
1211553,6
1051741,6
1296663,6
1201772,6
1054243,6
1306219,6
1004221,6
1200248,6
1261258,6
1159455,6
1029061,6
1067121,6
1190187,6
1306350,6
1209589,6
1221896,6
1103536,6
1198338,6
1323225,6
1091536,6
1169050,6
1305486,6
1096562,6
1014049,6
1042432,6
1176533,6
1070475,6
1112175,6
1103523,6
1260746,6
1269868,6
1164615,6
1161602,6
1170886,6
1189143,6
1020189,6
1141090,6
1106362,6
1169342,6
1291765,6
1262094,6
1151777,6
1223016,6
1077224,6
1069063,6
1277850,6
1054860,6
1313181,6
1128755,6
1239556,6
1096763,6
1063173,6
1059629,6
1086805,6
1211664,6
1241194,6
1035161,6
1188030,6
1274984,6
1130279,6
1068925,6
1185943,6
1247771,6
1316310,6
1165799,6
1262020,6
1068823,6
1044268,6
1242184,6
1207121,6
1124652,6
1220019,6
1108626,6
1145517,6
1207049,6
1293718,6
1253651,6
1055824,6
1177913,6
1204196,6
1036208,6
1081394,6
1125920,6
1067836,6
1077759,6
1273097,6
1299624,6
1078391,6
1322298,6
1278160,6
1190058,6
1211655,6
1017451,6
1166244,6
1137046,6
1087333,6
1121895,6
1067972,6
1180108,6
1252268,6
1300414,6
1081207,6
1321625,6
1023265,6
1028052,6
1051328,6
1298438,6
1027141,6
1016192,6
1139200,6
1264986,6
1091854,6
1249999,6
1279441,6
1138222,6
1246777,6
1280210,6
1204842,6
1218907,6
1146048,6
1035057,6
1095202,6
1189756,6
1225065,6
1208672,6
1028905,6
1173105,6
1089700,6
1162538,6
1037858,6
1215385,6
1107552,6
1035289,6
1069468,6
1198823,6
1203463,6
1135487,6
1189356,6
1167278,6
1149715,6
1144638,6
1082530,6
1128313,6
1255749,6
1025545,6
1062697,6
1163112,6
1058688,6
1292232,6
1191217,6
1101739,6
1010126,6
1044970,6
1232445,6
1184442,6
1232037,6
1245948,6
1180133,6
1191912,6
1263931,6
1205193,6
1275663,6
1310232,6
1215594,6
1300829,6
1233603,6
1025196,6
1296486,6
1091876,6
1162897,6
1128669,6
1221229,6
1292697,6
1128708,6
1168437,6
1150134,6
1191089,6
1176879,6
1005847,6
1128269,6
1075460,6
1098261,6
1142597,6
1140353,6
1280819,6
1273905,6
1095107,6
1093548,6
1165395,6
1260630,6
1199981,6
1113876,6
1316609,6
1052551,6
1104118,6
1158059,6
1062009,6
1256629,6
1085058,6
1269023,6
1131316,6
1241767,6
1203050,6
1088812,6
1107368,6
1131600,6
1279592,6
1233558,6
1042488,6
1258905,6
1080021,6
1071859,6
1272034,6
1231240,6
1121556,6
1068345,6
1015515,6
1318521,6
1232263,6
1211743,6
1188699,6
1248197,6
1315367,6
1171174,6
1021975,6
1024311,6
1076908,6
1108396,6
1053656,6
1297168,6
1120958,6
1175470,6
1067206,6
1136610,6
1062376,6
1124542,6
1211577,6
1035612,6
1269253,6
1299616,6
1124240,6
1190782,6
1196771,6
1280921,6
1007771,6
1289331,6
1079416,6
1266238,6
1305319,6
1151961,6
1289080,6
1316898,6
1143203,6
1172135,6
1201001,6
1244769,6
1129970,6
1058313,6
1133371,6
1002516,6
1128023,6
1006239,6
1215896,6
1079216,6
1284397,6
1259592,6
1234210,6
1128524,6
1302215,6
1259141,6
1233601,6
1087830,6
1303300,6
1162959,6
1082490,6
1026775,6
1242213,6
1038630,6
1164983,6
1194961,6
1292478,6
1306007,6
1099581,6
1201770,6
1190516,6
1113702,6
1251353,6
1260068,6
1186109,6
1250458,6
1169753,6
1293708,6
1069910,6
1102126,6
1111547,6
1229750,6
1072402,6
1264963,6
1212046,6
1014390,6
1127781,6
1279764,6
1122256,6
1222386,6
1202441,6
1044555,6
1073158,6
1123704,6
1318590,6
1164285,6
1150523,6
1153723,6
1281129,6
1081569,6
1214344,6
1145848,6
1279111,6
1133256,6
1140099,6
1050351,6
1052810,6
1293500,6
1297899,6
1138340,6
1035714,6
1193532,6
1041617,6
1077750,6
1180352,6
1176483,6
1164043,6
1213219,6
1178390,6
1269598,6
1291764,6
1025866,6
1280868,6
1282359,6
1181598,6
1292279,6
1188207,6
1202696,6
1319040,6
1077135,6
1181665,6
1072705,6
1032528,6
1012068,6
1076530,6
1237546,6
1325290,6
1043475,6
1133117,6
1050453,6
1068135,6
1284364,6
1321647,6
1090512,6
1248773,6
1179796,6
1016587,6
1233350,6
1030638,6
1005200,6
1167528,6
1277459,6
1224798,6
1231295,6
1102547,6
1322665,6
1220181,6
1253388,6
1253043,6
1177743,6
1094885,6
1213375,6
1038636,6
1244512,6
1236383,6
1209894,6
1158815,6
1315652,6
1081221,6
1185024,6
1137210,6
1107363,6
1215392,6
1112904,6
1091731,6
1294887,6
1232951,6
1151230,6
1034416,6
1046810,6
1008665,6
1283129,6
1036476,6
1097358,6
1100066,6
1131516,6
1027485,6
1185165,6
1249515,6
1289306,6
1195184,6
1061192,6
1097364,6
1237356,6
1235654,6
1141871,6
1133997,6
1220211,6
1221984,6
1248900,6
1165164,6
1067415,6
1216850,6
1318463,6
1220737,6
1229611,6
1212810,6
1031769,6
1119807,6
1159284,6
1206896,6
1259478,6
1232584,6
1018094,6
1059040,6
1165977,6
1080379,6
1212946,6
1316628,6
1103854,6
1226888,6
1282852,6
1202348,6
1223201,6
1281623,6
1006625,6
1275664,6
1125510,6
1167954,6
1111507,6
1067088,6
1021325,6
1311473,6
1092255,6
1038822,6
1201755,6
1140117,6
1192783,6
1248860,6
1218737,6
1126269,6
1237270,6
1012357,6
1251960,6
1243763,6
1180450,6
1252647,6
1107897,6
1021512,6
1020908,6
1114217,6
1179315,6
1209733,6
1094645,6
1058518,6
1085860,6
1059229,6
1096906,6
1007947,6
1066103,6
1207181,6
1251430,6
1083399,6
1265841,6
1048941,6
1194932,6
1187778,6
1121071,6
1245833,6
1240688,6
1227050,6
1287400,6
1211895,6
1087113,6
1295143,6
1017420,6
1095658,6
1290903,6
1003358,6
1139400,6
1065482,6
1071332,6
1099188,6
1080499,6
1178492,6
1310913,6
1231564,6
1033116,6
1165173,6
1302887,6
1193220,6
1043361,6
1237803,6
1039376,6
1182235,6
1289200,6
1283041,6
1227753,6
1022082,6
1193296,6
1161294,6
1049294,6
1259491,6
1182324,6
1103542,6
1028829,6
1160591,6
1126558,6
1117974,6
1060151,6
1060860,6
1022912,6
1085948,6
1097607,6
1049580,6
1059813,6
1138352,6
1150669,6
1107656,6
1115982,6
1307221,6
1185667,6
1305590,6
1091414,6
1101602,6
1227638,6
1101355,6
1279086,6
1130453,6
1068635,6
1057516,6
1169928,6
1250159,6
1286805,6
1027478,6
1024550,6
1149361,6
1028705,6
1293504,6
1306072,6
1224149,6
1135396,6
1290734,6
1216710,6
1248055,6
1056061,6
1136535,6
1038348,6
1207689,6
1171815,6
1067536,6
1089608,6
1061053,6
1214953,6
1101747,6
1199666,6
1057309,6
1020480,6
1240821,6
1058048,6
1060915,6
1250550,6
1081796,6
1237792,6
1272143,6
1160314,6
1015105,6
1056744,6
1034907,6
1044879,6
1256608,6
1107654,6
1202890,6
1004529,6
1230439,6
1002143,6
1278191,6
1255743,6
1074702,6
1183536,6
1103478,6
1097171,6
1257780,6
1247903,6
1063929,6
1050667,6
1040475,6
1120483,6
1129090,6
1167704,6
1181173,6
1262737,6
1207580,6
1180679,6
1101134,6
1171768,6
1207561,6
1244865,6
1217585,6
1119584,6
1006909,6
1274785,6
1122200,6
1115695,6
1196243,6
1068826,6
1072931,6
1314171,6
1136209,6
1314777,6
1131696,6
1254264,6
1179670,6
1125264,6
1181336,6
1087306,6
1002522,6
1169967,6
1305534,6
1253875,6
1302848,6
1199183,6
1310687,6
1030825,6
1266351,6
1046822,6
1314035,6
1096238,6
1133555,6
1187372,6
1229163,6
1164185,6
1079822,6
1260796,6
1028049,6
1227639,6
1015594,6
1261272,6
1086446,6
1021319,6
1141785,6
1117968,6
1231583,6
1212996,6
1316509,6
1151563,6
1093072,6
1231418,6
1192686,6
1027549,6
1158426,6
1317658,6
1295981,6
1131771,6
1287406,6
1274140,6
1278261,6
1054033,6
1228495,6
1198925,6
1042159,6
1283199,6
1272668,6
1045582,6
1118902,6
1256156,6
1235710,6
1319136,6
1260383,6
1023340,6
1071678,6
1186901,6
1093394,6
1070426,6
1074315,6
1246228,6
1216627,6
1046960,6
1118808,6
1277495,6
1268574,6
1112492,6
1173002,6
1018724,6
1169509,6
1203075,6
1192077,6
1067882,6
1003750,6
1226015,6
1289924,6
1074474,6
1057629,6
1029024,6
1287949,6
1190891,6
1216656,6
1066964,6
1062747,6
1070540,6
1088041,6
1269027,6
1233278,6
1042751,6
1246117,6
1295978,6
1112362,6
1046300,6
1212423,6
1145075,6
1010625,6
1003078,6
1200659,6
1207062,6
1267361,6
1209876,6
1241267,6
1051998,6
1323388,6
1200658,6
1155036,6
1246460,6
1296669,6
1088114,6
1171752,6
1095268,6
1094127,6
1273474,6
1193953,6
1222727,6
1094539,6
1070038,6
1227462,6
1098806,6
1087124,6
1183929,6
1212894,6
1066463,6
1079352,6
1194636,6
1108437,6
1077369,6
1256233,6
1213933,6
1228052,6
1322186,6
1146714,6
1192547,6
1294385,6
1136933,6
1149280,6
1075317,6
1030507,6
1290780,6
1174035,6
1249240,6
1288917,6
1115554,6
1311198,6
1137034,6
1186973,6
1021678,6
1042320,6
1013560,6
1125593,6
1113766,6
1017985,6
1217617,6
1309182,6
1026260,6
1185582,6
1062247,6
1048003,6
1214857,6
1173818,6
1109763,6
1056557,6
1069995,6
1166481,6
1073614,6
1197301,6
1092809,6
1059289,6
1259100,6
1236714,6
1209973,6
1147282,6
1050093,6
1113560,6
1312065,6
1146456,6
1303837,6
1252696,6
1004465,6
1129722,6
1286909,6
1045955,6
1004244,6
1246519,6
1057014,6
1294763,6
1284923,6
1164079,6
1010333,6
1155902,6
1012483,6
1245998,6
1179698,6
1230544,6
1201780,6
1104650,6
1239421,6
1040366,6
1114767,6
1126935,6
1267982,6
1118580,6
1091891,6
1095328,6
1205528,6
1244928,6
1203009,6
1062535,6
1116314,6
1256020,6
1318273,6
1153839,6
1000868,6
1190930,6
1251026,6
1281404,6
1127955,6
1153726,6
1305919,6
1097683,6
1133186,6
1228723,6
1009329,6
1312452,6
1228601,6
1126560,6
1168843,6
1099641,6
1110408,6
1182358,6
1306746,6
1058423,6
1229018,6
1229623,6
1283637,6
1242901,6
1124893,6
1081590,6
1141615,6
1225311,6
1217866,6
1305762,6
1207470,6
1126295,6
1053514,6
1009243,6
1052387,6
1316616,6
1003330,6
1182932,6
1160653,6
1021164,6
1071741,6
1286392,6
1316811,6
1150866,6
1246422,6
1212986,6
1221737,6
1054133,6
1255543,6
1116469,6
1254268,6
1005725,6
1086354,6
1301978,6
1133134,6
1033159,6
1041670,6
1034532,6
1254142,6
1008732,6
1080258,6
1186966,6
1256330,6
1212422,6
1197526,6
1087428,6
1161914,6
1268717,6
1322532,6
1207728,6
1064063,6
1137291,6
1045210,6
1192527,6
1231906,6
1049109,6
1105430,6
1146631,6
1049804,6
1198699,6
1234872,6
1317037,6
1080681,6
1083350,6
1311079,6
1294366,6
1026817,6
1116235,6
1130707,6
1324979,6
1004593,6
1080448,6
1028314,6
1061425,6
1042102,6
1263502,6
1296071,6
1222320,6
1088670,6
1156664,6
1062399,6
1291415,6
1218035,6
1218918,6
1228312,6
1311620,6
1200129,6
1252108,6
1038154,6
1143307,6
1012704,6
1084755,6
1094497,6
1203100,6
1134985,6
1144099,6
1102596,6
1110517,6
1263635,6
1286323,6
1163377,6
1079824,6
1222710,6
1111265,6
1188872,6
1091967,6
1040846,6
1113514,6
1098282,6
1112696,6
1023397,6
1139539,6
1185443,6
1010980,6
1119304,6
1163635,6
1273204,6
1169392,6
1001108,6
1261086,6
1088288,6
1132939,6
1214307,6
1082296,6
1204735,6
1132684,6
1253312,6
1192233,6
1168950,6
1109341,6
1170983,6
1098535,6
1089499,6
1005836,6
1169354,6
1135007,6
1197913,6
1185639,6
1144114,6
1059970,6
1172040,6
1315298,6
1059980,6
1299156,6
1152106,6
1254930,6
1210275,6
1118261,6
1142292,6
1044901,6
1244394,6
1130852,6
1085012,6
1125382,6
1107208,6
1325154,6
1317281,6
1296257,6
1081902,6
1172247,6
1184589,6
1269001,6
1239340,6
1147511,6
1193177,6
1066270,6
1127870,6
1193002,6
1027266,6
1184261,6
1071756,6
1019080,6
1182957,6
1169212,6
1194455,6
1260917,6
1142968,6
1126358,6
1255807,6
1233213,6
1197494,6
1058211,6
1310775,6
1172450,6
1286446,6
1090894,6
1194063,6
1199486,6
1128322,6
1048209,6
1174781,6
1301136,6
1249296,6
1054192,6
1219168,6
1276933,6
1269590,6
1025232,6
1282970,6
1200786,6
1307536,6
1012641,6
1227105,6
1324118,6
1182733,6
1254949,6
1231534,6
1285618,6
1044679,6
1145775,6
1102574,6
1012988,6
1034969,6
1030812,6
1027872,6
1106239,6
1247875,6
1149603,6
1276806,6
1296653,6
1016126,6
1210026,6
1286143,6
1257731,6
1180656,6
1264767,6
1272948,6
1318074,6
1051028,6
1132210,6
1300795,6
1212363,6
1154867,6
1321950,6
1317184,6
1108025,6
1232343,6
1217645,6
1217546,6
1060298,6
1278637,6
1237721,6
1142849,6
1058151,6
1262032,6
1272331,6
1319965,6
1295712,6
1273990,6
1287649,6
1073145,6
1054810,6
1109259,6
1239335,6
1281608,6
1216876,6
1281022,6
1049131,6
1176329,6
1269554,6
1138461,6
1183470,6
1007308,6
1030929,6
1231562,6
1277605,6
1260861,6
1150806,6
1044851,6
1292733,6
1114713,6
1219646,6
1005757,6
1311069,6
1167464,6
1300016,6
1220869,6
1319183,6
1085638,6
1208877,6
1182083,6
1182469,6
1076694,6
1305703,6
1120615,6
1114727,6
1071396,6
1115934,6
1029203,6
1064167,6
1315835,6
1066670,6
1285725,6
1274013,6
1302901,6
1073093,6
1252798,6
1001504,6
1225550,6
1072996,6
1063728,6
1173437,6
1003269,6
1242429,6
1196647,6
1079351,6
1058858,6
1150262,6
1089434,6
1325055,6
1234627,6
1175938,6
1095230,6
1235434,6
1171539,6
1260123,6
1048563,6
1275510,6
1229881,6
1215457,6
1043054,6
1283328,6
1220126,6
1273540,6
1249819,6
1157439,6
1020617,6
1173412,6
1058212,6
1203422,6
1200000,6
1274940,6
1258419,6
1042704,6
1253024,6
1272563,6
1035401,6
1121251,6
1079154,6
1127863,6
1114462,6
1063504,6
1209936,6
1320546,6
1222587,6
1110792,6
1100272,6
1020225,6
1061064,6
1005640,6
1250984,6
1155574,6
1140458,6
1274144,6
1140306,6
1023306,6
1297950,6
1100448,6
1181942,6
1289030,6
1289912,6
1147651,6
1214545,6
1111935,6
1083575,6
1269670,6
1314262,6
1150626,6
1134667,6
1274919,6
1062058,6
1053503,6
1209532,6
1227736,6
1276979,6
1219684,6
1049810,6
1154144,6
1260217,6
1179769,6
1219562,6
1316146,6
1002024,6
1156785,6
1144013,6
1141958,6
1118314,6
1051639,6
1204937,6
1191437,6
1077350,6
1301015,6
1113039,6
1277457,6
1253614,6
1143842,6
1308508,6
1130838,6
1062931,6
1009360,6
1034673,6
1149862,6
1250860,6
1164199,6
1104279,6
1316673,6
1234417,6
1034330,6
1003305,6
1005802,6
1276507,6
1211620,6
1229326,6
1262269,6
1106769,6
1126858,6
1238759,6
1205171,6
1134732,6
1212200,6
1100350,6
1244089,6
1194483,6
1242842,6
1028838,6
1098335,6
1063273,6
1081944,6
1145393,6
1291135,6
1214520,6
1034841,6
1233938,6
1108001,6
1314063,6
1288786,6
1047475,6
1030528,6
1172445,6
1265822,6
1160501,6
1175026,6
1270385,6
1145769,6
1292594,6
1182565,6
1199487,6
1133728,6
1050285,6
1197495,6
1031413,6
1018897,6
1260939,6
1042122,6
1296892,6
1315794,6
1168043,6
1233404,6
1258321,6
1262664,6
1186308,6
1269688,6
1175022,6
1193781,6
1002401,6
1084036,6
1310859,6
1204092,6
1104717,6
1047456,6
1127827,6
1145301,6
1059358,6
1066380,6
1237728,6
1295215,6
1171434,6
1161539,6
1057478,6
1128136,6
1258899,6
1272378,6
1300370,6
1122700,6
1086089,6
1017487,6
1091248,6
1059204,6
1020735,6
1022541,6
1300640,6
1255178,6
1221574,6
1219446,6
1020136,6
1284097,6
1049329,6
1153286,6
1189183,6
1285580,6
1305215,6
1068634,6
1276145,6
1106309,6
1212221,6
1022744,6
1038820,6
1185412,6
1091076,6
1026736,6
1061464,6
1101026,6
1136295,6
1064815,6
1031813,6
1164474,6
1113506,6
1252349,6
1151227,6
1201258,6
1227730,6
1216377,6
1023354,6
1082216,6
1014057,6
1030814,6
1154695,6
1192684,6
1258566,6
1024881,6
1071223,6
1131333,6
1301544,6
1255750,6
1120372,6
1110588,6
1152175,6
1083631,6
1231056,6
1221618,6
1028501,6
1090837,6
1192096,6
1148210,6
1052218,6
1295451,6
1142966,6
1099960,6
1029006,6
1233533,6
1254239,6
1205014,6
1026467,6
1255925,6
1208396,6
1057753,6
1024022,6
1125633,6
1130347,6
1009913,6
1277124,6
1186755,6
1297660,6
1135235,6
1194181,6
1108968,6
1266756,6
1128460,6
1284602,6
1087816,6
1048203,6
1033435,6
1065058,6
1169695,6
1099179,6
1019072,6
1231953,6
1235678,6
1110642,6
1210763,6
1178670,6
1312759,6
1274180,6
1236242,6
1276562,6
1148595,6
1102840,6
1150173,6
1209286,6
1256533,6
1130608,6
1176066,6
1260159,6
1019151,6
1038326,6
1310223,6
1284909,6
1097722,6
1294031,6
1214556,6
1317451,6
1046784,6
1219262,6
1104777,6
1112316,6
1049098,6
1260676,6
1057122,6
1207188,6
1060932,6
1026709,6
1006985,6
1186798,6
1082099,6
1249255,6
1276042,6
1304612,6
1262069,6
1221916,6
1262767,6
1005117,6
1000037,6
1280936,6
1029377,6
1273749,6
1005503,6
1223590,6
1060635,6
1261666,6
1223622,6
1276188,6
1093495,6
1263152,6
1152985,6
1290202,6
1070202,6
1119010,6
1050193,6
1050931,6
1154311,6
1076620,6
1023108,6
1296832,6
1077735,6
1198542,6
1237515,6
1317640,6
1149800,6
1239697,6
1204161,6
1193737,6
1017222,6
1255101,6
1211999,6
1074080,6
1086240,6
1160618,6
1010417,6
1218835,6
1199751,6
1269550,6
1143440,6
1158241,6
1130712,6
1174878,6
1065379,6
1272870,6
1154870,6
1225624,6
1107949,6
1165782,6
1321754,6
1128013,6
1100418,6
1167355,6
1170976,6
1236697,6
1001077,6
1233460,6
1004323,6
1121490,6
1266099,6
1292044,6
1084227,6
1177323,6
1007354,6
1318984,6
1106633,6
1039798,6
1046155,6
1040470,6
1118477,6
1056752,6
1282882,6
1312639,6
1078288,6
1163277,6
1176041,6
1239198,6
1044892,6
1078358,6
1292601,6
1203820,6
1133389,6
1062677,6
1023725,6
1229917,6
1165755,6
1247546,6
1131891,6
1215253,6
1102469,6
1203756,6
1241090,6
1248191,6
1030222,6
1321389,6
1074676,6
1039328,6
1169446,6
1184603,6
1052718,6
1139354,6
1007394,6
1043293,6
1117040,6
1016267,6
1139472,6
1218421,6
1160320,6
1202731,6
1172451,6
1065965,6
1321068,6
1000665,6
1229140,6
1270233,6
1017872,6
1113046,6
1271407,6
1313550,6
1012959,6
1234154,6
1200100,6
1110692,6
1004445,6
1151330,6
1263063,6
1126800,6
1148092,6
1165111,6
1165969,6
1014122,6
1162518,6
1290824,6
1010430,6
1209091,6
1320435,6
1080320,6
1090133,6
1091336,6
1268383,6
1101835,6
1043481,6
1014478,6
1178460,6
1207118,6
1167393,6
1206664,6
1108748,6
1270024,6
1257680,6
1289072,6
1251305,6
1235789,6
1226565,6
1199133,6
1124387,6
1078741,6
1135430,6
1012246,6
1318427,6
1308329,6
1008942,6
1001239,6
1154622,6
1006367,6
1061481,6
1175451,6
1316543,6
1108817,6
1234707,6
1094977,6
1289113,6
1190971,6
1033532,6
1249673,6
1254896,6
1313960,6
1241597,6
1013902,6
1193973,6
1133626,6
1100980,6
1120395,6
1281882,6
1055648,6
1194109,6
1178833,6
1277528,6
1170050,6
1002242,6
1228745,6
1085857,6
1184991,6
1228656,6
1156639,6
1090734,6
1267236,6
1296359,6
1106418,6
1128652,6
1262317,6
1234123,6
1020890,6
1324141,6
1296466,6
1157056,6
1016703,6
1209132,6
1119721,6
1041207,6
1225000,6
1180386,6
1089878,6
1222249,6
1196607,6
1153546,6
1297949,6
1258570,6
1160373,6
1274501,6
1154121,6
1308198,6
1126969,6
1109510,6
1272170,6
1247573,6
1302505,6
1258077,6
1185039,6
1151727,6
1068517,6
1247570,6
1243645,6
1270018,6
1168079,6
1145469,6
1099924,6
1217233,6
1177021,6
1160626,6
1045889,6
1297548,6
1270849,6
1275514,6
1041806,6
1002425,6
1131241,6
1283836,6
1285193,6
1095585,6
1030247,6
1164554,6
1225640,6
1311818,6
1096923,6
1090527,6
1263919,6
1184793,6
1167522,6
1260168,6
1089329,6
1222590,6
1304147,6
1125738,6
1019047,6
1279452,6
1084605,6
1051493,6
1297292,6
1231553,6
1166817,6
1236046,6
1007671,6
1111442,6
1173060,6
1080240,6
1028307,6
1058545,6
1074758,6
1228528,6
1001420,6
1237692,6
1192107,6
1178285,6
1174902,6
1298742,6
1289008,6
1165516,6
1261564,6
1206988,6
1306599,6
1157023,6
1149184,6
1104661,6
1218564,6
1243335,6
1062379,6
1184381,6
1210438,6
1250265,6
1212012,6
1123402,6
1196814,6
1096702,6
1209537,6
1305952,6
1240362,6
1188805,6
1077617,6
1087990,6
1284313,6
1320284,6
1213900,6
1067663,6
1233322,6
1024215,6
1131476,6
1225397,6
1039965,6
1239454,6
1139817,6
1214504,6
1260263,6
1038626,6
1233351,6
1090716,6
1015187,6
1172923,6
1205924,6
1227636,6
1228636,6
1029392,6
1258722,6
1149195,6
1264253,6
1310467,6
1255707,6
1025299,6
1166390,6
1099386,6
1167273,6
1051602,6
1001233,6
1243727,6
1099490,6
1258257,6
1278298,6
1084574,6
1284577,6
1098235,6
1235492,6
1212995,6
1194965,6
1181768,6
1299270,6
1284095,6
1116750,6
1308871,6
1006789,6
1324347,6
1246675,6
1166262,6
1269034,6
1204093,6
1107718,6
1213420,6
1260580,6
1294958,6
1129128,6
1282873,6
1054477,6
1165827,6
1110799,6
1018239,6
1016219,6
1124785,6
1288408,6
1079789,6
1082201,6
1221028,6
1028791,6
1061648,6
1309451,6
1050100,6
1194929,6
1265417,6
1250121,6
1002027,6
1296463,6
1050042,6
1251368,6
1206392,6
1319763,6
1258394,6
1076181,6
1014388,6
1063847,6
1057946,6
1106657,6
1142876,6
1211399,6
1043500,6
1154516,6
1175327,6
1244697,6
1117761,6
1301942,6
1264693,6
1280070,6
1115662,6
1054018,6
1181785,6
1151945,6
1288096,6
1150938,6
1192621,6
1117252,6
1022439,6
1258043,6
1012286,6
1139787,6
1068904,6
1308696,6
1264928,6
1083346,6
1293409,6
1224708,6
1053937,6
1257336,6
1105613,6
1252049,6
1224168,6
1199710,6
1099421,6
1274827,6
1013329,6
1082870,6
1022340,6
1124879,6
1251150,6
1217321,6
1191458,6
1178408,6
1020699,6
1196842,6
1248228,6
1021183,6
1320894,6
1052038,6
1279348,6
1083747,6
1203765,6
1117433,6
1182123,6
1219766,6
1100159,6
1291703,6
1172689,6
1184110,6
1250830,6
1035966,6
1308265,6
1081197,6
1122975,6
1268345,6
1075458,6
1310135,6
1168556,6
1019959,6
1099042,6
1081169,6
1228329,6
1012442,6
1152689,6
1175499,6
1158714,6
1188151,6
1233067,6
1160765,6
1197231,6
1261358,6
1325385,6
1023019,6
1036210,6
1026640,6
1127467,6
1181851,6
1057438,6
1282265,6
1309794,6
1293748,6
1009986,6
1311994,6
1279338,6
1026936,6
1144589,6
1133603,6
1211592,6
1311657,6
1077133,6
1287582,6
1080033,6
1145658,6
1041111,6
1141974,6
1303572,6
1002208,6
1020455,6
1173444,6
1061719,6
1245657,6
1043796,6
1221342,6
1203283,6
1209979,6
1168882,6
1312268,6
1004581,6
1145839,6
1143314,6
1051107,6
1112831,6
1293316,6
1010483,6
1092168,6
1099523,6
1111389,6
1202129,6
1035881,6
1102432,6
1012020,6
1225329,6
1238532,6
1176866,6
1014150,6
1186311,6
1035302,6
1091531,6
1003442,6
1271370,6
1037561,6
1130883,6
1145582,6
1290238,6
1279449,6
1324139,6
1061988,6
1146886,6
1127270,6
1128417,6
1118085,6
1063533,6
1142129,6
1164221,6
1069991,6
1136356,6
1217045,6
1305606,6
1239588,6
1084684,6
1007021,6
1269484,6
1276242,6
1069687,6
1247593,6
1281396,6
1020922,6
1180728,6
1079617,6
1237471,6
1175216,6
1158874,6
1007372,6
1141630,6
1021601,6
1006448,6
1203579,6
1136339,6
1067587,6
1118208,6
1153996,6
1260722,6
1038054,6
1138616,6
1185990,6
1003505,6
1311297,6
1136263,6
1313479,6
1167494,6
1217366,6
1138370,6
1093768,6
1186121,6
1125134,6
1232306,6
1220637,6
1148457,6
1315911,6
1148419,6
1118855,6
1257193,6
1293624,6
1285397,6
1229829,6
1070833,6
1030384,6
1027777,6
1119742,6
1308931,6
1001919,6
1074674,6
1063097,6
1278545,6
1138464,6
1151322,6
1128580,6
1321747,6
1287827,6
1204553,6
1071671,6
1221682,6
1136780,6
1066216,6
1281082,6
1020335,6
1112762,6
1095576,6
1041657,6
1008737,6
1237435,6
1304027,6
1059103,6
1066147,6
1157170,6
1031023,6
1209448,6
1066702,6
1320203,6
1210847,6
1057759,6
1244638,6
1219634,6
1155672,6
1262980,6
1055786,6
1082392,6
1027075,6
1266220,6
1245071,6
1270791,6
1076265,6
1306053,6
1314367,6
1120145,6
1142072,6
1315605,6
1231899,6
1243103,6
1051397,6
1256652,6
1273798,6
1318461,6
1289897,6
1301710,6
1014452,6
1148623,6
1309819,6
1216456,6
1307462,6
1303212,6
1214974,6
1200096,6
1153886,6
1069241,6
1006308,6
1032481,6
1165270,6
1200882,6
1182056,6
1106116,6
1084289,6
1223251,6
1165679,6
1188177,6
1116386,6
1134803,6
1278441,6
1173773,6
1257290,6
1147727,6
1207474,6
1066637,6
1110878,6
1229644,6
1096101,6
1177234,6
1172382,6
1163077,6
1107158,6
1321550,6
1095797,6
1114360,6
1104180,6
1088575,6
1262297,6
1325097,6
1035223,6
1270847,6
1166907,6
1324579,6
1143145,6
1241895,6
1232757,6
1073932,6
1191967,6
